Term,Coefficient
ch1_peakfreq^3,5.963605835579008
ch1_skew^2 ch2_zcr,-5.004807686135773
angle_p2p^3,4.658296152167103
ch1_energy ch2_skew^2,4.427823172459382
ch1_std ch2_skew^2,4.214194631308838
ch1_rms ch2_skew^2,4.214194581260991
ch2_mean^2 ch2_zcr,-4.02187961892295
ch1_energy ch2_peakfreq^2,4.010734091425675
ch1_skew^2 ch2_meanfreq,-3.9657493997350555
ch1_skew^2 exercise,3.8137901997337496
ch2_mean hand_length set_type,3.7748777246616823
ch2_mean^2 ch2_meanfreq,-3.7241883072260604
ch1_skew^2 ch2_kurt,-3.639224907609733
ch1_std ch2_peakfreq^2,3.631266279763309
ch1_rms ch2_peakfreq^2,3.6312662756834495
ch1_skew^2,3.5752849831714526
ch1_energy ch1_peakfreq^2,3.543918304212608
angle_std angle_p2p^2,3.516702660060219
ch1_std angle_min^2,3.488104307239287
ch1_rms angle_min^2,3.48810430587668
ch1_std ch2_mean^2,3.4640796659848316
ch1_rms ch2_mean^2,3.46407965829967
ch1_std set_type^2,3.444138737323036
ch1_std exercise^2,3.444138737323036
ch1_std,3.444138737322995
ch1_rms set_type^2,3.444138732509797
ch1_rms exercise^2,3.444138732509797
ch1_rms,3.4441387325097104
ch1_skew^2 angle_min,-3.434637048988632
ch1_std angle_min exercise,-3.4340248680600136
ch1_rms angle_min exercise,-3.434024865495763
ch1_std hand_length^2,3.4234230938672585
ch1_rms hand_length^2,3.4234230749829146
ch1_energy angle_min^2,3.382202834569481
ch2_mean^2 exercise,3.379997303128476
ch1_energy ch2_skew hand_length,-3.3789308768644704
ch1_std age^2,3.337848020821781
ch1_rms age^2,3.3378480073006034
ch1_std angle_mean angle_min,3.273764938844473
ch1_rms angle_mean angle_min,3.273764938618023
ch1_std ch2_meanfreq^2,3.2662868815441426
ch1_rms ch2_meanfreq^2,3.2662868751632153
ch1_energy angle_min exercise,-3.2603600601834377
ch1_std angle_mean exercise,-3.217874804690152
ch1_rms angle_mean exercise,-3.2178748037985407
ch1_energy,3.1891274224251447
ch1_energy set_type^2,3.189127422425129
ch1_energy exercise^2,3.189127422425129
ch1_energy angle_mean angle_min,3.1838278083505784
ch1_rms angle_min angle_max,3.160899590668593
ch1_std angle_min angle_max,3.1608995890180975
ch1_rms angle_max exercise,-3.127219007299117
ch1_std angle_max exercise,-3.1272190066429006
ch1_energy age,-3.1191063030550215
ch1_std ch2_skew hand_length,-3.1153799496385663
ch1_rms ch2_skew hand_length,-3.1153799143914007
ch1_std ch2_meanfreq exercise,-3.0948388920715852
ch1_rms ch2_meanfreq exercise,-3.0948388899037855
ch1_rms angle_mean^2,3.076826030025185
ch1_std angle_mean^2,3.0768260284113698
ch1_energy hand_length^2,3.0627817944515625
ch1_energy angle_mean exercise,-3.0600885515059173
ch1_rms ch2_meanfreq angle_min,3.0587404339377673
ch1_std ch2_meanfreq angle_min,3.0587404337693314
ch1_energy angle_min angle_max,3.055877898166255
ch1_max ch1_skew ch2_zcr,-3.030806784133846
ch2_skew^3,3.0024800116060053
ch1_skew^2 angle_max,-2.9929672479822993
ch1_energy angle_mean^2,2.985769674762427
ch1_max^2 ch1_skew,2.9810379773603177
ch1_max^2 ch2_meanfreq,-2.973588409145078
ch1_rms ch1_peakfreq^2,2.9730302185815667
ch1_std ch1_peakfreq^2,2.9730301954167855
ch1_energy age^2,2.965438473826242
ch1_rms angle_mean angle_max,2.9601595810131283
ch1_std angle_mean angle_max,2.9601595773134113
ch2_mean weight set_type,2.9571511470240113
ch1_energy angle_max exercise,-2.9509483583552294
ch1_energy ch2_mean^2,2.944864773437213
angle_std^2 angle_p2p,2.933679706581433
ch1_energy ch2_meanfreq^2,2.9240113576357727
ch1_rms angle_max^2,2.899410094034666
ch1_std angle_max^2,2.8994100884028478
ch1_rms ch2_meanfreq angle_mean,2.8936478235828615
ch1_std ch2_meanfreq angle_mean,2.893647822300846
ch1_energy angle_mean angle_max,2.860786705882994
ch1_std age,-2.8596392668348902
ch1_rms age,-2.8596392432306277
ch1_rms ch2_meanfreq angle_max,2.8579298872136043
ch1_std ch2_meanfreq angle_max,2.857929884737188
ch1_skew^2 age,-2.8534170599602913
ch1_energy ch2_meanfreq angle_min,2.845451700216318
ch1_skew^3,-2.82030983442455
ch1_energy ch2_meanfreq exercise,-2.8010955269358817
ch1_energy angle_max^2,2.798590040032618
ch1_skew ch2_mean ch2_zcr,-2.781021718962589
height^2 set_type,-2.7773700224370526
ch1_std ch2_meanfreq ch2_peakfreq,2.7691453562592656
ch1_rms ch2_meanfreq ch2_peakfreq,2.769145343943677
ch1_max^2 exercise,2.7608638558417464
ch2_mean^2 angle_min,-2.7306522164894247
ch1_std^3,2.730534937330741
ch1_std^2 ch1_rms,2.730534909583514
ch1_std ch1_rms^2,2.7305348818362862
ch1_rms^3,2.7305348540890604
ch1_std ch1_energy^2,2.7164353915000454
ch1_rms ch1_energy^2,2.716435379372307
ch1_energy ch1_meanfreq,-2.7095640192800956
ch1_energy ch2_meanfreq angle_mean,2.6945293551936844
ch1_rms ch2_zcr ch2_meanfreq,2.683788241006886
ch1_std ch2_zcr ch2_meanfreq,2.683788231574321
ch1_rms ch2_zcr^2,2.6794920940284355
ch1_std ch2_zcr^2,2.6794920736927974
ch1_std angle_std angle_min,-2.6684376937117387
ch1_rms angle_std angle_min,-2.668437680481236
ch1_std^2 ch1_energy,2.6643712666188906
ch1_std ch1_rms ch1_energy,2.6643712456537267
ch1_rms^2 ch1_energy,2.664371224688563
ch1_max^2 angle_p2p,-2.6533001077101313
ch2_zcr weight^2,-2.650637663244129
ch1_energy ch2_meanfreq angle_max,2.647476612137653
ch1_std ch1_skew^2,2.638671887016197
ch1_rms ch1_skew^2,2.6386718757131256
ch1_energy ch2_meanfreq ch2_peakfreq,2.635000892173318
ch1_skew age hand_length,2.6174149221982406
ch1_skew height^2,-2.610229647815886
ch1_max ch1_skew ch2_meanfreq,-2.608206344932019
ch1_max^2 ch2_peakfreq,-2.6075633877623643
ch1_energy angle_std angle_min,-2.6050288595563025
ch1_std angle_mean angle_std,-2.6010235576435927
ch1_rms angle_mean angle_std,-2.601023542013091
ch1_rms ch2_zcr exercise,-2.5889968128348375
ch1_std ch2_zcr exercise,-2.5889968013470277
ch1_mean ch1_skew age,2.580657311603307
ch1_energy angle_mean angle_std,-2.5735962748782657
ch1_max ch1_skew age,-2.572723272209234
ch1_energy^3,2.5687676874761203
ch2_mean^2 angle_max,-2.5667342463594007
ch1_std angle_std exercise,2.5659130925327664
ch1_rms angle_std exercise,2.565913077408598
ch1_max^2 angle_max,-2.5593178761548283
height hand_length set_type,-2.5589710840635997
height^3,2.551211590541569
ch1_meanfreq ch1_peakfreq^2,2.5501073035082724
ch1_max^2 ch2_zcr,-2.5438431609590113
ch1_peakfreq angle_p2p set_type,-2.5064045417229996
ch1_kurt hand_length^2,-2.496041499405348
ch1_rms ch2_zcr angle_min,2.4930042358688764
ch1_std ch2_zcr angle_min,2.493004221590695
ch1_skew^2 angle_mean,-2.48996779875996
ch1_max age,-2.489941711662377
ch1_peakfreq^2,-2.479410163113581
ch1_energy angle_std exercise,2.4645189478597174
ch1_peakfreq^2 angle_mean_abs_vel,-2.435392478464953
ch1_skew^2 ch2_peakfreq,-2.426109846598511
ch1_rms weight^2,2.424047693964556
ch1_std weight^2,2.424047689912619
ch2_zcr hand_length^2,-2.4131971101037477
ch1_std weight hand_length,2.40458000137534
ch1_rms weight hand_length,2.404579996654334
ch1_meanfreq ch1_peakfreq ch2_peakfreq,2.4034481138637034
ch1_meanfreq ch1_peakfreq,-2.3996592034700908
ch1_peakfreq ch2_mean age,2.3966304799271008
ch1_kurt ch2_skew^2,-2.394221058305229
ch2_mean^2 angle_mean,-2.3879988507617
ch1_peakfreq ch2_mean weight,2.3740615498546203
ch1_std angle_std angle_max,-2.371974938381576
ch1_rms angle_std angle_max,-2.371974923304941
ch1_min^2,-2.361955865202868
ch1_max ch1_p2p ch1_skew,2.341823166130006
ch1_kurt height^2,-2.340667119862576
ch1_peakfreq ch2_mean hand_length,2.337537713008426
ch2_mean ch2_skew set_type,-2.3264300501913553
ch1_max ch1_skew exercise,2.3246800081584738
ch1_std ch1_max ch2_peakfreq,-2.3187188344607477
ch1_max ch1_rms ch2_peakfreq,-2.318718808599047
ch1_rms ch2_zcr angle_max,2.312015864557429
ch1_std ch2_zcr angle_max,2.3120158475453447
ch1_rms ch2_zcr ch2_peakfreq,2.3078944330109312
ch1_std ch2_zcr ch2_peakfreq,2.3078944299525426
ch1_max ch2_zcr^2,2.306381072531974
ch1_std ch2_peakfreq exercise,-2.300391850655434
ch1_rms ch2_peakfreq exercise,-2.300391842002847
ch1_skew ch2_zcr set_type,2.2984577837010773
ch1_energy ch2_zcr ch2_meanfreq,2.2963107093589015
ch2_mean angle_std,-2.294539055159631
ch1_energy angle_std angle_max,-2.2915360749962885
ch1_rms^2 ch2_skew,-2.290826848784583
ch1_std ch1_rms ch2_skew,-2.2908268393310425
ch1_std^2 ch2_skew,-2.290826829877502
hand_length^2 set_type,-2.2899959155616116
ch1_kurt height hand_length,-2.2895888328742062
ch1_std ch2_peakfreq angle_min,2.287801302464519
ch1_rms ch2_peakfreq angle_min,2.287801292512837
ch1_std angle_std^2,2.2852642245590893
ch1_rms angle_std^2,2.285264223290488
ch2_mean^2 ch2_peakfreq,-2.2816276042722157
ch2_zcr weight hand_length,-2.280302982733664
ch1_max^2 hand_length,-2.2750425394367095
ch1_energy angle_std^2,2.27288786749469
ch1_mean ch1_skew ch2_mean,2.272823959994982
ch1_min angle_p2p^2,2.264859840352707
ch1_max ch1_skew ch2_kurt,-2.2628363152726454
height^2,-2.261435415389922
ch1_meanfreq ch2_peakfreq^2,2.2462616730376115
ch1_rms ch2_zcr angle_mean,2.240983992500321
ch1_std ch2_zcr angle_mean,2.2409839763860657
ch1_peakfreq ch2_zcr^2,2.23416476851407
angle_p2p height^2,2.232675052612555
ch1_max^2 angle_min,-2.2296519488385034
ch1_max^2 angle_mean,-2.2271131846773926
ch1_std ch2_peakfreq angle_mean,2.2223402245251167
ch1_rms ch2_peakfreq angle_mean,2.222340214957307
ch1_p2p angle_mean_abs_vel,2.221723057995004
ch2_skew^2 angle_mean_abs_vel,-2.2199230399840433
ch1_min angle_mean_abs_vel,-2.21791909462978
ch1_std ch1_max ch2_meanfreq,-2.217449073503637
ch1_max ch1_rms ch2_meanfreq,-2.217449059050643
ch1_energy ch2_zcr exercise,-2.216733113015131
ch2_mean age set_type,2.21555246061996
ch1_max ch2_zcr ch2_meanfreq,2.214460659639386
ch1_kurt^2 ch2_skew,2.2105948666828086
ch1_skew ch2_mean angle_min,-2.205527715113943
ch1_max ch2_meanfreq^2,2.2000164648379177
ch1_energy ch2_zcr angle_min,2.1981448757283526
ch1_skew height weight,-2.1973669251523322
ch1_peakfreq^2 ch2_peakfreq,2.1881637482960246
ch1_kurt ch2_mean^2,-2.1743286750160533
ch1_skew ch2_zcr hand_length,2.1684007787972925
ch2_mean angle_p2p,-2.1636644552944073
ch1_energy ch2_zcr ch2_peakfreq,2.161633389568017
age hand_length^2,-2.159519173854495
ch1_max^2 weight,-2.158793343985748
ch1_peakfreq^2 ch2_kurt,2.1575855630009557
ch1_skew weight^2,-2.1560350510769606
ch1_skew ch2_mean set_type,-2.152256710140261
ch1_skew angle_p2p age,2.149274966289
ch1_max ch2_peakfreq^2,2.146567841369477
ch1_std ch2_peakfreq angle_max,2.139424808281319
ch1_rms ch2_peakfreq angle_max,2.1394248014341746
ch1_std ch2_skew age,-2.136020079819957
ch1_rms ch2_skew age,-2.136020058502646
ch1_skew^2 ch2_min,2.133824226945219
ch1_max ch2_mean^2,2.129617360456917
ch1_p2p age,-2.12930740131958
ch1_energy ch2_zcr^2,2.121964464313109
ch1_min angle_std set_type,2.116210997222192
ch1_max angle_mean_abs_vel,2.107137139294456
ch1_energy weight^2,2.106250841384485
ch1_energy ch2_skew ch2_peakfreq,2.1018212170284296
ch1_max ch1_p2p ch2_meanfreq,-2.1012947345163626
ch1_energy ch2_peakfreq exercise,-2.0995607882221545
ch1_std age hand_length,2.099189680437802
ch1_rms age hand_length,2.0991896452734164
ch1_std ch1_meanfreq,-2.096582507141539
ch1_rms ch1_meanfreq,-2.0965824917708047
ch1_max^3,2.0948471451629844
ch1_energy ch2_peakfreq angle_min,2.090902349155214
ch1_energy weight hand_length,2.0900654293968466
ch1_mean ch1_max,-2.0886172808885335
ch1_energy ch2_skew age,-2.087942766782138
ch1_max age^2,2.087362828988377
ch1_p2p ch2_peakfreq^2,2.084862465912304
ch1_min ch1_energy,2.0831965323462427
ch1_skew ch2_mean ch2_meanfreq,-2.0810979844372883
angle_p2p angle_mean_abs_vel,-2.078076489925576
ch2_rms ch2_zcr,-2.071372297871164
ch2_std ch2_zcr,-2.071372270598081
ch2_mean set_type,-2.0689569554312053
ch1_rms ch1_energy ch2_skew,-2.066723745907457
ch1_std ch1_energy ch2_skew,-2.066723737749858
ch1_peakfreq ch2_skew angle_min,-2.0628715342919306
ch2_mean height set_type,2.0602986449199476
ch2_mean ch2_zcr angle_p2p,2.0597869217702787
ch1_energy ch2_zcr angle_max,2.0554453728867186
ch1_skew ch2_mean exercise,2.0541068907473248
ch1_mean ch2_meanfreq,2.0532550986106077
ch1_energy ch2_peakfreq angle_mean,2.048635766163234
ch1_skew hand_length,-2.0409658926869296
ch1_peakfreq ch2_peakfreq,-2.0399961505216817
ch1_skew angle_p2p height,-2.0386085231805553
ch1_max ch2_zcr exercise,-2.030615939343559
ch1_skew ch2_mean angle_max,-2.023734211732019
ch1_meanfreq angle_mean_abs_vel,2.0197617343801237
ch2_skew hand_length^2,2.019423424484822
ch1_mean ch1_skew weight,2.0156858790215426
ch2_peakfreq^2 age,2.0145637543794797
ch1_energy ch1_kurt,-2.0135606150801615
ch1_skew ch2_mean angle_mean,-2.013108329424331
ch2_mean angle_p2p age,2.0063140122611256
ch1_skew age,-2.0052001999589315
ch2_mean ch2_zcr angle_std,2.001672645794627
ch1_max ch1_skew ch2_peakfreq,-2.0001653220313873
ch1_mean^2 ch2_mean,-1.9996343069144973
ch1_max,1.999517648626977
ch1_max set_type^2,1.9995176486269632
ch1_max exercise^2,1.9995176486269632
ch1_energy ch2_peakfreq angle_max,1.998761941257615
ch1_energy ch2_zcr angle_mean,1.9974571069529785
ch1_p2p ch1_energy,-1.9944169612818774
ch1_std ch1_max^2,1.9914840858941902
ch1_max^2 ch1_rms,1.9914840682758017
ch1_mean ch1_skew hand_length,1.988891161380789
ch1_max ch1_p2p exercise,1.988322825538907
ch1_std ch1_max angle_max,-1.9862952555218765
ch1_max ch1_rms angle_max,-1.9862952491206982
ch1_peakfreq angle_p2p,1.9843483788502696
ch1_std ch1_max exercise,1.982396216168079
ch1_max ch1_rms exercise,1.9823962063857266
ch1_p2p ch1_skew age,-1.9820019776346531
ch1_min ch1_meanfreq,1.9773827101174473
ch1_energy ch1_peakfreq,-1.977196228854083
ch1_skew ch2_mean angle_std,1.9748790444673845
ch1_max hand_length^2,1.9697081027912493
ch1_skew ch1_meanfreq^2,-1.9659446993831116
ch2_min hand_length^2,1.962248343865748
ch1_skew age weight,1.953736404267039
ch1_max ch2_meanfreq exercise,-1.9528683611010549
ch1_min height set_type,-1.949424885247764
ch1_std ch2_meanfreq angle_std,-1.9494214661479585
ch1_rms ch2_meanfreq angle_std,-1.9494214555336036
ch2_skew^2 hand_length,-1.9464790485817682
ch1_skew angle_std set_type,-1.9387688143264417
ch1_max ch1_p2p ch2_peakfreq,-1.9324664244959795
ch1_peakfreq ch2_skew exercise,1.9248198250724582
ch2_peakfreq hand_length^2,-1.9233622352380597
age hand_length,1.9213956730135593
ch1_energy ch2_skew weight,-1.9183174748051268
ch1_min ch2_peakfreq^2,-1.917666945703514
ch1_mean ch2_peakfreq,1.9088511760653315
ch1_max hand_length,-1.908458298604871
ch1_skew ch2_zcr age,1.9064111713562208
ch1_max age hand_length,1.904376927008967
ch1_max ch1_peakfreq^2,1.9022723277537295
ch1_max ch1_energy ch2_peakfreq,-1.899927864068568
ch1_max ch1_skew angle_max,-1.8983214546258935
height weight set_type,-1.8970574770573396
ch1_skew ch2_zcr angle_mean_abs_vel,-1.8957981874022938
ch1_skew^2 ch2_skew,1.8934934879042173
ch1_p2p age^2,1.891561904648544
ch1_energy ch1_zcr angle_std,1.8870613039995314
ch1_mean ch2_mean^2,-1.8847874322567637
ch1_energy ch1_meanfreq age,1.882061429330266
ch1_mean angle_max,1.8761412121361176
ch2_min weight^2,1.8754441537350852
ch2_mean angle_std^2,-1.8746811830749175
ch1_mean exercise,-1.8702452287976927
height^2 hand_length,1.868755664159311
ch1_peakfreq ch2_skew angle_max,-1.866025509756496
ch2_min weight hand_length,1.8610536741316044
ch1_std ch1_kurt exercise,1.8535329418975959
ch1_rms ch1_kurt exercise,1.8535329350280647
ch1_min set_type,1.8519820313191429
ch2_zcr^3,-1.8503993557668676
weight hand_length set_type,-1.847021649542472
ch1_skew^2 angle_std,1.846885118933818
ch1_skew angle_min set_type,1.8418427206250851
ch1_p2p angle_std set_type,-1.8412181399847585
ch2_meanfreq weight^2,-1.8334069125682235
ch1_min ch1_p2p,1.8290361885190176
ch1_std ch1_kurt angle_min,-1.827469726520364
ch1_rms ch1_kurt angle_min,-1.827469719112326
ch1_zcr ch1_peakfreq ch2_peakfreq,1.8270856041567587
ch2_zcr angle_mean_abs_vel,-1.8268626425575583
ch1_energy ch2_meanfreq angle_std,-1.8254252863298148
ch1_max ch1_skew angle_min,-1.8218723514604467
ch1_max ch1_p2p angle_max,-1.8204072261087665
ch2_mean ch2_meanfreq angle_std,1.8151250975798325
angle_max angle_mean_abs_vel,-1.8111852578489773
ch1_std set_type,-1.8083275363031728
ch1_rms set_type,-1.8083275131655252
ch1_meanfreq^2,-1.8077697245611608
ch1_std ch1_max angle_min,-1.8068656096049311
ch1_max ch1_rms angle_min,-1.806865604937899
ch1_std ch1_max ch2_zcr,-1.805485767360852
ch1_max ch1_rms ch2_zcr,-1.8054857572207959
ch2_meanfreq hand_length^2,-1.79815908162939
ch1_peakfreq angle_mean_abs_vel,1.7965789276860202
ch1_max ch1_energy,-1.7962009395319443
ch1_std ch1_max angle_mean,-1.7950398733499098
ch1_max ch1_rms angle_mean,-1.795039867036082
ch1_energy ch1_kurt angle_min,-1.7944389399323168
ch1_energy age hand_length,1.7927260009708503
ch1_peakfreq ch2_skew angle_mean,-1.7906484545015449
angle_p2p^2 set_type,1.790128547002895
ch1_energy set_type,-1.7884557172841984
ch1_energy angle_mean,1.7870224818025653
ch1_std ch2_skew weight,-1.7864586522737427
ch1_rms ch2_skew weight,-1.7864586371202047
ch1_energy^2 angle_std,-1.7837739372484949
ch1_max ch1_skew hand_length,-1.7822970172021297
ch1_energy^2 ch2_skew,-1.780159506410799
ch1_meanfreq angle_p2p,1.7798994324968125
ch1_meanfreq ch1_peakfreq age,1.7779076024665121
ch1_mean angle_p2p,1.7743799481240354
ch1_max ch1_skew^2,1.7710828698474277
ch1_skew ch1_kurt age,-1.7679247090076158
ch1_energy angle_min,1.7673600046940658
ch1_zcr angle_std angle_mean_abs_vel,-1.7660998781430188
ch1_p2p ch1_peakfreq^2,1.7651294349097018
ch1_energy ch1_kurt exercise,1.763477484473739
ch1_energy ch2_skew angle_mean_abs_vel,-1.761545791167514
ch1_kurt hand_length,1.7604120163226558
ch1_p2p ch1_skew ch2_zcr,-1.7552860267105297
angle_std angle_p2p age,1.7518587339266558
ch1_meanfreq hand_length,1.7511320828879025
ch1_p2p ch1_energy ch2_skew,-1.7506856200176202
ch2_mean angle_max angle_p2p,1.7501179910323146
ch1_peakfreq ch2_kurt angle_p2p,-1.7499650758865415
ch1_energy ch1_zcr angle_min,-1.7472961726777807
ch1_max ch1_skew angle_mean,-1.7472432254914925
ch1_p2p ch2_meanfreq^2,1.7412879638004573
ch1_std ch1_kurt angle_mean,-1.738879177438708
ch1_rms ch1_kurt angle_mean,-1.7388791718638743
ch2_mean^2 ch2_kurt,-1.738302113012778
ch1_skew^2 ch2_rms,1.7374648858434827
ch1_skew^2 ch2_std,1.7374648041997283
ch1_energy^2,-1.737031412876029
ch1_peakfreq ch2_zcr angle_min,1.736951231746686
ch1_std ch1_max angle_p2p,-1.7360972708517837
ch1_max ch1_rms angle_p2p,-1.7360972603695735
ch1_min weight set_type,-1.7356202396727318
ch1_max ch1_energy ch2_meanfreq,-1.735518091586057
ch1_std ch2_min ch2_skew,1.7314126981274587
ch1_rms ch2_min ch2_skew,1.7314126954645168
ch2_zcr age set_type,1.7297962762613823
ch1_p2p,1.728651314919853
ch1_p2p exercise^2,1.72865131491982
ch1_p2p set_type^2,1.72865131491982
ch1_min ch1_peakfreq,1.728571365282042
angle_p2p height,-1.7278552524016348
ch1_peakfreq ch2_skew ch2_meanfreq,-1.7264215285352815
ch2_zcr height,-1.7258252617028798
ch1_max ch1_p2p angle_p2p,-1.7232541305853142
ch1_max ch1_energy ch2_skew,-1.7224983080343756
ch2_meanfreq angle_mean_abs_vel,-1.7209997650292106
ch1_skew height hand_length,-1.720513318069051
ch1_std ch2_kurt angle_std,-1.7199259582672017
ch1_rms ch2_kurt angle_std,-1.7199259475303703
ch1_mean^2,1.7185759555361666
ch1_energy ch2_energy ch2_zcr,1.717063356274211
ch1_std ch1_p2p ch2_peakfreq,-1.7167000707479207
ch1_rms ch1_p2p ch2_peakfreq,-1.7167000532652077
ch2_mean ch2_meanfreq angle_p2p,1.7141569701503445
ch2_mean angle_p2p exercise,-1.713425467197995
ch2_zcr height set_type,-1.7128722072940692
ch1_max angle_min exercise,-1.7127186508457464
ch1_energy angle_mean_abs_vel,1.7125814090241624
ch1_min ch2_skew^2,-1.7120815281823987
ch1_std ch1_zcr angle_std,1.7102696806196822
ch1_rms ch1_zcr angle_std,1.7102696698242608
ch1_rms ch1_meanfreq angle_min,-1.708234352755663
ch1_std ch1_meanfreq angle_min,-1.708234348028355
ch2_skew angle_mean_abs_vel hand_length,1.706865330788153
ch1_std ch1_kurt angle_max,-1.706645602392199
ch1_rms ch1_kurt angle_max,-1.7066456001459518
angle_max height,-1.7029198366594425
ch1_peakfreq hand_length set_type,-1.7015919387959342
ch2_mean^2 age,-1.6979063894976147
ch1_max ch2_zcr hand_length,1.6970680814282533
ch1_p2p ch2_mean^2,1.6968163561044203
ch2_mean^2 ch2_rms,1.696483865975866
ch2_mean^2 ch2_std,1.6964838531333188
ch1_max ch2_zcr angle_max,1.6958550942698833
ch2_min ch2_skew angle_std,-1.6954505993784723
ch1_peakfreq ch2_zcr ch2_meanfreq,1.691450398585233
ch1_skew ch1_meanfreq angle_max,1.6891485086889155
ch1_skew exercise set_type,-1.688728327830393
ch1_min ch1_energy ch2_skew,1.6876409888221142
ch1_energy angle_max,1.6849375551127834
ch1_kurt ch2_skew angle_std,1.6846308419673326
ch2_max angle_std^2,1.683000459516266
ch1_max ch1_p2p ch2_zcr,-1.677997076164623
ch1_max angle_max exercise,-1.6753972164820767
ch1_mean angle_min,1.6748371296260711
ch1_skew^2 ch2_p2p,-1.6746815087703932
ch1_min^3,1.6717875035681482
angle_mean angle_mean_abs_vel,-1.6715072150265926
ch1_energy ch1_kurt angle_mean,-1.6709287763459648
ch1_min age,1.6707942468737915
ch1_skew height set_type,1.6705757908766259
ch1_meanfreq^2 age,1.669903883543638
ch1_min ch1_meanfreq hand_length,-1.6698959604164871
ch1_energy^2 ch1_peakfreq,1.668891911073269
ch2_skew^2 ch2_kurt,1.6686514276069675
ch1_mean angle_mean,1.6670279842709474
ch1_min^2 hand_length,1.666956126374174
ch1_kurt weight hand_length,-1.666951870739803
ch1_min angle_mean hand_length,1.6654142953485875
ch1_max ch2_zcr ch2_peakfreq,1.6628801449266213
ch1_zcr hand_length,1.660926627508658
ch2_mean angle_mean angle_p2p,1.6607418943355539
ch1_kurt ch2_skew angle_mean,-1.6606750344598424
ch1_rms ch2_energy ch2_skew,-1.6562195433500586
ch1_std ch2_energy ch2_skew,-1.6562195366700578
ch1_max ch2_meanfreq angle_max,1.6559339612807846
ch1_skew angle_mean set_type,1.6558200450125184
ch1_energy angle_mean hand_length,-1.6554562363617022
ch1_p2p ch1_meanfreq,-1.652257798027645
ch1_peakfreq angle_min^2,1.6519519769297824
ch1_skew ch1_meanfreq angle_p2p,1.651674068455696
ch1_energy ch1_meanfreq^2,1.6503462155989066
ch1_p2p ch1_peakfreq,-1.64993815974691
ch1_peakfreq^2 angle_p2p,-1.6495898407317977
ch2_mean angle_std angle_min,1.649345287591432
ch1_max ch2_meanfreq ch2_peakfreq,1.6467655809476835
angle_mean_abs_vel exercise,1.6457932880585977
ch2_skew weight hand_length,1.6455622918032666
ch1_mean ch1_energy set_type,-1.6448082203099545
ch1_p2p^2 ch1_skew,1.6439228013180753
ch2_mean angle_mean_abs_vel age,1.6415883134695832
ch1_p2p set_type,-1.63965713359464
ch1_std ch1_meanfreq age,1.6389618846768488
ch1_rms ch1_meanfreq age,1.638961868722946
ch2_meanfreq ch2_peakfreq^2,-1.6384951785371893
ch1_energy ch1_meanfreq angle_min,-1.637907011111635
ch1_skew weight,-1.6374833555753239
ch1_energy ch1_kurt angle_max,-1.6374752609264065
ch2_mean angle_min angle_p2p,1.6361385519617266
ch2_skew weight^2,1.6345011788713217
ch1_energy exercise,-1.6341093155285085
ch2_meanfreq weight hand_length,-1.633473057088291
angle_mean height,-1.6314746999532839
ch1_peakfreq ch2_zcr exercise,-1.630618914725937
ch1_p2p ch2_meanfreq exercise,-1.629469927481654
weight^2 exercise,1.6287926241231405
ch1_p2p angle_min exercise,-1.6281036126758157
ch1_std ch2_zcr angle_std,-1.6271339271924095
ch1_rms ch2_zcr angle_std,-1.627133925480504
ch1_max ch1_p2p angle_min,-1.6247083167181702
ch1_std ch2_kurt exercise,-1.6227075774291022
ch1_rms ch2_kurt exercise,-1.622707566720522
ch1_max ch2_zcr angle_min,1.6224310008326375
ch2_min hand_length set_type,1.621019875139823
ch1_std ch1_kurt,-1.6195752470804838
ch1_rms ch1_kurt,-1.619575230074855
ch2_rms ch2_peakfreq,-1.6163659445641767
ch2_std ch2_peakfreq,-1.6163659312705299
ch1_p2p angle_min^2,1.6159505156452096
ch1_skew age height,1.615731999847404
ch1_max ch2_meanfreq angle_min,1.6146633997894382
ch2_meanfreq age set_type,1.613148959103002
ch1_min ch1_zcr set_type,1.6115185010836222
ch1_energy ch1_zcr angle_mean,-1.6092691990367873
ch1_peakfreq ch2_mean,-1.6084674511496013
ch1_skew^2 ch1_kurt,-1.608311593593676
ch1_rms ch1_meanfreq exercise,1.6066431616343115
ch1_std ch1_meanfreq exercise,1.6066431554602754
ch1_kurt ch2_skew hand_length,1.605884052938299
ch1_skew ch2_zcr weight,1.605801938591268
ch1_energy ch2_energy ch2_peakfreq,1.6056133927178107
ch1_min age^2,-1.6046836999875216
ch1_rms ch1_zcr angle_min,-1.6042226080189061
ch1_std ch1_zcr angle_min,-1.604222601546545
ch1_skew ch1_meanfreq angle_mean,1.604118900072549
ch1_max ch1_min ch1_skew,-1.6029977804465416
ch1_mean ch2_zcr,1.6007392071440756
ch1_mean ch1_std set_type,-1.5987405529044212
ch1_mean ch1_rms set_type,-1.5987405372929773
ch1_rms ch1_meanfreq angle_mean,-1.5987329906002916
ch1_std ch1_meanfreq angle_mean,-1.5987329827741075
ch1_meanfreq height,1.595765708539566
ch2_energy^2,-1.5945830966792398
ch1_min angle_min^2,-1.5928799775320799
angle_p2p height hand_length,1.5920902796979686
ch1_energy ch1_zcr exercise,1.5911786526871818
ch1_energy angle_std angle_mean_abs_vel,1.5910948626706152
ch1_min angle_mean angle_std,1.5906047465325914
ch1_min angle_p2p hand_length,1.5901750229170657
ch1_skew angle_max set_type,1.5899321750168878
ch1_energy ch2_rms^2,1.5886907175365144
ch1_energy ch2_std ch2_rms,1.5886907171112228
ch1_energy ch2_std^2,1.5886907166859303
ch1_rms angle_std angle_mean_abs_vel,1.588541243113574
ch1_std angle_std angle_mean_abs_vel,1.5885412380450465
ch2_rms exercise,1.5880074583853694
ch2_std exercise,1.5880074285974994
ch1_zcr angle_mean_abs_vel set_type,1.5877756750825034
ch1_max ch1_energy angle_max,-1.5874479028766801
ch1_kurt ch2_max angle_mean,-1.586757593930515
ch1_energy ch1_meanfreq ch1_peakfreq,1.586267327441908
ch1_rms ch1_meanfreq angle_max,-1.5837977760212825
ch1_std ch1_meanfreq angle_max,-1.58379776508471
ch1_zcr ch2_skew age,1.5835672833704002
ch2_zcr^2 ch2_meanfreq,-1.5834849059784917
ch1_zcr ch2_skew,-1.5810122807320086
ch2_rms ch2_skew angle_std,1.5803826876731977
ch2_std ch2_skew angle_std,1.5803826721462935
ch1_energy ch1_zcr,-1.5798017451627127
ch1_kurt ch2_skew angle_min,-1.579498300380695
ch1_max ch2_zcr age,1.5783248251958328
ch2_rms angle_max,-1.576815214573568
ch2_std angle_max,-1.5768151917345858
ch2_mean angle_std exercise,-1.5759163567194965
ch1_mean ch1_peakfreq set_type,-1.5759128931884425
ch1_skew ch2_meanfreq set_type,1.5743052299520697
ch1_energy ch1_zcr^2,1.5736812720632134
ch1_min angle_std angle_min,1.5732972296931793
ch1_rms ch1_peakfreq,-1.572346638030066
ch1_std ch1_peakfreq,-1.5723466349048072
ch1_skew ch2_meanfreq hand_length,1.5702612026718683
ch1_skew ch2_meanfreq age,1.5681115224135356
ch1_max^2 ch1_p2p,1.5678070504527546
ch2_skew^2 angle_std,-1.567560962943957
angle_mean angle_mean_abs_vel set_type,-1.5670214353671923
ch1_std ch2_skew angle_mean_abs_vel,-1.5651703533221182
ch1_rms ch2_skew angle_mean_abs_vel,-1.5651703515003446
ch2_rms ch2_meanfreq,-1.5646944612169154
ch2_std ch2_meanfreq,-1.564694430446116
ch1_peakfreq hand_length,1.5644691855945463
ch1_std ch2_kurt angle_min,1.5638365226211188
ch1_rms ch2_kurt angle_min,1.5638365140846848
ch1_max ch1_rms ch1_meanfreq,1.5621819749121717
ch1_std ch1_max ch1_meanfreq,1.5621819640179044
ch1_zcr hand_length^2,-1.5602528909955482
ch1_min angle_std exercise,-1.5593966015432927
ch1_kurt ch1_meanfreq ch2_skew,1.5583656456852801
ch1_peakfreq angle_std set_type,-1.557293923567809
ch1_min angle_std angle_max,1.5564857516460817
ch1_peakfreq weight^2,1.5555863530704195
ch1_mean ch1_max^2,-1.5554021541258543
angle_min weight^2,-1.555368430797433
ch1_max angle_min^2,1.553606952289861
ch1_mean ch1_p2p,-1.5531633880199098
ch2_zcr age,1.5529499013033585
ch1_kurt height,1.5527216914328974
ch1_kurt height weight,-1.5498484161087398
ch1_std ch1_max ch1_p2p,1.5494063425012974
ch1_max ch1_rms ch1_p2p,1.5494063322042233
ch1_p2p ch2_zcr ch2_meanfreq,1.5479999218000757
ch1_max ch1_p2p angle_mean,-1.546979529444747
ch1_min angle_max hand_length,1.5462601653461339
ch2_peakfreq^2 angle_min,-1.544450038541184
ch1_rms height hand_length,1.5443732139915987
ch1_std height hand_length,1.5443732081477435
ch1_min angle_p2p,-1.5435811988147397
ch1_std ch2_skew,1.542922229468769
ch1_rms ch2_skew,1.5429222006269665
ch1_rms height weight,1.5420829618671354
ch1_std height weight,1.542082952041374
ch1_min ch1_peakfreq^2,-1.5414871042932474
ch1_rms ch1_meanfreq^2,1.5408061738139127
ch1_std ch1_meanfreq^2,1.540806154053747
ch1_max ch1_skew,1.5388757972634468
ch1_max^2 age,-1.5380165129882606
ch2_max ch2_skew^2,1.5364344609974514
height hand_length,-1.535371130443623
ch1_kurt ch2_max angle_min,-1.5345273917157962
angle_p2p^2 age,1.533178111439687
ch1_std^2 ch2_peakfreq,-1.5320227486316345
ch1_std ch1_rms ch2_peakfreq,-1.5320227383096432
ch1_rms^2 ch2_peakfreq,-1.5320227279876493
angle_min angle_mean_abs_vel,-1.530494186379605
ch1_std^2 ch1_max,1.5287402569697561
ch1_std ch1_max ch1_rms,1.5287402415312916
ch1_max ch1_rms^2,1.5287402260928242
ch1_energy ch1_meanfreq angle_max,-1.527805323852946
ch1_zcr ch1_skew ch1_meanfreq,-1.5277537259776508
ch1_peakfreq^2 set_type,1.525829077702196
age exercise set_type,-1.5252953244742293
ch1_std ch2_skew ch2_peakfreq,1.5247490100179015
ch1_rms ch2_skew ch2_peakfreq,1.5247489969638581
ch1_energy ch1_kurt angle_std,1.5231269317890268
ch1_p2p ch1_skew^2,1.5219581204360821
ch1_rms ch1_p2p ch2_skew,-1.5214179173031606
ch1_std ch1_p2p ch2_skew,-1.5214179150551073
ch1_energy ch1_meanfreq angle_mean,-1.5166087863872038
ch2_max angle_std angle_mean_abs_vel,1.512537599034487
angle_p2p^2 hand_length,1.5121790137406907
ch1_p2p ch2_zcr^2,1.5120361870113712
ch1_peakfreq angle_p2p age,-1.511788275824791
ch1_zcr ch2_skew^2,-1.5110065533355057
ch2_mean angle_std age,1.5107993552283034
ch1_std ch1_kurt angle_std,1.510094634619465
ch1_rms ch1_kurt angle_std,1.5100946105988595
ch2_rms angle_min,-1.5096814590451695
ch2_std angle_min,-1.5096814342771014
ch1_skew^2 ch1_peakfreq,1.5092931162696845
ch2_min angle_p2p weight,1.508456202692481
ch1_skew ch1_meanfreq ch2_zcr,1.508111562504927
ch1_max ch2_kurt,-1.5067941389508586
ch1_rms angle_mean_abs_vel,1.5048237316552757
ch1_std angle_mean_abs_vel,1.504823729401778
ch1_kurt ch2_max exercise,1.5042535290169574
ch1_std ch1_kurt ch2_meanfreq,-1.5006368102198633
ch1_rms ch1_kurt ch2_meanfreq,-1.500636808629378
ch1_max^2 ch2_min,1.5004561393599751
ch1_rms ch1_zcr angle_mean,-1.5000481045256362
ch1_std ch1_zcr angle_mean,-1.5000480964236018
ch2_min height weight,1.4997986202697986
ch1_energy ch1_meanfreq exercise,1.4994700856187428
ch1_max ch1_energy exercise,1.4985596752272645
ch1_energy ch2_rms ch2_zcr,1.496154031924494
ch1_energy ch2_std ch2_zcr,1.4961540286457904
ch1_max angle_mean exercise,-1.4953367175427321
ch1_max ch1_rms ch2_skew,-1.4951724035472762
ch1_std ch1_max ch2_skew,-1.4951723995699808
ch1_skew ch1_meanfreq angle_min,1.4951024911483484
ch1_peakfreq ch2_energy ch2_zcr,1.4936306703668283
ch2_zcr age hand_length,-1.4933655554316956
ch2_zcr^2 exercise,1.4931560394753896
angle_min height,-1.4924590119057963
angle_mean angle_std angle_mean_abs_vel,1.4918271408558488
ch1_peakfreq ch2_rms weight,1.4904670094242287
ch1_peakfreq ch2_std weight,1.4904669890184565
ch1_energy ch2_rms ch2_peakfreq,1.4892119010887566
ch1_energy ch2_std ch2_peakfreq,1.4892118959589657
ch2_mean angle_p2p hand_length,1.4889530284041028
ch1_kurt ch2_kurt angle_mean,-1.4884482918557476
ch2_min ch2_skew hand_length,-1.4883396420691881
ch1_skew age exercise,-1.4864717974645378
ch1_meanfreq ch1_peakfreq angle_mean_abs_vel,-1.4847200030387668
ch1_mean ch2_mean ch2_zcr,1.4841881965569759
angle_p2p^2 angle_mean_abs_vel,1.4840296945622944
ch1_kurt^2 ch2_max,1.48192478994577
ch1_kurt angle_mean_abs_vel,1.4814177257648993
ch1_rms ch1_zcr^2,1.4813043551830785
ch1_std ch1_zcr^2,1.4813043508939492
ch1_mean ch1_meanfreq,-1.4810947442293332
ch1_p2p ch2_meanfreq angle_min,1.480625218758098
ch1_max ch1_peakfreq,-1.480592773598081
ch1_skew ch2_mean height,-1.4778376644520979
ch2_min ch2_skew weight,-1.476593798702423
ch1_max^2 ch1_peakfreq,1.4756011612440814
ch1_energy ch1_zcr angle_max,-1.4725906396701742
ch1_kurt ch2_kurt angle_min,-1.47126602673247
ch1_mean ch1_max age,1.470198415694234
ch1_max angle_min angle_max,1.4692330505393505
ch1_min ch1_rms ch2_skew,1.4683211497592332
ch1_std ch1_min ch2_skew,1.468321149299082
ch1_p2p ch2_zcr exercise,-1.4683167499349987
ch2_skew ch2_peakfreq set_type,-1.4674735129043013
ch1_peakfreq ch2_zcr ch2_skew,-1.467196819166734
ch2_min height hand_length,1.4664720328040326
ch1_peakfreq angle_min exercise,-1.4653658857632967
ch1_std angle_std set_type,-1.4645904963062641
ch1_rms angle_std set_type,-1.4645904893579007
ch2_zcr ch2_skew hand_length,1.46443281741888
ch1_energy ch2_energy ch2_skew,-1.4642414136645767
angle_max weight^2,-1.4641102753454749
ch1_energy ch2_skew,1.4639032043424414
ch1_skew angle_max age,1.463146893976791
ch1_max ch1_energy angle_p2p,-1.462502938383765
ch1_min angle_min exercise,1.4623164673692406
ch1_rms ch1_zcr exercise,1.4617079764407188
ch1_std ch1_zcr exercise,1.4617079678861336
ch1_mean ch2_mean,-1.460354504748083
ch1_min ch1_skew set_type,1.458789678050278
ch1_max angle_std set_type,-1.4585806216959751
ch2_peakfreq^2 angle_mean_abs_vel,-1.4585013495051595
ch1_p2p ch1_zcr set_type,-1.4584939062727074
ch2_zcr ch2_meanfreq^2,-1.457488869546433
ch1_energy ch2_rms ch2_energy,1.457393665327332
ch1_energy ch2_std ch2_energy,1.4573936586790284
ch1_min^2 angle_p2p,1.4567642439698316
ch1_energy hand_length,-1.4565925221956497
ch1_energy ch2_kurt angle_std,-1.4554117286407695
ch1_kurt angle_mean^2,-1.4539516823518202
ch1_meanfreq ch1_peakfreq ch2_kurt,1.4539447077282521
ch1_skew angle_p2p^2,-1.453119238663366
ch1_peakfreq ch2_rms height,1.4530603803251019
ch1_peakfreq ch2_std height,1.4530603692259803
ch1_p2p ch1_skew ch2_meanfreq,-1.4530363278050935
ch1_kurt ch2_zcr ch2_kurt,-1.4524394747953462
ch1_rms ch1_energy ch1_peakfreq,1.4517433692305324
ch1_std ch1_energy ch1_peakfreq,1.4517433499452879
ch1_skew ch2_kurt hand_length,1.451707629164578
ch2_mean^2,1.4516245624431057
angle_min age set_type,1.4504131740253259
ch1_max weight,-1.447924591523731
ch1_kurt ch2_kurt exercise,1.446820515811257
ch1_max ch2_zcr angle_mean,1.4454567232181252
ch1_std ch1_energy angle_std,-1.444696694045635
ch1_rms ch1_energy angle_std,-1.4446966724769212
ch1_rms ch2_std ch2_skew,-1.444608894684843
ch1_rms ch2_rms ch2_skew,-1.4446088946596036
ch1_std ch2_std ch2_skew,-1.4446088851220753
ch1_std ch2_rms ch2_skew,-1.4446088850968355
ch1_kurt ch2_skew angle_max,-1.4429525303431177
ch1_min^2 height,1.44142233825867
ch1_energy ch2_max ch2_peakfreq,1.439439940512935
ch1_min angle_p2p height,1.4382647588412836
ch1_max^2 ch1_meanfreq,1.4376094836608646
ch1_max ch2_meanfreq angle_mean,1.436614404615562
ch1_peakfreq ch2_mean ch2_kurt,1.4366099731224677
ch1_max^2 ch2_energy,-1.4350256325557322
ch1_mean ch1_max angle_p2p,1.4348898167680482
ch2_rms angle_mean,-1.434590641082229
ch2_std angle_mean,-1.43459061486189
ch1_std ch1_p2p ch2_meanfreq,-1.4293554382402989
ch1_rms ch1_p2p ch2_meanfreq,-1.4293554363668666
ch1_max ch1_energy angle_min,-1.4263062898358814
ch1_max ch1_energy angle_mean,-1.4254480347224259
ch1_max^2 height,-1.4249265486253369
ch1_max ch1_skew ch2_min,1.42376404503884
ch2_skew ch2_peakfreq,-1.4237487548158352
ch1_min angle_mean angle_p2p,1.4223200326433736
ch1_energy ch1_meanfreq hand_length,1.4218721774731495
ch1_zcr ch2_zcr,1.4218118754923097
ch1_peakfreq ch2_mean ch2_min,-1.421747358142305
ch1_energy ch2_min ch2_energy,-1.4214783762037717
angle_mean_abs_vel hand_length exercise,-1.421245608347336
ch1_kurt ch2_max angle_max,-1.4210557313143806
ch1_max ch1_energy ch1_peakfreq,1.4209615941758538
ch2_zcr ch2_peakfreq^2,-1.4207852736400564
ch1_peakfreq^2 angle_std,-1.4197639097461494
ch1_peakfreq ch2_zcr angle_max,1.4186968872271897
ch1_max angle_max^2,1.418401983409318
ch1_kurt ch2_skew exercise,1.4183514578928553
ch2_skew^2 age,-1.4178122643476176
ch1_peakfreq ch2_skew,-1.4176446097364375
ch1_meanfreq ch1_peakfreq ch2_skew,1.4157624009913197
ch1_std hand_length,-1.4155334060680909
ch1_rms hand_length,-1.4155333852186733
ch1_max ch1_energy ch1_meanfreq,1.4150877626686704
ch2_min height set_type,1.414961670656843
ch1_meanfreq exercise set_type,-1.414164908153714
ch1_kurt^2 angle_p2p,1.4141207085529302
ch2_max ch2_skew angle_mean_abs_vel,-1.4135470101291419
ch2_peakfreq weight hand_length,-1.4131484741042448
height weight,-1.4130609141962156
ch2_zcr age^2,-1.4127130285575693
height exercise,1.4105095697543797
ch1_peakfreq ch2_mean height,1.4104740796071125
ch2_peakfreq^2 exercise,1.4076605001792708
ch1_energy ch1_kurt ch2_meanfreq,-1.4069003970833587
ch1_max ch1_rms ch1_peakfreq,1.4065971368870782
ch1_std ch1_max ch1_peakfreq,1.4065971228728587
ch1_skew hand_length exercise,-1.402496625175903
angle_std angle_mean_abs_vel hand_length,-1.4007366461041388
ch1_kurt ch2_kurt angle_max,-1.400673334017477
ch1_p2p age hand_length,1.4006099290997278
ch1_p2p angle_max exercise,-1.4004578249959967
ch1_energy ch2_skew height,-1.3981626649415526
ch1_std^2 ch1_p2p,1.3968578005854022
ch1_std ch1_rms ch1_p2p,1.3968577911998852
ch1_rms^2 ch1_p2p,1.396857781814368
ch1_energy ch1_peakfreq angle_p2p,-1.3953765051650133
ch1_max ch1_p2p weight,-1.3951767741584384
ch1_std ch2_rms^2,1.3949143595972329
ch1_rms ch2_rms^2,1.3949143568859756
ch1_std ch2_std ch2_rms,1.3949143559681123
ch1_rms ch2_std ch2_rms,1.3949143532568558
ch1_std ch2_std^2,1.394914352338992
ch1_rms ch2_std^2,1.3949143496277367
ch2_min ch2_skew height,-1.3935903793955486
ch1_meanfreq angle_min set_type,1.393215704276542
ch1_min ch2_mean age,-1.3897317999995424
ch1_skew ch2_mean weight,-1.3896143101530234
ch1_kurt ch1_peakfreq ch2_peakfreq,1.3892581859579465
ch1_skew ch1_meanfreq exercise,-1.3885028667067916
ch1_peakfreq ch2_rms ch2_zcr,1.3883692321136771
ch1_peakfreq ch2_std ch2_zcr,1.3883692053686751
ch1_p2p ch2_skew^2,1.387625553275849
ch1_max ch2_zcr weight,1.3872827068745583
ch1_kurt ch2_max angle_std,1.3865108734527345
ch2_p2p hand_length set_type,-1.3856131403884846
ch1_min angle_max angle_p2p,1.3853251373471749
ch1_max^2 ch2_kurt,-1.3828584183370451
angle_mean angle_mean_abs_vel hand_length,1.3816505465673616
ch1_std ch2_peakfreq angle_std,-1.380871929774462
ch1_rms ch2_peakfreq angle_std,-1.3808719096021804
weight^2 set_type,-1.3798680561766012
ch1_min set_type^2,-1.3775973828784307
ch1_min exercise^2,-1.3775973828784307
ch1_min,-1.3775973828784274
age^2 hand_length,-1.3762029887274485
ch1_max ch2_zcr angle_mean_abs_vel,-1.3749022183996042
ch1_p2p angle_min angle_max,1.3748385987585592
ch2_mean ch2_zcr angle_mean_abs_vel,1.3744565705699852
ch1_skew angle_p2p weight,-1.3743118596276522
angle_mean angle_std^2,1.3736231377744466
ch1_std ch1_zcr,-1.3731811771399862
ch1_rms ch1_zcr,-1.3731811577518789
ch2_zcr height weight,-1.3727597378378027
ch1_min ch1_meanfreq height,-1.371789274044442
ch1_mean ch1_max set_type,-1.3712703966031627
ch2_min ch2_skew set_type,-1.368963875704459
ch1_rms ch2_min ch2_zcr,-1.3684928269904268
ch1_std ch2_min ch2_zcr,-1.368492809988361
angle_max angle_mean_abs_vel set_type,-1.367707493417457
ch1_energy ch2_rms ch2_meanfreq,1.3669332311932918
ch1_energy ch2_std ch2_meanfreq,1.3669332303407127
ch1_peakfreq ch2_mean^2,-1.3666714875354586
ch2_zcr weight,-1.3651931894025249
ch1_energy angle_mean age,-1.3651463332438305
ch1_min ch2_zcr angle_p2p,1.364562413907529
ch1_meanfreq ch2_meanfreq set_type,1.3636169286705189
ch2_std ch2_energy,-1.3625142449598473
ch2_rms ch2_energy,-1.3625142344611336
ch1_max ch2_skew ch2_peakfreq,1.361793350788365
ch1_energy ch2_min ch2_rms,-1.3614964542355463
ch1_energy ch2_std ch2_min,-1.3614964484544738
ch1_min ch1_skew angle_std,-1.361354884606725
ch1_zcr ch1_skew angle_p2p,1.361329367748326
ch1_skew ch2_mean,1.3608067673432607
ch1_p2p ch2_skew ch2_peakfreq,1.3605196914431088
ch1_skew ch2_mean ch2_kurt,-1.3604841762532578
ch1_peakfreq angle_std hand_length,-1.3599366591600988
ch1_std ch2_kurt angle_mean,1.35907331432745
ch1_rms ch2_kurt angle_mean,1.3590733079737356
ch2_zcr ch2_meanfreq exercise,1.358910411849738
angle_std angle_min angle_mean_abs_vel,1.3582657118166621
ch1_skew ch2_kurt set_type,1.3573916764255363
ch2_meanfreq angle_mean_abs_vel set_type,-1.3556276271884975
ch1_skew angle_mean age,1.3555620070219834
ch1_rms ch1_zcr angle_max,-1.35428701367671
ch1_std ch1_zcr angle_max,-1.354287002606496
ch2_skew angle_mean_abs_vel weight,1.3535264015969863
ch1_p2p height set_type,1.3525667543770035
ch1_energy angle_min age,-1.3525535760516452
angle_std angle_max angle_mean_abs_vel,1.3514771327797297
ch1_std angle_mean hand_length,-1.3505067254878633
ch1_rms angle_mean hand_length,-1.3505066933674752
ch1_min angle_min hand_length,1.3501292754749161
ch1_p2p ch2_meanfreq ch2_peakfreq,1.3497504932635032
angle_min angle_mean_abs_vel set_type,-1.3497496346079088
ch1_peakfreq ch2_peakfreq age,1.3496629377302456
ch1_energy angle_std set_type,-1.3492242479419287
ch1_rms ch1_meanfreq ch1_peakfreq,1.3478133851228673
ch1_std ch1_meanfreq ch1_peakfreq,1.3478133572483897
ch2_mean angle_std angle_max,1.347199866435844
ch1_rms ch2_min^2,1.345550659566994
ch1_std ch2_min^2,1.3455506538926556
ch1_meanfreq ch2_zcr set_type,1.344294275218942
ch1_skew ch2_mean hand_length,-1.343903656830368
ch2_mean angle_p2p^2,1.3431424026514371
angle_std angle_p2p set_type,1.3411973961243513
ch1_p2p^2,-1.3410481813142905
ch2_meanfreq angle_mean_abs_vel hand_length,1.3404697571347683
ch1_rms ch2_max ch2_peakfreq,1.340068467779954
ch1_std ch2_max ch2_peakfreq,1.3400684672260268
ch2_peakfreq^2 angle_max,-1.3399113132204605
ch2_skew angle_mean^2,1.3391044561901457
ch1_energy angle_min hand_length,-1.338765594703978
ch1_peakfreq ch2_mean ch2_zcr,1.3382104940549935
ch1_p2p ch1_skew angle_std,1.337815781440546
ch2_std angle_std^2,1.3371965338533056
ch2_rms angle_std^2,1.3371965108967003
ch1_energy ch2_energy ch2_meanfreq,1.3367712058431274
angle_std^2 angle_max,1.3360373729223003
ch1_mean ch1_energy^2,1.3335939666273635
ch1_max angle_mean angle_min,1.3334244308670158
ch1_min ch1_meanfreq angle_p2p,-1.3327212033368214
ch1_max set_type,-1.3325874402009652
ch1_mean ch2_zcr angle_p2p,-1.3325814250301178
ch2_mean^2 ch2_energy,1.3323980290039352
ch1_kurt ch2_max ch2_meanfreq,-1.3315745701889226
ch1_min ch1_rms,1.3313468234189636
ch1_std ch1_min,1.3313468186409247
ch1_rms ch1_meanfreq ch2_meanfreq,-1.3307935849607273
ch1_std ch1_meanfreq ch2_meanfreq,-1.3307935756679077
ch1_p2p ch1_energy ch2_peakfreq,-1.3307188963442798
ch2_zcr ch2_kurt,1.3295087713626466
ch1_std ch1_max ch1_energy,1.329431475569928
ch1_max ch1_rms ch1_energy,1.3294314736538086
ch1_std ch1_kurt^2,1.3291001523964416
ch1_rms ch1_kurt^2,1.3291001388975388
ch1_mean^2 ch2_zcr,-1.3276343812485762
ch1_min angle_mean height,1.327372187740903
ch1_mean angle_std set_type,1.3273351166765635
ch2_peakfreq^2,-1.327189513657128
ch1_p2p ch2_mean age,1.3264987806626884
ch1_min^2 ch2_kurt,1.325766225624113
ch1_min hand_length exercise,-1.3256920402779624
ch2_energy weight,-1.3248502504669775
ch1_mean ch1_skew^2,-1.3239400030981705
ch2_max^2 height,1.322726537774879
ch1_meanfreq angle_mean set_type,1.3226378781123356
ch1_energy ch2_meanfreq,1.3215473079520872
angle_mean_abs_vel exercise set_type,1.3199374414186318
age^2 set_type,1.319795667262025
angle_max weight,-1.3193517032108364
ch1_p2p ch2_meanfreq angle_max,1.319073470884764
ch2_meanfreq age hand_length,-1.319021966034985
ch1_min ch2_kurt angle_p2p,1.318992678321051
ch1_peakfreq ch2_energy weight,1.3188821271014672
ch2_zcr,-1.318524886061338
ch2_zcr set_type^2,-1.318524886061312
ch2_zcr exercise^2,-1.318524886061312
ch1_skew ch2_mean age,-1.3181480095012135
ch1_skew ch1_peakfreq ch2_mean,-1.314948221403586
ch1_kurt angle_mean exercise,1.314798780236199
ch1_peakfreq angle_min angle_max,1.313743363257821
weight hand_length exercise,1.3134118685964928
ch1_skew^2 height,1.3127989747911277
ch1_rms ch2_energy ch2_zcr,1.3127194870977674
ch1_std ch2_energy ch2_zcr,1.3127194701949443
ch1_p2p angle_mean_abs_vel set_type,-1.3115232752746113
ch1_p2p angle_mean angle_min,1.3115218489435254
ch2_mean angle_mean angle_std,1.310877713326775
ch1_std ch1_energy ch2_peakfreq,-1.309661684467118
ch1_rms ch1_energy ch2_peakfreq,-1.3096616797427136
ch1_meanfreq ch2_skew angle_min,-1.3096301441627078
ch1_p2p angle_mean exercise,-1.3088762479805855
ch1_min ch1_skew age,1.308622593677041
angle_min angle_mean_abs_vel hand_length,1.30711141768945
ch1_p2p ch2_zcr angle_mean_abs_vel,-1.3066242903257186
ch1_mean^2 exercise,1.3052335615104251
ch2_max ch2_rms ch2_skew,-1.3050015506169488
ch2_std ch2_max ch2_skew,-1.3050015345131303
ch1_std ch2_kurt angle_max,1.3023425328805434
ch1_rms ch2_kurt angle_max,1.3023425256237262
ch1_rms ch2_p2p ch2_meanfreq,1.3022269708604683
ch1_std ch2_p2p ch2_meanfreq,1.302226966528484
ch2_max angle_mean angle_std,-1.3013727774990234
ch1_mean^2 ch2_meanfreq,-1.2995939734746838
ch2_skew angle_mean angle_min,1.2995504034018093
ch1_peakfreq ch2_mean ch2_skew,-1.2994903284804278
ch1_peakfreq exercise^2,1.29923100242432
ch1_peakfreq set_type^2,1.29923100242432
ch1_peakfreq,1.2992310024243166
ch1_zcr ch1_skew ch2_zcr,1.2991231452896892
ch2_mean ch2_energy weight,-1.2991117842061009
angle_mean age set_type,1.299008458159589
ch1_peakfreq ch2_mean angle_p2p,1.2986788603195931
ch1_max angle_p2p age,1.2985526794216669
ch1_peakfreq ch2_skew angle_std,1.2972146173174024
ch1_peakfreq ch2_kurt weight,-1.2970339585838084
ch2_peakfreq age set_type,1.2952608645125312
ch2_skew age,-1.2948598260380568
ch1_std ch1_meanfreq hand_length,1.2946387621986513
ch1_rms ch1_meanfreq hand_length,1.2946387248658457
ch2_skew angle_min^2,1.294344528518452
ch1_rms ch1_p2p angle_max,-1.2937684532006688
ch1_std ch1_p2p angle_max,-1.2937684480666372
ch1_kurt ch2_skew age,1.2934682710254943
ch2_rms ch2_skew weight,1.292533757598127
ch2_std ch2_skew weight,1.2925337493335018
ch1_skew ch2_meanfreq angle_mean_abs_vel,-1.291898976118671
ch1_max ch1_p2p hand_length,-1.2911101947487684
ch1_p2p ch1_skew set_type,-1.2906454572158284
ch1_max^2 set_type,1.2906328900728514
ch1_min ch2_skew ch2_peakfreq,-1.2891143995760448
ch2_peakfreq^2 angle_mean,-1.2876554486653498
ch1_zcr ch1_skew angle_max,1.2873511564075528
ch1_min angle_mean_abs_vel set_type,1.286666914418149
ch2_energy^2 set_type,1.285146590130424
ch1_zcr ch1_kurt ch2_skew,1.28464192521513
ch1_kurt angle_std angle_mean_abs_vel,-1.2819219066607639
ch1_rms ch2_p2p ch2_zcr,1.281325430965429
ch1_std ch2_p2p ch2_zcr,1.2813254169061032
ch2_meanfreq height,-1.2807951572948963
ch1_zcr ch2_kurt exercise,1.2801775846854984
ch1_rms ch1_p2p exercise,1.2800319576014911
ch1_std ch1_p2p exercise,1.2800319563989846
ch1_max^2 ch2_p2p,-1.2793545918233185
ch2_zcr ch2_kurt height,1.2784532556342678
ch1_max ch1_kurt age,-1.2779747603025726
hand_length^2 exercise,1.277864231368844
ch1_meanfreq ch2_zcr angle_p2p,-1.2764333247119168
ch1_min ch2_meanfreq angle_min,-1.274659094892143
ch2_skew^2 weight,-1.2738750551264317
angle_std angle_mean_abs_vel exercise,-1.2734184392478292
ch1_max ch1_zcr angle_p2p,1.2731668774773675
ch1_rms ch2_energy^2,1.2722224659673766
ch1_std ch2_energy^2,1.2722224638142936
ch1_kurt ch2_meanfreq angle_mean,-1.271753199088574
ch1_p2p ch2_zcr angle_min,1.2716781516086366
ch1_skew ch1_meanfreq ch2_mean,1.2697277267433327
ch1_rms ch2_min ch2_meanfreq,-1.2689866419102034
ch1_std ch2_min ch2_meanfreq,-1.268986632720451
ch1_max angle_mean_abs_vel set_type,-1.267266729115286
ch2_kurt exercise,-1.2665096603182682
ch1_meanfreq ch2_skew angle_mean,-1.2654052611765827
ch2_zcr^2 angle_min,-1.2651492053521083
ch1_zcr ch1_skew hand_length,1.265121374536304
ch2_rms ch2_skew height,1.2646063390837279
ch2_std ch2_skew height,1.2646063337026818
ch2_kurt angle_std^2,1.2641450398898981
ch1_std ch2_skew height,-1.262446978820482
ch1_rms ch2_skew height,-1.2624469637815294
ch1_energy ch2_zcr angle_std,-1.2617340508148458
ch2_p2p height set_type,-1.2615247604322555
ch1_zcr ch2_zcr age,-1.2614992180360765
ch1_std ch2_rms ch2_energy,1.2602375616123536
ch1_rms ch2_rms ch2_energy,1.260237561267275
ch1_std ch2_std ch2_energy,1.2602375534591244
ch1_rms ch2_std ch2_energy,1.2602375531140457
ch1_skew ch1_meanfreq ch2_meanfreq,1.259711203398088
ch1_kurt angle_mean angle_max,-1.2587363706266483
ch1_kurt ch2_min ch2_skew,-1.258179866891493
ch1_max ch1_skew angle_p2p,-1.2573879034513666
ch1_min ch1_meanfreq set_type,1.2565889422816807
ch1_skew angle_mean_abs_vel exercise,1.2565255241308098
ch1_zcr ch1_skew angle_mean,1.2562253270398842
ch1_meanfreq ch2_mean angle_p2p,-1.2554347946510374
ch1_p2p ch2_zcr ch2_peakfreq,1.2547411671886657
ch2_skew^2,1.254441813909062
ch2_max angle_mean^2,1.2544252897431991
ch1_peakfreq ch2_zcr angle_std,-1.2525671925230724
ch1_min ch2_meanfreq hand_length,1.2523277516216775
ch2_mean ch2_kurt angle_mean_abs_vel,1.2513499239236676
ch2_meanfreq age^2,-1.249763648312439
ch1_kurt ch2_skew angle_mean_abs_vel,1.2473139516805885
ch1_p2p ch1_skew exercise,1.2468479325846011
ch2_p2p angle_std^2,1.246501436367656
ch2_kurt^2 age,-1.2463320887371987
ch2_max ch2_min ch2_skew,1.2460498645470757
ch1_kurt ch2_peakfreq angle_mean,-1.2454455110123779
ch2_mean angle_mean hand_length,1.2446636138358085
ch1_energy ch1_zcr set_type,-1.2431344906990436
ch1_max^2 ch2_mean,-1.2426403832976924
ch1_skew weight hand_length,-1.2424583905485531
ch1_max ch1_skew angle_std,1.242102854337432
ch2_skew angle_mean angle_max,1.2406106284126486
ch2_mean ch2_rms set_type,-1.240562067531056
ch2_mean ch2_std set_type,-1.2405620116772091
ch2_skew angle_min angle_max,1.240527956676606
ch1_zcr height,1.2404326205030474
ch1_max ch1_skew ch1_kurt,1.2398559988346465
ch1_mean ch1_p2p set_type,-1.239684017149695
ch1_peakfreq ch2_zcr angle_mean,1.2396125785972045
ch1_p2p^2 ch2_peakfreq,-1.2389986386688592
ch1_peakfreq^2 ch2_max,1.2376272050866561
angle_mean_abs_vel^3,-1.2373899032110312
ch1_rms ch1_p2p ch1_energy,1.2373520515929894
ch1_std ch1_p2p ch1_energy,1.237352049719965
ch1_min ch2_peakfreq hand_length,1.236971210198291
ch2_rms ch2_skew hand_length,1.2365929329603451
ch2_std ch2_skew hand_length,1.236592914091767
ch1_max ch1_peakfreq ch2_mean,-1.2364416605279545
ch2_p2p ch2_skew angle_std,1.2363325577615045
ch1_p2p angle_std angle_min,-1.2363166797257783
angle_std age set_type,-1.2358134384310548
ch1_kurt ch2_kurt ch2_meanfreq,-1.2348609302664466
ch2_energy ch2_skew angle_std,1.2347944981860217
ch1_kurt angle_mean angle_min,-1.2343034519964486
ch1_energy ch2_rms ch2_skew,-1.2342654145895797
ch1_energy ch2_std ch2_skew,-1.2342654110727989
ch2_max angle_std angle_min,-1.2342588815444984
ch1_zcr ch2_zcr angle_mean_abs_vel,1.234208702709103
ch1_max angle_mean angle_max,1.233916958241609
ch2_energy angle_std^2,1.2331418109978454
ch2_std ch2_kurt ch2_peakfreq,1.2331043307010496
ch2_rms ch2_kurt ch2_peakfreq,1.2331043241008504
ch1_min ch2_meanfreq exercise,1.2327399650753332
angle_min weight,-1.232317912726617
ch1_min ch2_meanfreq angle_std,1.2321249482243055
ch1_min angle_max height,1.2321048034722037
ch1_p2p angle_mean angle_std,-1.232089827863392
ch1_peakfreq ch2_energy height,1.2314309120482383
ch1_meanfreq ch1_peakfreq ch2_max,1.231144137959492
ch2_max ch2_p2p height,1.2305925158998379
ch1_min angle_max,-1.2304898523823664
ch1_zcr ch2_zcr ch2_kurt,-1.230415092360108
ch1_energy angle_max age,-1.2302433946995257
ch1_max ch1_meanfreq,-1.2278506989516145
ch2_mean ch2_std age,1.2273238594396978
ch2_mean ch2_rms age,1.2273238389262238
ch2_mean ch2_zcr set_type,1.2272336949458127
ch1_rms ch2_min ch2_energy,-1.2270121750416851
ch1_std ch2_min ch2_energy,-1.2270121725102963
ch1_kurt ch2_skew,-1.226826801960862
ch2_meanfreq^3,-1.225947576707798
ch1_p2p angle_std exercise,1.225358045728301
ch1_std ch1_meanfreq angle_std,1.224819966451494
ch1_rms ch1_meanfreq angle_std,1.2248199487623883
ch1_max ch2_skew hand_length,-1.2245896137864656
ch2_energy ch2_peakfreq^2,1.2245660672551542
ch1_zcr ch2_kurt angle_mean,-1.2244744547641657
ch2_std ch2_zcr angle_std,-1.2239409903198855
ch2_rms ch2_zcr angle_std,-1.223940976636476
ch1_peakfreq ch2_skew age,1.2236666746963953
ch1_peakfreq age hand_length,-1.2233686107587445
ch1_min angle_mean angle_min,-1.2226983290388975
ch1_energy ch2_min ch2_zcr,-1.2225450646136657
ch1_max ch1_zcr set_type,-1.2224208436879147
ch2_peakfreq angle_std^2,1.2215668664441237
ch2_zcr ch2_skew weight,1.2213410687673334
ch1_mean ch1_max ch2_kurt,1.221041791894606
ch2_mean age,1.2203743966422758
ch1_rms^2 ch1_peakfreq,1.2187664531657243
ch1_std ch1_rms ch1_peakfreq,1.2187664378882261
ch1_std^2 ch1_peakfreq,1.2187664226107267
ch1_mean^2 angle_min,-1.2184538638765872
ch1_peakfreq angle_mean angle_min,1.2182536435945273
ch1_kurt^2 age,-1.2182395252388611
ch1_peakfreq ch2_meanfreq angle_min,1.2181598473473532
ch1_p2p ch1_skew ch2_peakfreq,-1.2175498917029384
ch1_p2p ch1_skew ch2_kurt,-1.2174946012463561
ch1_energy hand_length exercise,1.2161999445522764
ch1_kurt ch2_zcr height,-1.2159065576673616
ch1_energy angle_max hand_length,-1.2155463828271096
ch1_peakfreq ch2_kurt^2,-1.2148968522827732
angle_mean weight,-1.2139301996917464
ch1_rms ch2_energy ch2_peakfreq,1.2138361870138779
ch1_std ch2_energy ch2_peakfreq,1.2138361744584396
ch1_skew ch1_peakfreq set_type,1.2133364129165274
ch2_kurt age exercise,1.2128075399010365
ch1_min angle_mean,-1.2127839899647712
ch1_skew ch1_peakfreq angle_max,1.21268306432
ch1_min angle_min angle_max,-1.2126591170635885
ch1_max angle_p2p set_type,-1.2126543384855877
angle_p2p hand_length,-1.211045761743055
ch2_peakfreq angle_mean_abs_vel set_type,-1.2105013308721395
ch1_max ch2_mean set_type,-1.2097413830652943
ch2_std angle_std angle_min,-1.2090788864016204
ch2_rms angle_std angle_min,-1.209078863596644
ch2_energy ch2_zcr,-1.2088240978462705
ch1_min ch2_meanfreq^2,-1.2079440798495722
ch2_skew angle_max^2,1.207855642298514
ch2_mean ch2_kurt angle_std,1.2076813289627402
ch1_meanfreq weight,1.2073811868841435
ch1_rms ch2_p2p exercise,-1.2058839256240599
ch1_std ch2_p2p exercise,-1.205883920833188
ch1_energy ch1_skew^2,1.205657019810289
ch1_peakfreq ch2_kurt hand_length,-1.2055538935598857
ch2_skew angle_mean_abs_vel height,1.2053361948120873
ch1_peakfreq ch2_mean ch2_peakfreq,1.2050871883577514
ch1_std ch1_max ch1_skew,1.2050409994437974
ch1_max ch1_rms ch1_skew,1.2050409800498314
ch1_energy ch2_min ch2_skew,1.2044366014413792
ch1_skew ch2_rms angle_p2p,-1.2029981756465324
ch1_skew ch2_std angle_p2p,-1.2029981188955703
ch1_min ch1_skew^2,-1.2025864248492062
ch1_zcr ch2_max angle_std,1.202300497510123
ch1_p2p angle_std angle_max,-1.2016649378670072
ch1_energy height weight,1.2006275695181667
ch1_meanfreq angle_mean_abs_vel hand_length,-1.2003186949083036
angle_std^2 angle_mean_abs_vel,-1.1999145062744194
ch1_energy ch2_p2p ch2_peakfreq,1.1989523171088283
ch2_mean ch2_kurt angle_p2p,1.1989522837002786
ch1_mean ch2_mean ch2_meanfreq,1.1983937460413723
ch1_mean^3,1.1977876527045388
ch1_p2p hand_length^2,1.1975107695981098
ch1_kurt ch2_meanfreq^2,-1.1973532637477984
ch1_std^2 ch1_min,-1.1972965948710903
ch1_std ch1_min ch1_rms,-1.1972965918220762
ch1_min ch1_rms^2,-1.1972965887730616
ch1_rms ch2_p2p ch2_skew,-1.1970768367654132
ch1_std ch2_p2p ch2_skew,-1.1970768271300458
ch2_skew angle_mean exercise,-1.194887164234836
ch1_rms ch2_p2p ch2_peakfreq,1.1947233622711164
ch1_std ch2_p2p ch2_peakfreq,1.194723355412972
ch2_std ch2_zcr angle_mean_abs_vel,-1.1944856911261368
ch2_rms ch2_zcr angle_mean_abs_vel,-1.1944856627661102
ch1_zcr ch2_kurt angle_min,-1.1935579815687336
ch1_p2p ch2_meanfreq angle_mean,1.1929576774673865
ch2_max^2 angle_mean_abs_vel,-1.1922527044029545
ch1_std ch2_mean age,1.1910702125572694
ch1_rms ch2_mean age,1.191070205792466
ch1_min ch2_mean^2,-1.1908347612778678
ch1_zcr^2 angle_mean_abs_vel,-1.1908297564973624
age height hand_length,-1.1904629103825255
ch2_kurt ch2_meanfreq,1.1903709834514302
ch1_max ch2_mean age,1.1903355069026096
ch1_energy ch1_meanfreq ch2_meanfreq,-1.1898331118501366
ch1_rms ch2_min hand_length,-1.1892976896772893
ch1_std ch2_min hand_length,-1.18929768890521
ch2_energy^2 ch2_kurt,1.188790616248021
angle_max angle_mean_abs_vel hand_length,1.1880950205659842
ch1_rms ch2_min exercise,1.1878764184574728
ch1_std ch2_min exercise,1.1878764082577666
ch1_std ch2_max ch2_meanfreq,1.1874274724338432
ch1_rms ch2_max ch2_meanfreq,1.1874274706866585
ch1_max ch2_peakfreq exercise,-1.1867306540383447
ch1_kurt ch2_zcr^2,-1.1866734249853126
ch2_kurt angle_mean_abs_vel hand_length,1.1864875343904022
ch1_p2p^2 ch2_meanfreq,-1.1864732541529428
ch1_skew set_type,-1.1859564934970586
ch2_min height^2,1.1857261025285246
ch1_energy height hand_length,1.1852652144168774
ch2_min^2 set_type,-1.1845531590073193
ch1_skew angle_min angle_mean_abs_vel,-1.1845170228285353
ch1_rms ch1_p2p angle_min,-1.1837665432942623
ch1_std ch1_p2p angle_min,-1.1837665394409667
ch1_kurt angle_p2p^2,-1.1831555792253834
ch2_skew angle_min exercise,-1.1828208529283455
ch1_skew ch2_mean^2,1.1819641571940747
ch1_mean ch2_meanfreq angle_p2p,-1.1816712349961458
ch1_peakfreq ch2_min ch2_zcr,-1.1811489566472853
ch1_max ch1_min,1.1802836129039491
ch1_max ch1_min ch2_peakfreq,1.1800617724637088
ch1_min^2 ch2_zcr,1.1799836554801932
ch1_energy ch2_p2p ch2_zcr,1.1799739067092816
ch1_meanfreq ch2_skew angle_max,-1.1790052652402723
ch1_p2p ch2_skew hand_length,-1.178686859284632
ch1_mean ch2_peakfreq hand_length,-1.1786407199066509
ch1_min angle_min set_type,-1.1771857901203802
ch1_max ch1_skew ch2_p2p,-1.1769383219484584
ch1_zcr angle_std^2,-1.1768246390330774
ch1_mean^2 ch2_kurt,-1.176375851621259
ch2_std angle_std angle_mean_abs_vel,1.1758278777530689
ch2_rms angle_std angle_mean_abs_vel,1.1758278631109058
ch1_energy ch2_p2p ch2_energy,1.1756227301751225
ch1_std ch1_p2p^2,1.1749736981088927
ch1_rms ch1_p2p^2,1.1749736966050746
ch2_min weight set_type,1.1736316718156798
ch1_min ch2_zcr angle_mean_abs_vel,1.1732144796981896
ch1_rms ch1_peakfreq angle_p2p,-1.171106761812609
ch1_std ch1_peakfreq angle_p2p,-1.1711067396839194
ch2_rms angle_std height,-1.1709523479365562
ch2_std angle_std height,-1.170952344509136
ch1_std ch2_kurt ch2_meanfreq,1.170817892266669
ch1_rms ch2_kurt ch2_meanfreq,1.170817885393786
ch1_peakfreq ch2_meanfreq^2,1.1706198220155482
ch1_skew ch1_kurt height,1.1705536065136075
ch2_skew angle_max exercise,-1.1705313370701604
ch1_min ch1_zcr angle_std,-1.1702763063571346
ch1_skew ch2_energy angle_p2p,-1.1701657805702825
ch1_zcr weight,1.1695570307403889
ch1_max ch1_peakfreq hand_length,-1.169369021996797
ch1_rms ch2_p2p angle_min,1.168970860876695
ch1_std ch2_p2p angle_min,1.1689708555041642
ch1_min angle_p2p exercise,-1.1681423600927272
ch1_kurt ch2_peakfreq angle_min,-1.1680601939052992
ch1_meanfreq angle_std set_type,-1.1676313441690436
ch1_peakfreq ch2_mean ch2_p2p,1.1663945726273512
ch2_max angle_mean_abs_vel hand_length,1.1662247440155946
ch1_p2p ch1_zcr angle_p2p,1.1656734857040936
ch2_energy angle_std angle_mean_abs_vel,1.1644085363146441
ch1_skew ch1_peakfreq angle_min,1.1633324119905928
ch1_mean ch1_max ch2_zcr,1.1628714870835344
ch1_p2p angle_p2p set_type,-1.1621799516538796
ch1_meanfreq angle_p2p age,-1.161872727699461
ch2_std weight,-1.161782430750848
ch2_rms weight,-1.1617824108456531
ch1_energy age exercise,1.161095465924381
ch1_rms ch2_min ch2_rms,-1.1609180672356292
ch1_std ch2_min ch2_rms,-1.1609180630735043
ch1_rms ch2_std ch2_min,-1.1609180591524253
ch1_std ch2_std ch2_min,-1.1609180549903007
ch2_mean ch2_peakfreq set_type,-1.1606415306076616
ch1_zcr ch1_skew ch2_meanfreq,1.1606404259653966
ch2_zcr angle_mean height,1.1602808993158513
ch1_mean ch2_kurt,1.1602226069139099
ch1_zcr ch2_mean hand_length,-1.1585253575873757
ch1_mean ch2_zcr ch2_kurt,-1.158323394153945
ch1_zcr angle_min angle_mean_abs_vel,1.158149679505407
ch2_mean angle_mean_abs_vel exercise,-1.1580547972843442
angle_p2p angle_mean_abs_vel^2,1.157638955134541
ch1_rms ch2_min ch2_p2p,-1.1568503795355045
ch1_std ch2_min ch2_p2p,-1.1568503783349686
ch1_kurt,-1.1567995953566612
ch1_kurt set_type^2,-1.1567995953566443
ch1_kurt exercise^2,-1.1567995953566443
ch2_rms ch2_skew angle_min,-1.1564967033599747
ch2_std ch2_skew angle_min,-1.1564966738913036
ch1_zcr ch2_kurt angle_max,-1.156129611024253
ch1_energy ch2_rms ch2_p2p,1.155045278859636
ch1_energy ch2_std ch2_p2p,1.1550452738837387
angle_mean height set_type,-1.1537505375073405
ch1_mean ch1_skew height,1.1531634819281242
ch1_zcr ch1_skew exercise,-1.1529086837531934
ch1_kurt ch2_p2p angle_mean,-1.1519857794974575
ch2_std ch2_peakfreq angle_mean_abs_vel,-1.1515107677717895
ch2_rms ch2_peakfreq angle_mean_abs_vel,-1.1515107471523156
ch2_min^2 weight,-1.1512766082664798
ch1_energy ch2_peakfreq angle_std,-1.150239841438252
ch1_rms ch1_zcr set_type,-1.1501632684614744
ch1_std ch1_zcr set_type,-1.1501632657188372
ch1_max ch1_min ch2_meanfreq,1.1495186841386684
angle_std angle_mean_abs_vel height,-1.1492549413139308
ch1_std angle_mean_abs_vel set_type,-1.1492260008926867
ch1_rms angle_mean_abs_vel set_type,-1.1492259992939615
ch1_kurt ch2_p2p exercise,1.1486946515840946
angle_max age set_type,1.1486687117420333
ch1_p2p^2 exercise,1.148504995182615
angle_mean hand_length,-1.1481317111143654
ch2_meanfreq angle_std angle_mean_abs_vel,1.1463985105475987
ch2_max ch2_peakfreq height,1.1463270779773327
ch1_min ch2_zcr angle_std,1.1456365408756681
ch1_max ch2_zcr angle_p2p,1.1449655928712046
ch1_mean ch1_max ch1_p2p,-1.1444741139031798
ch1_std angle_mean,1.1436330569893234
ch1_rms angle_mean,1.1436330382273652
ch1_kurt ch2_p2p angle_min,-1.1435635887752835
ch1_peakfreq angle_std angle_min,-1.1434737705575566
ch2_peakfreq weight^2,-1.1420517680427968
ch2_meanfreq height set_type,-1.1418835508316396
ch1_meanfreq ch2_skew exercise,1.14088445818676
ch1_energy ch1_zcr ch1_meanfreq,1.1399165247797662
ch2_energy ch2_peakfreq,-1.139695526614857
ch1_max ch1_min exercise,-1.1388214923069733
ch2_skew set_type^2,1.1387549689551595
ch2_skew exercise^2,1.1387549689551595
ch2_skew,1.1387549689551566
ch2_zcr angle_min exercise,1.1386135778875126
ch1_energy ch2_peakfreq angle_mean_abs_vel,-1.138284013875937
ch2_zcr ch2_meanfreq angle_min,-1.1380973777894454
ch1_mean ch1_peakfreq,-1.1375671357813564
angle_max hand_length,-1.137546505229767
ch1_std ch2_peakfreq angle_mean_abs_vel,-1.1374411175071288
ch1_rms ch2_peakfreq angle_mean_abs_vel,-1.1374410970294553
ch2_energy height,-1.1359272279924535
ch1_mean ch2_mean angle_min,1.1354125995309974
ch1_max ch1_p2p ch1_peakfreq,1.1353912674797757
ch1_min height^2,1.1352224601661385
ch1_skew ch2_rms hand_length,-1.1340074627081949
ch1_skew ch2_std hand_length,-1.1340074077452627
ch1_p2p ch1_meanfreq hand_length,1.133204420469646
ch1_max^2 ch1_energy,1.1324233608860057
ch2_kurt height set_type,-1.1322387288009472
ch1_rms ch2_rms ch2_peakfreq,1.132217120711651
ch1_rms ch2_std ch2_peakfreq,1.1322171100089842
ch1_std ch2_rms ch2_peakfreq,1.1322171033711321
ch1_std ch2_std ch2_peakfreq,1.1322170926684647
height exercise set_type,1.1321986968612006
ch1_peakfreq^2 age,1.1314038723285385
ch2_zcr^2 ch2_peakfreq,-1.1310317434635526
ch1_kurt^2,1.1310203584088678
ch1_meanfreq angle_p2p^2,-1.1305007447967605
ch1_rms ch2_min angle_min,-1.1301313680140825
ch1_std ch2_min angle_min,-1.1301313567017042
ch1_kurt angle_min exercise,1.1301227189845717
ch2_std angle_mean angle_std,-1.1300712970912838
ch2_rms angle_mean angle_std,-1.1300712736113683
ch1_p2p angle_max^2,1.1299391316539054
ch1_meanfreq ch2_std^2,1.1284436257518762
ch1_meanfreq ch2_std ch2_rms,1.1284436119284278
ch1_meanfreq ch2_rms^2,1.1284435981049774
ch2_kurt^2,1.1282542816459102
ch1_meanfreq height set_type,1.1265109382207557
ch2_mean age weight,-1.125828137187555
ch1_skew angle_min age,1.1251104479860545
ch2_peakfreq^2 hand_length,1.1248437801004343
ch1_rms ch1_p2p angle_mean,-1.1248112699222228
ch1_std ch1_p2p angle_mean,-1.124811265569695
ch1_p2p ch2_zcr age,1.124709916001317
ch1_energy ch1_kurt^2,1.12462650383521
ch1_kurt ch1_meanfreq set_type,-1.1246168728856782
ch2_std ch2_p2p,-1.1244209402819196
ch2_rms ch2_p2p,-1.1244209384278752
ch1_mean ch1_skew,-1.1241185087968897
age^2,1.1234980063830504
ch2_max ch2_rms height,1.1228911825649694
ch2_std ch2_max height,1.1228911799072478
ch1_zcr ch2_mean angle_p2p,-1.122876060933148
ch2_kurt ch2_meanfreq age,-1.122812600200148
ch2_skew angle_std age,1.1226601726597683
ch2_skew ch2_meanfreq ch2_peakfreq,-1.1225782078674107
ch1_kurt angle_max exercise,1.1223993526200515
ch1_skew ch2_mean ch2_rms,1.1212169921629136
ch1_skew ch2_mean ch2_std,1.1212168963748665
ch2_p2p angle_p2p weight,-1.120372151015268
ch1_kurt ch2_max ch2_zcr,-1.1203302998075495
ch1_rms ch2_energy ch2_meanfreq,1.1201684955107127
ch1_std ch2_energy ch2_meanfreq,1.120168485186987
ch1_peakfreq angle_std exercise,1.1200216394259397
ch1_zcr ch2_skew angle_mean,-1.1199627292792984
ch1_kurt ch2_peakfreq angle_max,-1.1198210204041654
ch1_energy weight set_type,1.1197477426277684
ch2_rms ch2_skew exercise,1.1196762080933316
ch2_std ch2_skew exercise,1.1196761770466686
ch1_meanfreq angle_max set_type,1.119390180275907
ch2_mean ch2_energy hand_length,-1.1192671749131666
ch1_zcr ch2_kurt angle_std,1.1188146653394622
ch1_mean angle_p2p exercise,1.118268170601334
ch2_energy ch2_skew weight,1.1178543615670222
ch1_kurt ch1_meanfreq ch2_max,1.1167507079048042
ch1_energy ch2_energy^2,1.115356070760338
ch1_mean ch2_peakfreq angle_std,-1.1152917653001282
ch1_zcr ch1_skew angle_min,1.1152114592979676
ch1_mean ch2_mean ch2_kurt,1.1141217417576808
ch1_kurt angle_mean_abs_vel hand_length,-1.1133418061249492
ch1_max ch2_peakfreq,-1.1129806073049724
ch1_kurt ch2_skew ch2_meanfreq,-1.111114102546483
ch1_p2p ch2_zcr angle_max,1.1106183299419043
age weight hand_length,-1.110031418108841
ch1_kurt^2 ch2_peakfreq,1.1099910308308538
ch1_skew ch1_peakfreq exercise,-1.109743470156586
ch1_energy ch2_skew angle_mean,1.1093543914943664
ch1_std ch1_kurt ch1_meanfreq,1.1088069240428595
ch1_rms ch1_kurt ch1_meanfreq,1.1088069220515637
ch1_skew ch1_peakfreq ch2_zcr,1.1087787403810683
ch1_std^2 angle_std,-1.1086892531621548
ch1_std ch1_rms angle_std,-1.1086892363046674
ch1_rms^2 angle_std,-1.1086892194471825
ch1_meanfreq angle_p2p hand_length,-1.1074639055488598
ch1_mean^2 angle_max,-1.107201185203336
ch2_std^2,-1.1070048589575237
ch2_std ch2_rms,-1.1070048495582279
ch2_rms^2,-1.107004840158933
ch2_std ch2_min,1.1067181032471707
ch2_min ch2_rms,1.1067180944867623
ch1_peakfreq ch2_peakfreq^2,1.106190720518401
ch1_meanfreq^2 height,1.1052803941901295
ch1_zcr^2 angle_std,-1.1051872651039445
ch1_max ch2_mean ch2_energy,1.1042308826218912
ch2_skew height weight,1.1034093514606886
ch2_kurt angle_min,1.103141017691355
ch1_energy ch2_meanfreq hand_length,-1.1029271384461885
ch1_zcr ch2_max angle_mean,-1.1023827361383198
ch1_peakfreq angle_max exercise,-1.1021995483083589
ch2_rms ch2_zcr age,1.102013315923858
ch2_std ch2_zcr age,1.102013271471248
ch1_rms ch1_p2p angle_p2p,-1.1017587938767877
ch1_std ch1_p2p angle_p2p,-1.1017587859352158
ch1_kurt ch2_kurt angle_std,1.101010189919677
ch1_energy angle_std,-1.100600710021824
ch2_std angle_std exercise,1.1005725258301655
ch2_rms angle_std exercise,1.100572505825982
ch1_skew ch1_peakfreq angle_mean,1.0999506926629024
ch1_p2p ch2_mean ch2_energy,1.0998557692480428
ch1_min ch1_meanfreq angle_std,-1.0994076682961127
ch2_max^2 set_type,1.099229913455702
ch1_rms ch2_p2p angle_mean,1.0989196317003778
ch1_std ch2_p2p angle_mean,1.0989196250751248
ch1_rms ch2_rms ch2_zcr,1.0987523351189024
ch1_rms ch2_std ch2_zcr,1.098752329564089
ch1_std ch2_rms ch2_zcr,1.0987523094243827
ch1_std ch2_std ch2_zcr,1.0987523038695692
ch2_rms ch2_energy set_type,1.0984316088513943
ch2_std ch2_energy set_type,1.098431604551151
angle_max height set_type,-1.0979984498264455
ch1_kurt ch1_peakfreq ch2_skew,1.0978869869804282
ch1_zcr ch1_meanfreq ch2_skew,1.0976784919174745
ch1_energy ch2_min hand_length,-1.0976635046632173
ch1_mean^2 ch2_max,-1.096994768504948
ch2_mean angle_min angle_mean_abs_vel,1.0966346353116156
ch1_meanfreq ch2_mean angle_std,-1.0964854245840086
ch2_mean angle_max hand_length,1.0964095914496883
ch1_std ch1_skew age,-1.0962018995911604
ch1_rms ch1_skew age,-1.0962018755112197
weight exercise,1.0961112250762735
ch1_min ch1_skew angle_mean_abs_vel,-1.09592701316563
ch1_rms ch2_p2p angle_max,1.0955099246469306
ch1_std ch2_p2p angle_max,1.0955099179184908
ch1_mean ch1_max hand_length,1.0948203633170897
angle_min weight hand_length,-1.0943539598923928
ch1_max ch1_zcr ch2_kurt,1.0941627321525893
ch1_rms ch1_p2p ch2_zcr,-1.0939426572292765
ch1_std ch1_p2p ch2_zcr,-1.0939426559028238
ch1_peakfreq ch2_kurt height,-1.0939206520103806
ch1_min ch1_kurt,1.0938861377999176
ch2_mean angle_p2p height,1.0933385865627658
ch1_min weight^2,-1.0926220853035922
ch1_peakfreq ch2_meanfreq exercise,-1.0925987925937384
ch1_zcr ch1_skew height,1.092375393617826
ch1_skew angle_max angle_mean_abs_vel,-1.0921383403822
ch1_kurt ch2_meanfreq angle_min,-1.0919587010133305
ch2_max angle_std exercise,1.0915957767666546
ch1_peakfreq ch2_energy ch2_peakfreq,1.0909743237120257
ch2_skew^2 angle_mean,1.0908529996717502
ch1_kurt angle_std^2,-1.0907894084146124
ch1_min angle_mean set_type,-1.0906519857773398
ch1_min height exercise,-1.0906382428654082
ch1_rms ch1_p2p ch1_meanfreq,1.0904197112301013
ch1_std ch1_p2p ch1_meanfreq,1.0904196934786419
ch1_meanfreq angle_mean angle_p2p,-1.0896148549104359
ch1_zcr ch2_skew angle_min,-1.0895453806716129
ch1_max ch1_skew weight,-1.0893467882108665
ch1_std angle_min hand_length,-1.0887016803065124
ch1_rms angle_min hand_length,-1.0887016518610724
ch1_energy ch2_min^2,1.0884331412623083
ch2_kurt ch2_peakfreq^2,1.0875858019049245
ch1_energy height set_type,1.087521602261893
ch1_peakfreq weight set_type,-1.0870173268452223
ch1_meanfreq angle_p2p exercise,1.0869756318031434
ch1_energy angle_mean_abs_vel hand_length,1.0866255215080356
ch1_max angle_mean^2,1.0858631709976223
ch1_rms ch2_rms ch2_meanfreq,1.085561058661847
ch1_rms ch2_std ch2_meanfreq,1.0855610560758235
ch1_std ch2_rms ch2_meanfreq,1.0855610435614358
ch1_std ch2_std ch2_meanfreq,1.085561040975413
ch1_zcr ch1_peakfreq,-1.08540325246123
ch1_std ch2_max exercise,-1.0849300004521858
ch1_rms ch2_max exercise,-1.0849299984780878
ch2_kurt age set_type,1.084846379568336
ch1_min ch1_rms ch1_energy,-1.0845022777904787
ch1_std ch1_min ch1_energy,-1.084502272350456
ch1_kurt ch2_meanfreq angle_max,-1.083598132585601
ch1_std ch2_max angle_mean,1.0835707381812743
ch1_rms ch2_max angle_mean,1.0835707373835692
angle_p2p^2,-1.0835082316720974
ch1_energy angle_std age,1.0832558937541135
ch2_max angle_mean angle_min,1.0829224170209186
ch1_meanfreq ch2_rms ch2_peakfreq,1.0828456445350942
ch1_meanfreq ch2_std ch2_peakfreq,1.0828456288273327
ch1_energy ch1_meanfreq angle_std,1.0826517741523827
angle_p2p^2 height,1.0819929187738135
ch1_skew ch1_meanfreq height,1.081352658451154
ch2_p2p weight^2,-1.0812446593374392
ch1_max^2 angle_mean_abs_vel,1.0809154936521117
ch1_mean ch1_kurt,-1.080759637567823
ch2_mean ch2_min angle_std,-1.080353640556184
ch2_energy ch2_skew height,1.0802360947276803
ch1_meanfreq^2 ch2_kurt,1.0801531902455663
ch2_min^2 angle_p2p,-1.079987510005815
ch2_mean angle_max angle_mean_abs_vel,1.0798017348501188
ch1_kurt ch2_meanfreq ch2_peakfreq,-1.0783492240970398
ch1_energy ch2_max ch2_meanfreq,1.07811072317855
ch2_mean angle_mean_abs_vel,-1.0780516334677013
ch1_rms ch1_p2p,-1.0776508670003733
ch1_std ch1_p2p,-1.077650855374077
ch1_zcr ch2_skew hand_length,1.0765706225955987
ch1_std ch2_max angle_min,1.0762398827560316
ch1_rms ch2_max angle_min,1.0762398806863676
ch1_kurt ch2_meanfreq exercise,1.0758698707793934
ch1_kurt angle_max^2,-1.0756284620865915
ch2_kurt angle_mean_abs_vel set_type,-1.0752515174180546
ch1_zcr ch1_peakfreq ch2_skew,1.0752361266952661
ch2_rms ch2_skew angle_mean,-1.0751580917422991
ch2_std ch2_skew angle_mean,-1.0751580617165144
ch1_skew ch2_rms weight,-1.0742411463711605
ch1_skew ch2_std weight,-1.074241112512804
ch1_mean ch2_skew ch2_peakfreq,1.0738595018408108
ch1_min ch2_skew hand_length,1.073509763685595
ch1_energy ch1_peakfreq angle_mean_abs_vel,-1.0733889386282287
ch2_zcr angle_min^2,-1.073283511319282
ch1_zcr^2 ch1_skew,-1.0731176406861094
ch1_p2p ch1_kurt age,-1.0728737413267682
ch1_zcr ch1_skew weight,1.0728729745806649
ch2_zcr ch2_meanfreq ch2_peakfreq,-1.0716398682171118
ch2_p2p angle_std angle_mean_abs_vel,1.071520787517363
ch1_rms ch2_min angle_max,-1.0713176795175827
ch1_std ch2_min angle_max,-1.0713176669647901
ch2_meanfreq^2 ch2_peakfreq,-1.0710558707713358
ch1_energy ch2_peakfreq hand_length,-1.070223921389863
ch1_zcr angle_mean angle_mean_abs_vel,1.0693184150813084
ch1_kurt weight^2,-1.0690766842783697
ch2_peakfreq height hand_length,-1.0690649488572128
ch1_kurt ch2_peakfreq exercise,1.0688966352161202
ch2_rms set_type,-1.0669095749361155
ch2_std set_type,-1.0669095642037998
ch1_skew^2 weight,1.0666089281048348
ch2_p2p ch2_skew set_type,1.0665151759372389
ch2_p2p weight hand_length,-1.065600789317879
ch1_std angle_p2p set_type,-1.065535506950904
ch1_rms angle_p2p set_type,-1.065535501814323
ch1_energy ch2_p2p ch2_meanfreq,1.0655294529261718
ch2_mean ch2_meanfreq angle_mean_abs_vel,1.0653485187501628
ch2_energy^2 ch2_peakfreq,1.0649429642240271
ch1_energy ch2_skew ch2_meanfreq,1.0646456359495418
ch1_kurt ch2_p2p ch2_meanfreq,-1.0641973872041446
ch1_kurt angle_min^2,-1.063923686322708
ch2_skew height hand_length,1.0638397846508012
ch1_max ch2_energy ch2_zcr,1.0637947626500974
ch1_min ch1_kurt angle_p2p,-1.0633315742251912
ch1_zcr ch2_mean^2,-1.0626592509192112
ch1_min angle_max exercise,1.0623935700554492
ch1_mean ch1_rms ch2_mean,-1.0615995605663942
ch1_mean ch1_std ch2_mean,-1.0615995320357254
ch1_min angle_mean exercise,1.0610832082284287
ch1_mean ch1_max ch2_meanfreq,1.060194959057849
ch1_max ch2_skew age,-1.0601073195833264
ch2_rms angle_p2p,-1.0597904621247043
ch2_std angle_p2p,-1.059790459042302
ch1_kurt ch2_p2p angle_std,1.0583971845154259
ch2_energy ch2_zcr angle_mean_abs_vel,-1.0578470388010492
ch2_meanfreq age,1.057814386615157
ch1_rms ch1_p2p ch1_peakfreq,1.056972473244978
ch1_std ch1_p2p ch1_peakfreq,1.0569724554118611
ch1_mean ch2_mean exercise,-1.0569377923368717
ch1_energy ch2_rms exercise,-1.0548748470732927
ch1_energy ch2_std exercise,-1.0548748378000972
ch1_zcr ch1_kurt ch2_max,1.0547401986854532
ch2_mean angle_p2p set_type,1.0545123261679743
ch1_std ch2_mean ch2_energy,1.0544340409309647
ch1_rms ch2_mean ch2_energy,1.054434034533467
ch1_min angle_p2p set_type,1.0534340896614578
ch1_min ch2_mean angle_mean_abs_vel,1.0522352819477323
ch1_p2p ch2_skew age,-1.0512197659275624
ch1_std angle_min,1.0510859533910557
ch1_rms angle_min,1.0510859372038084
ch2_mean ch2_min angle_mean_abs_vel,-1.0507923043768645
ch1_max ch1_zcr ch2_peakfreq,1.0502554593369382
ch1_max ch2_min^2,-1.04964725206615
hand_length set_type,1.0496139381427119
ch1_mean ch1_rms ch1_energy,1.0494132195261643
ch1_mean ch1_std ch1_energy,1.0494132087161514
ch1_meanfreq ch2_energy ch2_peakfreq,1.0493219522566735
ch1_meanfreq ch2_skew angle_std,1.0490677042295198
ch1_mean ch1_min set_type,1.04851589772131
ch1_min^2 ch2_max,1.0485025880694085
ch1_p2p height^2,-1.0484365053833098
ch1_kurt ch2_zcr,1.0480944018480352
ch2_min^3,1.04805174003317
ch1_max ch1_skew set_type,-1.047888738579576
ch2_p2p ch2_energy,-1.047851311859383
ch1_p2p ch2_mean angle_mean_abs_vel,-1.0478251664950013
ch1_kurt angle_min angle_max,-1.047270442185137
ch1_energy ch2_rms angle_min,1.0468348885447583
ch1_energy ch2_std angle_min,1.0468348778139174
ch1_max ch1_p2p ch1_meanfreq,1.046804905767275
ch1_std ch1_min ch2_peakfreq,1.0460814362801811
ch1_min ch1_rms ch2_peakfreq,1.04608142780059
ch1_energy ch1_zcr ch2_meanfreq,-1.0459820651889464
ch1_zcr ch2_max angle_min,-1.0455780494960645
ch1_p2p weight set_type,1.0450500051517837
ch2_skew angle_mean angle_std,-1.0450130185596114
ch1_std angle_mean age,-1.0449508357537503
ch1_rms angle_mean age,-1.0449508168960708
ch1_skew ch2_skew hand_length,-1.0439137668026688
ch1_min height,-1.0424511393181557
ch1_std ch1_max ch1_min,-1.042058569181793
ch1_max ch1_min ch1_rms,-1.0420585664945834
ch1_peakfreq^2 ch2_p2p,1.0412540588825139
ch2_mean ch2_p2p angle_std,1.0405879939103972
age height,1.040528439683
ch2_rms ch2_p2p ch2_skew,-1.0403464550661798
ch2_std ch2_p2p ch2_skew,-1.0403464430623215
ch2_max ch2_energy height,1.0402763537832367
ch2_skew angle_mean_abs_vel age,1.0402426602521817
ch1_min^2 ch2_p2p,1.039635921525187
ch2_energy angle_max,-1.039469942732576
ch1_energy ch2_energy exercise,-1.039143594907694
ch2_p2p hand_length^2,-1.0390258208989722
ch1_max ch2_peakfreq angle_mean_abs_vel,-1.0389896108161158
ch1_min ch2_mean ch2_energy,-1.0388964814083574
angle_std angle_p2p hand_length,1.0388323117191083
ch1_meanfreq weight^2,1.0387584541812658
angle_std^2 exercise,-1.0379053783203043
ch1_p2p angle_mean angle_max,1.0374112496623802
ch2_mean ch2_energy height,-1.0372463622000938
ch2_min^2 ch2_zcr,-1.0369425453718093
ch1_rms ch1_zcr ch1_meanfreq,1.0366246772960641
ch1_std ch1_zcr ch1_meanfreq,1.0366246680419706
ch1_skew angle_mean angle_mean_abs_vel,-1.036561051615516
ch1_mean angle_max angle_p2p,-1.0363905925807324
ch1_kurt ch2_p2p angle_max,-1.0361058556888907
ch1_mean ch1_rms angle_p2p,1.035655107743373
ch1_mean ch1_std angle_p2p,1.035655102931045
ch2_zcr^2 angle_max,-1.0353538284798187
ch1_min angle_min height,1.0353393365443682
ch2_max ch2_p2p ch2_skew,-1.0353203141910616
ch1_energy angle_mean_abs_vel set_type,-1.0351302004092866
ch1_peakfreq ch2_rms hand_length,1.034954133612315
ch1_peakfreq ch2_std hand_length,1.0349541197171677
ch1_max angle_mean_abs_vel^2,-1.03484100655221
ch1_peakfreq ch2_skew angle_mean_abs_vel,-1.0347539696705574
ch1_peakfreq angle_mean angle_p2p,-1.034482105093599
ch2_skew ch2_peakfreq angle_min,-1.0343501136824942
ch2_rms ch2_energy ch2_kurt,1.0342056874306624
ch2_std ch2_energy ch2_kurt,1.034205687099254
ch1_mean ch1_p2p ch2_kurt,1.0334710029547902
ch1_kurt angle_mean angle_std,1.0333543410226862
ch2_min ch2_zcr weight,1.0328107163296902
ch2_energy ch2_skew hand_length,1.0325890741009764
ch1_p2p ch1_energy ch1_peakfreq,1.0323214194238055
ch2_min set_type,1.0321948897400681
ch1_max ch2_min set_type,1.0314891904270032
ch1_meanfreq^2 ch2_skew,1.0312633805917049
ch1_rms ch2_max ch2_zcr,1.0309069717415125
ch1_std ch2_max ch2_zcr,1.0309069627076177
ch2_mean ch2_p2p angle_mean_abs_vel,1.0293212113629893
ch1_energy^2 angle_p2p,-1.029192454451356
ch2_rms ch2_skew ch2_peakfreq,-1.0291910575554606
ch2_std ch2_skew ch2_peakfreq,-1.0291910195796101
ch1_meanfreq ch2_p2p ch2_peakfreq,1.029049167422464
ch1_kurt^2 height,1.0288291332661985
ch1_std ch1_zcr ch1_kurt,1.0284503003230436
ch1_rms ch1_zcr ch1_kurt,1.0284502985032475
ch1_max ch1_energy ch2_zcr,-1.0276899941023991
ch1_mean ch2_kurt angle_p2p,-1.0274916532367553
ch1_p2p ch1_skew angle_mean_abs_vel,1.0272157091300802
ch2_zcr angle_max height,1.026410703908589
ch2_kurt angle_max,1.0262890338547153
ch1_energy ch1_zcr hand_length,1.025802070250158
ch2_skew angle_p2p weight,1.0257247489676005
ch2_std ch2_meanfreq angle_std,-1.0256506452236938
ch2_rms ch2_meanfreq angle_std,-1.0256506224675377
ch1_p2p ch1_meanfreq height,1.0250731839172813
ch1_energy ch2_energy angle_min,1.0249680430998152
ch1_p2p ch2_peakfreq exercise,-1.0248456851449752
ch1_mean angle_p2p hand_length,-1.0246806306540668
ch1_meanfreq age^2,1.0246786039980234
ch2_energy angle_std angle_min,-1.0245272796353935
ch2_max ch2_min height,-1.0242301227158659
ch1_zcr ch2_max exercise,1.0238243129445015
ch1_kurt angle_mean_abs_vel age,-1.0232540482692538
ch1_skew angle_std hand_length,-1.022587660988342
ch1_peakfreq angle_std height,-1.0219932940073142
ch2_min weight,1.0216948880225796
ch1_min ch2_meanfreq angle_p2p,1.0216371180062294
ch1_skew angle_min^2,-1.0209207709360275
ch1_mean ch1_max exercise,-1.0200506404501724
ch1_skew ch2_min^2,-1.0186412774630824
height^2 weight,1.017900884070326
ch1_energy ch2_skew angle_std,-1.0177060380305127
ch1_max ch1_p2p^2,1.01733150300308
angle_p2p weight,-1.0172352358107237
ch1_max ch1_kurt ch2_skew,1.0169676719611778
ch1_min ch2_energy ch2_skew,1.0166483449803991
ch2_mean^2 set_type,-1.01650554816772
ch1_std ch1_energy ch2_kurt,1.0163471972423823
ch1_rms ch1_energy ch2_kurt,1.0163471908594452
ch2_energy ch2_peakfreq angle_mean_abs_vel,-1.0161151844388663
ch1_kurt angle_p2p angle_mean_abs_vel,-1.0159239281749475
ch1_skew ch2_rms ch2_zcr,-1.0152044594332166
ch1_skew ch2_std ch2_zcr,-1.0152044401018654
angle_min height set_type,-1.0141996463611307
ch1_meanfreq ch2_zcr angle_min,1.0137906547146351
ch2_peakfreq^2 height,1.0137759426024036
ch1_zcr ch2_meanfreq,1.013525143372928
ch1_zcr angle_mean_abs_vel exercise,-1.0133299625312702
ch2_max ch2_rms,-1.0126836087476057
ch2_std ch2_max,-1.0126836024643027
ch2_min ch2_zcr^2,1.012565837176367
ch1_max ch1_min angle_max,1.012082943922163
ch1_peakfreq angle_mean exercise,-1.011722951763296
ch2_min ch2_energy,1.0113413020389284
ch1_rms ch1_energy angle_p2p,-1.0112929507660235
ch1_std ch1_energy angle_p2p,-1.0112929469750078
ch1_min angle_min angle_p2p,1.010894524473015
ch2_zcr ch2_meanfreq angle_max,-1.010788400000842
ch2_mean angle_p2p weight,1.0106608794676963
ch1_min ch2_meanfreq height,1.0106448445840581
ch1_skew ch2_peakfreq hand_length,1.010194271639439
ch1_mean ch1_p2p age,1.0099040633604666
ch1_min angle_min,-1.0086280888669195
ch1_max ch2_meanfreq hand_length,1.0084112995154872
angle_mean height^2,1.0076240319206773
ch1_peakfreq angle_mean angle_std,-1.0069817340274487
ch1_skew ch2_peakfreq angle_mean_abs_vel,-1.0068181804948595
ch2_zcr angle_mean_abs_vel set_type,-1.0067617878294763
ch2_max angle_std angle_max,-1.0066133136356508
ch1_skew^2 angle_mean_abs_vel,1.006587005293742
ch1_peakfreq ch2_energy ch2_meanfreq,1.0063138814122794
ch1_energy ch2_rms angle_max,1.005972709968762
ch1_energy ch2_std angle_max,1.0059727031520547
ch1_energy weight,-1.005769271779592
ch1_meanfreq angle_max angle_p2p,-1.0057601674059382
ch1_energy ch2_energy angle_max,1.004519585775996
ch1_std angle_min age,-1.0045117719013799
ch1_rms angle_min age,-1.0045117521978588
ch2_energy^2 angle_std,-1.0043040716234901
ch1_energy ch1_zcr age,1.0041558478825394
ch1_zcr ch2_min ch2_skew,-1.0040246383592737
ch2_rms ch2_peakfreq age,1.0034443064680845
ch2_std ch2_peakfreq age,1.0034442737425642
ch2_peakfreq set_type,-1.0020027668236766
ch1_std angle_max hand_length,-1.0018694322305128
ch1_rms angle_max hand_length,-1.001869400565607
ch2_max angle_mean exercise,-1.0018252461921602
ch1_min ch1_zcr angle_p2p,-1.0016175040138553
ch1_skew weight set_type,1.00161056679322
ch2_mean ch2_skew age,1.0012898026050754
ch2_energy exercise,1.0011608059404318
ch1_zcr angle_p2p,1.000827177395802
ch1_zcr angle_mean angle_std,1.0007179928745353
ch1_rms ch2_min angle_mean,-0.999772071793514
ch1_std ch2_min angle_mean,-0.9997720593734711
ch1_meanfreq ch2_min ch2_peakfreq,-0.9994211353532138
ch1_meanfreq ch2_peakfreq set_type,0.9990111576417
ch1_max ch1_p2p ch2_energy,-0.9988961020095565
ch1_zcr^2 ch2_kurt,0.9973570015335387
ch1_skew ch1_kurt hand_length,0.9968001587844944
ch1_p2p^2 angle_max,-0.996234080004453
ch2_mean ch2_skew,-0.9962110553704302
ch1_std ch2_max angle_max,0.9946090259967164
ch1_rms ch2_max angle_max,0.9946090252561811
ch1_energy ch1_peakfreq angle_std,-0.9940076273203906
ch1_zcr ch1_kurt ch2_kurt,0.9939357768036006
ch1_meanfreq ch2_mean hand_length,-0.9933108336062109
ch1_peakfreq angle_p2p exercise,0.9931415571476683
ch1_min ch2_meanfreq ch2_peakfreq,-0.9929573424510784
ch1_kurt ch2_zcr angle_mean,-0.9927236481047629
ch1_energy ch2_rms angle_mean,0.9925993890060386
ch1_energy ch2_std angle_mean,0.9925993803196567
ch1_energy ch2_max ch2_zcr,0.9925960424456441
ch2_zcr angle_max exercise,0.9923121001437455
age hand_length exercise,0.9920825898721408
ch1_p2p ch1_zcr,-0.9919746572055826
ch2_max ch2_energy set_type,0.9908500710077605
ch1_std angle_max,0.9906470924852628
ch1_rms angle_max,0.9906470788963491
ch1_zcr ch1_peakfreq ch2_kurt,0.9905347485248658
ch1_kurt ch2_min^2,-0.9904920766404662
ch1_energy^2 ch2_peakfreq,-0.9903887839182071
ch2_mean ch2_skew weight,0.9899562871134433
ch1_p2p ch1_energy ch2_meanfreq,-0.9895026353925966
ch1_max ch2_meanfreq angle_p2p,0.9893704593467043
ch1_std ch1_zcr hand_length,0.9889325037757326
ch1_rms ch1_zcr hand_length,0.988932473807776
ch1_zcr ch2_skew angle_std,0.9887794412876438
ch1_min ch2_skew age,0.9884061194860501
ch1_peakfreq height weight,0.9883670284477746
ch1_zcr ch2_peakfreq angle_std,0.9881612464910475
ch1_min ch1_peakfreq set_type,0.9876659408475242
ch1_max ch2_mean angle_mean_abs_vel,-0.9873665634412225
ch1_zcr angle_max,0.9871350922805326
ch2_p2p set_type,-0.9870955813239304
ch2_energy weight^2,-0.9868477710635042
ch2_std angle_std angle_max,-0.9863519053467534
ch2_rms angle_std angle_max,-0.9863518843446049
ch1_meanfreq ch2_meanfreq angle_p2p,-0.9861506177086353
ch2_rms ch2_peakfreq height,0.9860775305883633
ch2_std ch2_peakfreq height,0.9860775216154932
ch1_meanfreq ch2_zcr angle_std,-0.9855160473169491
ch1_peakfreq ch2_energy set_type,-0.9851582368754115
ch1_peakfreq angle_max^2,0.9851369040498567
ch1_energy ch1_zcr ch1_kurt,0.9850002510695812
ch1_max ch1_rms ch2_p2p,-0.9848567157769448
ch1_std ch1_max ch2_p2p,-0.9848567143822977
ch2_mean angle_mean angle_mean_abs_vel,0.9841436075955805
ch2_skew ch2_meanfreq set_type,-0.9838881202583286
ch1_min ch1_zcr,0.9838575994993051
ch1_min ch1_kurt angle_std,-0.9838256836978401
angle_min hand_length,-0.9835153794267619
ch1_std age weight,0.9832444260281239
ch1_rms age weight,0.9832444068770173
ch1_min ch2_zcr hand_length,0.9822774060718419
ch2_rms ch2_skew ch2_meanfreq,-0.982073440485736
ch2_std ch2_skew ch2_meanfreq,-0.9820734113658509
ch2_rms ch2_kurt ch2_meanfreq,0.9797878300895161
ch2_std ch2_kurt ch2_meanfreq,0.9797878195519648
ch2_meanfreq^2 exercise,0.9791381417687255
ch1_kurt ch2_peakfreq angle_std,0.9791047347067645
ch1_skew ch2_meanfreq weight,0.9786101877915256
ch1_p2p angle_mean^2,0.9785632250897821
ch1_max ch2_skew^2,0.9780274074941566
ch2_min ch2_skew,0.977896556394076
ch2_energy angle_mean,-0.9774816393422933
ch1_max^2 ch1_min,-0.9773626999500202
ch1_mean ch1_max angle_max,0.9762352724627712
ch1_kurt ch1_meanfreq ch2_kurt,0.9759724536023512
ch1_std ch2_p2p^2,0.9758742947440673
ch1_rms ch2_p2p^2,0.9758742882610132
ch1_skew angle_min hand_length,0.9755904647853784
ch1_zcr height hand_length,-0.9755680230536723
ch2_std angle_mean^2,0.9749298377975053
ch2_rms angle_mean^2,0.9749298284667816
ch1_zcr ch2_kurt ch2_meanfreq,-0.9742362942669968
ch2_energy angle_min,-0.9739296329611351
ch2_min ch2_meanfreq weight,0.9729978583590146
ch1_zcr angle_mean^2,-0.9721404249532648
ch1_std ch1_max ch1_kurt,0.971573784062721
ch1_max ch1_rms ch1_kurt,0.9715737840348717
ch1_peakfreq angle_std angle_max,-0.9715170714252925
ch2_peakfreq age hand_length,-0.9714055188497248
ch1_min ch1_zcr hand_length,-0.9712072715211189
ch1_mean angle_p2p^2,-0.9704388194992632
ch1_energy ch2_min weight,-0.969906851556372
ch1_kurt ch2_zcr ch2_meanfreq,-0.9696857138787469
ch1_mean ch2_mean set_type,0.9692116211253146
ch1_zcr^2 ch2_max,0.9691479129690793
ch2_energy angle_mean angle_std,-0.9679431675625492
ch2_meanfreq weight,-0.9677960592641888
ch2_max ch2_energy,-0.9666717911450846
ch1_mean ch1_max ch2_max,0.9663949777523835
ch1_p2p ch1_energy angle_p2p,-0.9661534302223567
ch1_zcr age hand_length,-0.9655059454867637
age^2 exercise,0.9652726658414887
ch2_max ch2_peakfreq angle_mean_abs_vel,-0.9651802660844411
ch1_kurt ch2_p2p ch2_zcr,-0.9648431365187247
ch1_skew angle_max^2,-0.9648056391936501
ch2_std ch2_peakfreq^2,0.9643169977891208
ch2_rms ch2_peakfreq^2,0.9643169775988707
ch1_max ch2_peakfreq angle_min,0.9642025365170328
ch2_max angle_mean angle_max,0.963231538271315
ch1_min angle_mean_abs_vel exercise,-0.963092712235357
ch1_meanfreq ch2_zcr hand_length,-0.9625695463120008
ch1_min ch1_skew angle_p2p,-0.9623775253366391
ch1_std ch2_p2p ch2_energy,0.9618810552470154
ch1_rms ch2_p2p ch2_energy,0.9618810523494299
ch1_kurt angle_std angle_min,0.9615051472584873
ch1_mean ch2_skew^2,0.9614999979741612
ch1_mean ch1_p2p ch2_max,0.9610800911688787
ch1_energy ch2_energy angle_mean,0.9605360643870001
ch1_std^2 angle_p2p,-0.960491973064235
ch1_std ch1_rms angle_p2p,-0.9604919702658272
ch1_rms^2 angle_p2p,-0.9604919674674179
ch1_zcr exercise,-0.9602893381913689
ch2_p2p angle_std height,-0.9602523979567962
ch1_energy ch2_min ch2_p2p,-0.9600010429689139
ch1_energy ch1_kurt ch1_meanfreq,0.9598019303829122
ch1_rms ch2_min height,-0.9594824286253213
ch1_std ch2_min height,-0.959482418726195
ch1_skew angle_min angle_max,-0.9593867970246632
ch1_kurt ch2_max ch2_kurt,-0.9593809900148048
ch1_min ch1_energy age,-0.9590075467469732
ch1_std ch2_kurt ch2_peakfreq,0.9582243126394907
ch1_rms ch2_kurt ch2_peakfreq,0.9582243036460762
ch2_zcr hand_length set_type,-0.9576500707406816
ch2_skew exercise set_type,0.9576434642698839
ch1_zcr ch2_meanfreq angle_mean_abs_vel,0.9575671680911574
ch2_rms ch2_p2p ch2_kurt,0.9572487775785067
ch2_std ch2_p2p ch2_kurt,0.9572487698425689
ch1_peakfreq angle_p2p^2,-0.9572095766242034
ch2_zcr angle_min height,0.9568497605669929
angle_min^2 angle_mean_abs_vel,-0.9562467812925994
ch2_max angle_std height,-0.9562450077414684
ch1_zcr angle_max angle_mean_abs_vel,0.9561002402710594
ch1_max ch1_min angle_min,0.9560065312477183
ch1_energy ch2_max angle_mean,0.9555714160483757
ch1_skew ch1_kurt angle_p2p,0.9554613037217697
ch1_rms ch1_zcr ch2_meanfreq,-0.9553902654013663
ch1_std ch1_zcr ch2_meanfreq,-0.9553902516555969
ch1_mean ch1_min,0.9553392950234422
ch2_mean hand_length exercise,-0.9552781715377558
ch2_max ch2_rms ch2_kurt,0.9552094084319916
ch2_std ch2_max ch2_kurt,0.955209405211593
ch1_meanfreq angle_std angle_mean_abs_vel,-0.9550214757206803
ch1_p2p^2 angle_min,-0.9545302430092829
ch2_mean ch2_meanfreq hand_length,0.9544529531566197
ch1_kurt^2 ch2_p2p,0.9543422486621235
ch1_skew ch2_energy ch2_zcr,-0.9542186210121849
ch1_peakfreq ch2_zcr weight,0.9533955587363017
ch2_max hand_length set_type,-0.9529601822692274
ch2_zcr ch2_skew ch2_peakfreq,-0.9526567405410316
ch1_energy ch2_p2p exercise,-0.9526085724871762
ch1_energy ch2_kurt^2,-0.9522655115946931
ch1_kurt^2 ch2_kurt,0.9521678540957843
ch1_max ch1_p2p age,-0.9520354352505239
ch1_skew angle_mean_abs_vel hand_length,-0.9518812168663352
ch1_skew^2 ch2_max,-0.9515226532968899
ch1_max ch1_peakfreq angle_p2p,-0.9514700431902177
ch1_zcr ch1_skew^2,-0.9513215694574569
ch1_skew ch2_mean ch2_energy,0.9507626169482843
ch1_energy ch2_max exercise,-0.9501077313037282
ch2_rms angle_mean_abs_vel set_type,-0.9496732985431234
ch2_std angle_mean_abs_vel set_type,-0.9496732891229451
ch1_energy ch2_max angle_min,0.948913320930045
ch1_kurt ch2_meanfreq angle_std,0.9479444320039613
ch1_zcr ch1_meanfreq angle_mean_abs_vel,-0.947796627609164
ch1_max ch1_zcr,-0.9474518883517296
ch1_std weight,-0.9470466448147489
ch1_rms weight,-0.9470466355204586
ch1_std ch1_skew set_type,-0.9466309966546628
ch1_rms ch1_skew set_type,-0.9466309914561082
ch1_max ch1_rms ch2_max,-0.9466155257816795
ch1_std ch1_max ch2_max,-0.9466155196735959
ch1_kurt angle_min set_type,0.946539125402148
ch2_meanfreq angle_p2p weight,-0.9459808887458248
ch1_rms ch2_min ch2_peakfreq,-0.9456310259682152
ch1_std ch2_min ch2_peakfreq,-0.9456310143147344
ch1_mean angle_p2p weight,-0.9455880802395057
ch1_energy ch2_min ch2_meanfreq,-0.9454444759374674
ch1_std ch1_zcr age,0.9447253746708689
ch1_rms ch1_zcr age,0.9447253496417843
ch1_meanfreq ch2_min weight,-0.9447200767569995
ch1_zcr ch2_skew angle_max,-0.9446204878840292
ch1_zcr angle_mean exercise,0.9445948076722233
ch1_rms ch1_energy,-0.9443644722688644
ch1_std ch1_energy,-0.9443644418232116
ch2_p2p angle_mean_abs_vel set_type,-0.9436609172983397
ch1_meanfreq ch2_max ch2_peakfreq,0.9421858589991785
ch1_peakfreq ch2_meanfreq angle_max,0.9418181649357036
ch1_mean ch2_mean hand_length,-0.941813290804106
ch1_p2p ch2_zcr angle_mean,0.9402559122369429
ch2_mean height^2,0.9401392642287991
angle_mean_abs_vel weight^2,-0.9395298739502468
ch2_max ch2_rms hand_length,0.9394618649353415
ch2_std ch2_max hand_length,0.9394618525254387
ch1_kurt angle_std exercise,-0.9378173360870852
ch2_max height set_type,-0.9374391781883852
ch1_p2p ch1_energy^2,0.9369645859760212
ch1_std angle_min angle_mean_abs_vel,-0.9366267230468419
ch1_rms angle_min angle_mean_abs_vel,-0.9366267052346873
ch2_mean angle_mean_abs_vel hand_length,0.93657632831436
ch1_p2p ch1_zcr hand_length,0.9362284542624576
ch2_std angle_mean exercise,-0.9353367757936085
ch2_rms angle_mean exercise,-0.9353367743891312
ch2_skew angle_std angle_min,-0.9346276368447044
ch1_mean ch1_min ch2_p2p,-0.9346007960792441
ch1_energy ch2_meanfreq age,-0.9344865403569407
ch2_min angle_mean_abs_vel set_type,0.9344611453446816
ch1_std ch2_zcr angle_mean_abs_vel,-0.9343089618391999
ch1_rms ch2_zcr angle_mean_abs_vel,-0.9343089367259828
ch1_p2p ch2_peakfreq angle_mean_abs_vel,-0.9334497022270076
ch1_zcr ch2_rms ch2_skew,0.9330032763822338
ch1_zcr ch2_std ch2_skew,0.9330032642006876
ch1_std ch2_zcr ch2_kurt,0.932293460023341
ch1_rms ch2_zcr ch2_kurt,0.9322934561737635
ch1_mean^2 ch2_p2p,-0.9321633519519998
ch1_min exercise,0.9316214761485692
ch1_min^2 ch1_p2p,-0.9316177201316215
ch1_zcr ch1_peakfreq ch2_max,0.931114917791025
ch2_skew angle_std angle_mean_abs_vel,0.9305189903041062
ch1_meanfreq ch2_zcr ch2_peakfreq,0.93040139622133
ch1_mean ch1_p2p ch2_p2p,0.9302577821595812
ch2_energy weight hand_length,-0.9302529957639118
ch1_rms ch2_energy height,0.9302452808613983
ch1_std ch2_energy height,0.9302452622944093
ch2_std angle_mean angle_min,0.9296700064271964
ch2_rms angle_mean angle_min,0.9296699964425919
ch1_energy ch2_p2p angle_min,0.9295734877101354
ch1_std angle_max age,-0.9292063911701939
ch1_rms angle_max age,-0.9292063758118316
ch1_rms ch2_energy hand_length,0.9290719937999514
ch1_std ch2_energy hand_length,0.9290719804130948
ch1_min ch1_energy^2,-0.9278503933463641
ch1_energy ch2_zcr angle_mean_abs_vel,-0.927584704173837
ch1_mean angle_min angle_p2p,-0.927492324692244
ch1_p2p ch1_skew angle_min,-0.9269219223280749
ch2_meanfreq,-0.9263847736022917
ch2_meanfreq set_type^2,-0.926384773602289
ch2_meanfreq exercise^2,-0.926384773602289
ch1_min^2 ch2_skew,-0.9261054394207274
ch2_rms ch2_kurt exercise,-0.9259906547188604
ch2_std ch2_kurt exercise,-0.9259906383672466
ch1_p2p angle_mean_abs_vel exercise,0.9256891532075282
ch1_rms ch2_min weight,-0.9256432439848402
ch1_std ch2_min weight,-0.9256432360401818
ch1_min^2 ch2_min,-0.9254418625423861
ch2_skew ch2_peakfreq exercise,0.9253677263648168
ch1_min ch2_meanfreq angle_max,-0.9253373025520555
ch1_skew ch2_rms height,-0.9252403122767711
ch1_skew ch2_std height,-0.9252402795094693
ch1_meanfreq angle_min^2,0.9247661593000844
ch1_rms ch1_kurt ch2_zcr,-0.9247588609519288
ch1_std ch1_kurt ch2_zcr,-0.924758848085345
ch1_zcr ch2_p2p angle_std,0.9247525465666417
ch1_p2p ch1_energy angle_max,-0.9244946863440728
ch1_zcr ch1_peakfreq angle_mean_abs_vel,-0.9242652179916839
ch1_max ch2_zcr height,0.9242367006383545
ch2_mean ch2_kurt age,-0.9234719306348176
weight^3,-0.9234249982763325
ch2_skew angle_min set_type,-0.9231895568049662
angle_max weight hand_length,-0.9231793565923342
ch2_skew ch2_peakfreq hand_length,0.9230168146498332
ch1_kurt weight,0.9227357469904005
ch1_rms ch1_peakfreq angle_mean_abs_vel,-0.9225145072784582
ch1_std ch1_peakfreq angle_mean_abs_vel,-0.9225144897238688
ch2_zcr angle_p2p,-0.9223640931149988
ch1_std ch2_rms ch2_p2p,0.9222589297353163
ch1_rms ch2_rms ch2_p2p,0.9222589273259798
ch1_std ch2_std ch2_p2p,0.9222589225645574
ch1_rms ch2_std ch2_p2p,0.9222589201552207
ch1_peakfreq ch2_mean ch2_meanfreq,0.9220489900216099
ch1_max ch2_mean ch2_min,-0.9215720340244195
ch1_kurt^2 angle_mean,0.9211869138973763
ch1_min ch1_energy ch2_kurt,-0.9210609939438622
ch2_skew ch2_peakfreq angle_mean,-0.9209812186221509
ch1_p2p angle_p2p height,-0.9206344301014501
ch1_zcr age,0.9206238168165408
ch2_peakfreq angle_std angle_mean_abs_vel,0.9203998248435412
ch1_meanfreq ch2_kurt angle_p2p,-0.9199050553498008
ch1_p2p ch2_energy ch2_zcr,0.9197760691056844
ch1_energy ch1_peakfreq ch2_kurt,0.9194535160807041
ch1_min angle_mean angle_mean_abs_vel,0.9193697117789081
ch1_min ch2_meanfreq,-0.9191702014078933
ch1_energy ch2_kurt exercise,-0.9184008943181158
ch2_energy ch2_meanfreq,-0.9182292990431127
ch2_mean age height,-0.9180566067072953
ch1_skew angle_std height,-0.9179941882385866
height set_type,0.9177510735343022
ch1_std ch1_max ch2_min,0.9173529093047381
ch1_max ch1_rms ch2_min,0.9173529064461878
ch2_p2p weight,-0.9167984966844052
ch1_p2p ch1_energy ch1_meanfreq,0.9167266853539865
ch2_energy ch2_zcr age,0.9164431067336709
ch1_energy ch2_kurt angle_min,0.9160118426899206
ch1_meanfreq ch2_zcr,0.9156072300887204
ch1_energy ch2_skew ch2_kurt,0.915342199330228
ch1_min ch2_zcr height,0.9150743950005839
age set_type,-0.9146786893447726
ch2_p2p ch2_skew height,0.9144962275819541
ch1_meanfreq ch1_peakfreq set_type,0.9137370252074806
ch1_energy ch2_min height,-0.9136806138012186
ch1_rms ch1_skew ch2_peakfreq,-0.9134702743781589
ch1_std ch1_skew ch2_peakfreq,-0.9134702734128897
ch2_zcr ch2_kurt angle_p2p,0.9133269378270531
height hand_length^2,0.91307050246567
ch1_p2p ch1_kurt angle_mean_abs_vel,0.9127020090275767
ch1_skew ch1_meanfreq angle_mean_abs_vel,0.9124878675707928
ch1_max ch2_mean ch2_p2p,0.9119072358976188
ch1_rms ch2_energy weight,0.9115147390717182
ch1_std ch2_energy weight,0.9115147239646477
angle_p2p weight exercise,0.9115013192036924
ch1_skew ch2_kurt age,0.9114174889251835
ch1_max ch1_zcr ch2_p2p,0.9110381950500881
ch1_max ch1_p2p angle_mean_abs_vel,0.9109134533988925
ch1_max ch2_peakfreq angle_max,0.9108224200624808
ch1_skew weight exercise,-0.9102674459316775
ch2_rms ch2_peakfreq hand_length,0.9099650362397682
ch2_std ch2_peakfreq hand_length,0.9099650056030515
ch2_skew age^2,0.909848001439076
angle_std^2 set_type,0.9096708017790363
ch2_rms ch2_skew angle_max,-0.9093779597687209
ch2_std ch2_skew angle_max,-0.9093779312331501
ch1_mean ch1_p2p ch2_zcr,0.9089906876761467
ch1_zcr ch2_zcr height,-0.908965565888129
ch2_max ch2_energy ch2_skew,-0.9087719299003306
ch2_meanfreq height weight,-0.9083625421398203
ch1_kurt ch1_meanfreq angle_p2p,0.9072621852769545
ch2_min angle_p2p hand_length,0.9071012716423088
ch1_meanfreq ch2_zcr height,-0.9068772988790331
ch1_max ch1_p2p ch2_min,0.9066212338463645
ch2_mean ch2_peakfreq age,0.9064980611308392
ch1_mean ch1_min ch2_max,-0.906370033745463
ch1_mean ch2_p2p,0.9061850665169762
ch1_max ch1_p2p ch2_mean,-0.9058974008513613
ch2_mean ch2_min weight,0.9055336665334898
ch1_peakfreq angle_max angle_p2p,-0.9046224769554585
ch1_meanfreq ch2_std weight,0.9041715241452943
ch1_meanfreq ch2_rms weight,0.9041715158932843
ch2_energy angle_std height,-0.9039018664955628
ch1_zcr,-0.9037773639714803
ch1_zcr exercise^2,-0.9037773639714616
ch1_zcr set_type^2,-0.9037773639714616
ch1_max ch1_zcr ch2_max,0.9034767913009621
ch2_kurt^2 set_type,0.9028843685343648
ch1_energy^2 ch2_kurt,0.902812976229838
ch1_max height^2,-0.9027467673267682
ch1_min ch1_kurt angle_mean_abs_vel,-0.9021644933396494
ch2_zcr ch2_skew height,0.9017823481274156
ch1_p2p ch2_energy ch2_skew,-0.9016105209097922
ch1_zcr ch2_max angle_max,-0.9015533848475374
ch2_p2p angle_mean angle_std,-0.9015074631136178
ch1_max ch1_skew angle_mean_abs_vel,0.9013520125977377
age weight,0.9012362507612777
ch1_kurt angle_std,0.9011463085447928
ch2_skew angle_std hand_length,0.9010221356703081
ch1_max angle_p2p,-0.899765455636041
ch2_min angle_max weight,0.8997122050596715
ch1_p2p ch2_peakfreq angle_min,0.899700880135878
ch1_zcr ch1_skew ch1_kurt,-0.899605846295249
ch2_std age^2,0.8993031203109241
ch2_rms age^2,0.8993031111727703
ch1_mean ch2_peakfreq^2,0.8977553995831056
ch1_std angle_mean_abs_vel exercise,0.8975110600461071
ch1_rms angle_mean_abs_vel exercise,0.8975110407513759
ch1_kurt angle_mean set_type,0.8972507132842902
ch2_mean angle_std angle_mean_abs_vel,-0.8971887729875764
ch2_kurt angle_mean,0.8971406607592879
ch1_max ch1_energy^2,0.8964076917478322
ch1_p2p ch1_skew hand_length,-0.8963168183671918
ch2_zcr angle_min angle_max,-0.8962518959176349
ch1_peakfreq ch2_kurt,-0.8960321490238514
ch1_mean ch2_mean angle_max,0.895968546096346
ch1_min ch2_meanfreq angle_mean,-0.89584225834539
ch2_std angle_min^2,0.8958037971592909
ch2_rms angle_min^2,0.8958037878864474
ch2_skew hand_length set_type,0.895652563502896
ch2_std height,-0.8955810608779877
ch2_rms height,-0.8955810526106935
angle_p2p height set_type,-0.8946310177854904
ch2_kurt angle_mean^2,0.8944102664040283
ch1_mean height,-0.8944079127438209
ch1_kurt angle_std set_type,-0.8942303887534616
ch2_energy angle_std exercise,0.8933833440993062
ch2_skew angle_std^2,0.8928881132316642
ch1_mean^2 angle_std,0.8919127194541208
ch1_peakfreq^2 ch2_energy,0.8919093635249498
ch1_mean^2 angle_mean,-0.8917171886281051
ch1_kurt ch2_max^2,-0.8915813263728534
ch2_max angle_min^2,0.8915732364889624
ch1_skew ch2_min ch2_p2p,0.8912766629873705
ch2_rms ch2_kurt angle_mean,0.8905127360975398
ch2_std ch2_kurt angle_mean,0.8905127271045399
ch1_std ch1_min hand_length,-0.8903475827981553
ch1_min ch1_rms hand_length,-0.8903475709512985
ch2_rms,0.8901618574066514
ch2_rms set_type^2,0.8901618574066497
ch2_rms exercise^2,0.8901618574066497
ch2_std,0.8901618499374644
ch2_std set_type^2,0.8901618499374636
ch2_std exercise^2,0.8901618499374636
ch1_mean^2 set_type,0.8899685467104478
ch2_energy ch2_zcr angle_std,-0.8899077125984751
ch2_skew ch2_peakfreq angle_max,-0.8898884337363732
ch1_zcr ch1_meanfreq ch2_kurt,0.889802185039889
ch1_meanfreq ch2_mean angle_mean_abs_vel,-0.8898016906869979
ch2_mean ch2_kurt set_type,0.8895772797864572
ch2_mean^2 height,0.889547967980868
ch2_p2p^2 ch2_skew,-0.8895236650875533
ch2_p2p ch2_peakfreq angle_mean_abs_vel,-0.8893648135680532
ch1_std exercise,-0.8892403385169075
ch1_rms exercise,-0.8892403252106671
ch1_rms^2 hand_length,0.8891732104448395
ch1_std ch1_rms hand_length,0.8891732006979913
ch1_std^2 hand_length,0.8891731909511444
ch1_p2p ch2_meanfreq angle_std,-0.8891556122948072
ch1_p2p ch2_mean ch2_p2p,0.8891345195059837
ch1_peakfreq ch2_min ch2_meanfreq,-0.8890635233012636
ch1_p2p ch1_meanfreq set_type,-0.8885837603398712
ch2_skew angle_std set_type,0.888170438238556
angle_mean weight^2,-0.8880778283141056
ch2_min ch2_skew ch2_peakfreq,0.8880012617249182
ch2_rms ch2_kurt angle_min,0.8876552016045154
ch2_std ch2_kurt angle_min,0.8876551925162662
ch1_energy ch2_p2p angle_max,0.8869841140815773
ch2_max ch2_meanfreq angle_std,-0.8863656296971978
ch1_min exercise set_type,0.8861527703150414
ch1_mean ch2_peakfreq angle_p2p,-0.8855660445362993
ch1_energy ch2_mean ch2_energy,0.885445268977832
ch1_std angle_mean angle_mean_abs_vel,-0.885214816029437
ch1_rms angle_mean angle_mean_abs_vel,-0.8852147953244188
ch2_skew age hand_length,0.8850059289177084
ch1_zcr ch2_energy angle_std,0.884974776350701
ch1_min ch1_p2p ch1_skew,-0.8843529428705731
ch2_mean ch2_max angle_mean_abs_vel,0.8838298154155505
ch1_zcr ch2_peakfreq angle_mean,-0.8836916030458123
ch1_energy ch2_skew angle_min,0.8836220455880844
ch2_std angle_min exercise,-0.8831434694911457
ch2_rms angle_min exercise,-0.8831434682215338
ch2_peakfreq^2 weight,0.8826571338359482
ch1_p2p ch2_kurt,-0.88220561623841
ch2_kurt angle_mean age,-0.8819534838599294
ch1_max hand_length exercise,-0.8819494888287298
ch1_max ch1_skew ch2_skew,0.8818550509023144
ch1_zcr ch1_skew ch2_mean,0.8809795535474505
ch2_std angle_p2p weight,-0.8806572704491317
ch2_rms angle_p2p weight,-0.880657247997064
ch1_std hand_length exercise,0.8801995513583049
ch1_rms hand_length exercise,0.8801995272994443
ch2_kurt hand_length set_type,-0.880146899367529
ch1_peakfreq ch2_rms ch2_meanfreq,0.8794965770534104
ch1_peakfreq ch2_std ch2_meanfreq,0.879496549789995
ch1_min angle_max angle_mean_abs_vel,0.8794184715474145
ch1_peakfreq age^2,0.8791258761183834
ch2_zcr ch2_skew,-0.8789765504531584
ch1_meanfreq angle_mean_abs_vel height,-0.878908142277351
ch1_meanfreq^2 hand_length,0.8788707235772385
ch1_meanfreq ch2_skew ch2_peakfreq,0.8788127454626158
ch2_p2p ch2_zcr angle_mean_abs_vel,-0.8787624026361747
ch1_p2p angle_min set_type,0.8786773216003388
ch1_min angle_std angle_mean_abs_vel,-0.8785233428511018
ch2_peakfreq height set_type,-0.8780768635557534
ch1_p2p ch2_zcr angle_std,-0.8777670888807922
ch1_peakfreq ch2_skew hand_length,0.8776587461706866
weight^2,-0.877269782956524
ch1_p2p ch2_mean ch2_min,-0.876965165449342
ch1_zcr ch2_skew exercise,0.8766759737405463
ch1_energy ch1_meanfreq height,0.8763256154073177
ch1_mean ch1_max ch2_p2p,0.8761403396773692
ch2_energy ch2_kurt ch2_peakfreq,0.875918286901384
ch1_mean ch1_p2p ch2_meanfreq,0.875732347933892
ch1_max^2 ch2_max,-0.8755832383570727
ch1_std age height,0.8753721460406366
ch1_rms age height,0.8753721288412906
ch2_skew angle_mean angle_mean_abs_vel,-0.8753575831122007
ch1_mean ch2_mean angle_mean,0.8751079210218755
ch1_max ch1_kurt angle_mean_abs_vel,0.8749115228238573
ch1_kurt ch2_kurt^2,-0.8729800268382021
ch1_min ch2_kurt height,0.8728238572080107
ch2_mean ch2_max angle_std,0.8727949304836571
ch1_energy ch2_std height,0.872742258538881
ch1_energy ch2_rms height,0.8727422507862106
ch1_p2p ch1_skew ch1_kurt,0.8724036235410517
ch1_energy ch1_skew ch2_peakfreq,-0.8723414123047083
ch1_peakfreq angle_mean angle_max,0.872090938672426
ch1_skew ch1_kurt angle_mean_abs_vel,0.8720869953779582
ch2_mean angle_min hand_length,0.8718630520816413
ch1_min ch2_peakfreq angle_std,0.8717427115175634
ch1_skew ch2_rms set_type,-0.8716417526201024
ch1_skew ch2_std set_type,-0.8716416944829353
ch1_energy ch2_max angle_max,0.8716068919601078
ch2_max ch2_p2p angle_mean_abs_vel,-0.8714167584770257
ch2_mean ch2_skew angle_mean_abs_vel,-0.8707132539492015
ch2_peakfreq angle_mean_abs_vel hand_length,0.8703049495859819
ch1_mean ch2_kurt ch2_meanfreq,-0.8700062945247982
ch2_skew angle_mean set_type,-0.8698566787685709
ch1_min ch1_energy hand_length,-0.8697608048950445
ch1_meanfreq angle_std,0.8696982107144914
ch1_zcr angle_mean,0.8696729111436943
ch1_min angle_min angle_mean_abs_vel,0.8692281118099885
ch2_skew ch2_meanfreq weight,0.869133761446077
ch1_energy ch2_p2p^2,0.8686593965915415
ch1_rms ch1_energy hand_length,0.8683251249885479
ch1_std ch1_energy hand_length,0.868325116158388
ch2_rms angle_std hand_length,-0.8681096997409108
ch2_std angle_std hand_length,-0.8681096862661584
ch1_p2p ch1_zcr angle_std,0.8675977210362882
ch1_mean ch2_kurt exercise,0.8675859800236537
ch1_meanfreq angle_max,0.8675452020804768
ch2_min ch2_zcr angle_mean_abs_vel,0.8671017843159323
ch1_mean ch1_energy ch2_kurt,0.8670243328275185
ch1_zcr ch1_peakfreq angle_p2p,0.8670018340947857
ch1_min ch2_zcr angle_min,-0.8669544761408801
ch1_mean angle_mean angle_p2p,-0.8666791991665563
age^2 weight,-0.8665023581110679
ch1_energy ch2_min ch2_peakfreq,-0.8664573070959312
ch1_energy ch2_p2p angle_mean,0.866196222885889
ch1_p2p ch1_kurt ch2_skew,0.8661086443729182
ch2_rms angle_std weight,-0.8658576696322058
ch2_std angle_std weight,-0.865857663638663
ch1_meanfreq ch2_energy weight,0.865772431516976
ch2_min angle_std height,0.8654143493672849
ch1_mean ch2_mean angle_std,-0.8654032896623416
ch1_zcr angle_min,0.8653171135084641
ch1_std^2 ch2_kurt,0.8653039326544818
ch1_std ch1_rms ch2_kurt,0.8653039257307449
ch1_rms^2 ch2_kurt,0.8653039188070074
ch1_kurt ch2_zcr angle_max,-0.8651770145335846
ch1_kurt angle_std angle_max,0.8646207226797243
ch1_zcr ch1_kurt ch2_peakfreq,0.8644129821708546
ch1_meanfreq angle_p2p height,-0.8643835150223391
angle_mean angle_min angle_mean_abs_vel,-0.864308776599766
ch1_kurt ch1_peakfreq hand_length,-0.8637113558759488
ch1_mean ch1_min ch2_min,0.8635136884279866
ch2_max ch2_zcr height,0.8632319154800254
ch1_zcr ch1_meanfreq,-0.8631699579552607
ch2_zcr height exercise,-0.862852355282757
ch1_skew ch2_zcr height,0.8626444562806798
ch1_peakfreq ch2_mean ch2_energy,0.8625755623958369
ch1_min ch2_kurt angle_mean_abs_vel,0.8619999185162339
ch1_max ch1_peakfreq ch2_skew,0.8615644863775309
ch1_mean^2 ch2_peakfreq,-0.8613621565245659
ch2_std ch2_max angle_mean_abs_vel,-0.8610650848794851
ch2_max ch2_rms angle_mean_abs_vel,-0.8610650728979897
ch2_min ch2_rms ch2_kurt,-0.861002083860236
ch2_std ch2_min ch2_kurt,-0.8610020729786786
ch1_skew angle_std angle_mean_abs_vel,0.8601985523079532
ch1_meanfreq ch2_zcr exercise,-0.8600274525076852
ch1_kurt ch2_kurt ch2_peakfreq,-0.8596352184662395
ch1_mean ch2_min,-0.8595910704870197
ch2_std angle_min angle_mean_abs_vel,-0.8591693268225741
ch2_rms angle_min angle_mean_abs_vel,-0.8591693026243623
ch1_p2p ch1_skew angle_max,-0.8583128365551602
ch2_skew angle_mean_abs_vel exercise,0.858228473406753
ch1_mean ch1_energy angle_p2p,0.8577558306337715
ch1_peakfreq ch2_zcr hand_length,0.8577370217082845
angle_p2p age,0.8576217850639531
ch1_mean ch1_p2p exercise,-0.8576143028346498
ch2_mean ch2_zcr hand_length,0.8574864275663321
ch2_meanfreq angle_std^2,0.8572548781916497
ch1_energy ch2_min exercise,0.8572394791690152
ch2_p2p angle_std angle_min,-0.857134732528456
ch1_skew angle_mean angle_max,-0.8567069591566966
ch1_max weight hand_length,0.8561010197130057
ch1_max ch2_meanfreq age,0.8557960559625873
ch1_zcr ch2_energy ch2_skew,0.8555594689750267
ch1_meanfreq angle_min angle_p2p,-0.8554408238590813
ch2_energy ch2_meanfreq angle_std,-0.8552841424116995
angle_std^2 age,0.8552328123500407
ch1_mean ch2_max ch2_kurt,-0.8550553628464483
ch2_max ch2_peakfreq,-0.8548116128344432
ch1_peakfreq ch2_peakfreq angle_mean,-0.8547124379087292
ch1_mean weight^2,-0.8545191402511303
ch2_std^2 ch2_kurt,0.8540499188343784
ch2_std ch2_rms ch2_kurt,0.8540499178103523
ch2_rms^2 ch2_kurt,0.8540499167863274
ch2_std ch2_p2p angle_mean_abs_vel,-0.8538338956417457
ch2_rms ch2_p2p angle_mean_abs_vel,-0.8538338812764805
ch1_max ch2_mean ch2_rms,0.8538091162968752
ch1_max ch2_mean ch2_std,0.8538091153534525
ch1_mean ch1_peakfreq ch2_mean,0.8535587572764325
ch1_energy ch1_skew age,-0.8533355578398578
ch1_mean ch2_max,0.8532044570779078
angle_min angle_p2p weight,-0.8524906353950602
ch1_skew ch1_meanfreq ch1_peakfreq,-0.8523799107556168
ch2_energy ch2_peakfreq age,0.8522631974476671
ch1_min ch1_zcr^2,-0.8520539988739528
angle_mean^2 angle_std,-0.8518789300138031
ch1_p2p^2 angle_mean_abs_vel,0.8510997085086703
ch1_meanfreq^2 angle_mean_abs_vel,-0.8509443791817506
ch1_zcr ch2_kurt^2,-0.8508905523773276
ch2_peakfreq height weight,-0.8503620543435044
ch1_max ch1_zcr hand_length,0.8501069327617861
ch1_p2p ch1_meanfreq angle_p2p,0.8498902229432885
ch1_min ch2_std^2,-0.8497864483854265
ch1_min ch2_std ch2_rms,-0.8497864465922009
ch1_min ch2_rms^2,-0.8497864447989747
ch1_kurt ch2_zcr ch2_peakfreq,-0.8496737651737801
ch1_skew angle_std weight,-0.8492208171588098
ch1_max ch2_peakfreq angle_mean,0.8490894332987344
ch1_min ch2_zcr exercise,0.8489130415809928
ch1_kurt ch2_rms ch2_skew,0.8485580255036449
ch1_kurt ch2_std ch2_skew,0.8485580181095536
ch1_mean ch1_skew angle_mean_abs_vel,-0.8479002848775895
ch1_skew ch2_kurt weight,0.8478529911149708
ch1_skew ch2_zcr angle_min,-0.8470571890170573
ch2_skew^2 set_type,-0.8458295539700689
ch2_zcr height hand_length,-0.8457218132684408
ch1_zcr ch2_peakfreq angle_min,-0.8450208867821812
ch1_energy angle_min angle_mean_abs_vel,-0.8447009735696323
ch1_p2p weight^2,0.8446114565418432
ch2_mean height hand_length,0.8442450968173181
ch1_p2p angle_std angle_mean_abs_vel,0.8440199181216526
ch1_skew age^2,0.8439636535497888
ch1_max ch2_min,0.8435144613567386
ch1_mean ch1_energy ch2_min,-0.8435038980735945
ch1_mean ch1_energy ch2_p2p,0.8434846188890273
ch1_max ch1_p2p ch1_energy,0.843459850107399
ch2_max angle_mean_abs_vel set_type,-0.8433991044961637
ch2_zcr angle_mean_abs_vel hand_length,0.8432964761207793
ch2_energy angle_mean^2,0.842749677391637
ch2_p2p weight set_type,-0.8427477011947959
ch1_peakfreq ch2_zcr height,0.8424174725535029
ch2_skew ch2_kurt hand_length,-0.8419549957803418
ch1_zcr angle_std angle_min,0.8417997024492397
angle_max age^2,-0.8417372576942552
ch1_energy ch2_kurt age,-0.8417290091906583
ch1_p2p ch2_mean ch2_std,0.841435374221078
ch1_p2p ch2_mean ch2_rms,0.841435371142731
ch1_skew angle_mean_abs_vel height,-0.8413783665364607
ch1_std ch2_mean ch2_rms,0.841322984845889
ch1_std ch2_mean ch2_std,0.8413229798662173
ch1_rms ch2_mean ch2_rms,0.8413229733101582
ch1_rms ch2_mean ch2_std,0.8413229683304866
ch1_min age hand_length,-0.8412914316443576
ch1_energy angle_p2p^2,0.841241521000944
ch1_energy angle_min set_type,0.8397603225510416
ch2_skew^2 height,-0.83953280513448
ch2_skew ch2_meanfreq angle_max,0.8394705439771741
ch1_kurt ch2_p2p ch2_kurt,-0.8391520872620774
ch1_skew ch1_meanfreq,-0.839040937082201
ch1_kurt ch2_p2p^2,-0.8381673461537401
ch1_skew ch1_peakfreq ch2_meanfreq,0.8380346799575789
ch1_min^2 weight,0.8380052915900777
ch1_max angle_mean_abs_vel exercise,0.8376220344090751
ch1_skew ch1_meanfreq hand_length,0.8372506172145475
ch1_mean ch1_min ch2_mean,0.8372049233691399
ch1_p2p angle_mean set_type,0.8371966892777477
ch2_kurt angle_min age,-0.8369605733154655
ch1_meanfreq ch2_std ch2_energy,0.8369238348404009
ch1_meanfreq ch2_rms ch2_energy,0.8369238270095448
ch2_peakfreq angle_mean_abs_vel,-0.8355111918076463
ch1_zcr^2 ch2_skew,0.8349105566766345
ch2_skew ch2_meanfreq exercise,-0.8342879735782607
ch1_min ch1_meanfreq age,-0.8336427508068339
ch1_zcr angle_std exercise,-0.8334732870168127
ch2_skew weight set_type,0.8330969221841515
ch1_mean angle_p2p set_type,0.8324867234975163
ch1_min ch1_rms age,-0.8323492553842928
ch1_std ch1_min age,-0.8323492481155658
ch2_rms ch2_kurt angle_max,0.8319173936381896
ch2_std ch2_kurt angle_max,0.8319173841748313
ch2_zcr ch2_skew^2,-0.8318467283147497
ch2_mean angle_mean_abs_vel set_type,-0.831640943849304
ch1_energy angle_mean set_type,0.8315973288827729
ch2_skew angle_std angle_max,-0.8315718800483891
ch1_min angle_max set_type,-0.8312894226511466
ch1_rms ch2_std height,0.8311887004305956
ch1_rms ch2_rms height,0.8311886929804753
ch1_std ch2_std height,0.8311886836814715
ch1_std ch2_rms height,0.8311886762313514
ch2_zcr ch2_peakfreq exercise,0.8303028729738626
ch1_min ch2_peakfreq angle_p2p,0.8301590836687378
ch1_kurt ch2_min ch2_p2p,0.8299157500972802
angle_min hand_length^2,-0.8298450440305406
ch1_p2p ch1_energy exercise,0.8296917530278075
ch2_zcr ch2_kurt^2,0.8295075270311347
ch1_energy angle_p2p set_type,-0.8293513082563666
ch2_p2p ch2_skew ch2_peakfreq,-0.8292305604928707
ch1_skew ch2_p2p^2,-0.8290827696997976
ch1_min ch2_zcr,-0.8290108536019063
ch1_rms ch2_energy exercise,-0.8285662222475999
ch1_std ch2_energy exercise,-0.8285662094584054
ch1_energy ch1_peakfreq age,0.8284462004482182
ch1_zcr ch2_zcr hand_length,-0.8283570088639369
ch2_skew angle_max set_type,-0.827763693053301
ch1_min ch2_mean ch2_peakfreq,-0.8276941187354849
ch1_mean set_type,-0.8273163541993038
ch1_kurt ch2_energy^2,-0.8268831997468666
angle_max angle_p2p,-0.8264819631731549
ch1_peakfreq ch2_meanfreq hand_length,0.8259211347899239
ch2_skew ch2_meanfreq angle_min,0.8257241579928568
ch1_kurt ch2_zcr exercise,0.8257237827596302
ch1_energy ch1_skew set_type,-0.825220127548107
ch1_rms ch2_p2p height,0.8250808843970375
ch1_std ch2_p2p height,0.8250808683866802
ch1_meanfreq^2 ch2_max,0.824976625007486
ch2_p2p ch2_skew weight,0.8247444023385551
ch2_std angle_mean_abs_vel exercise,0.8245990879496407
ch2_rms angle_mean_abs_vel exercise,0.8245990639126739
ch1_min angle_mean^2,-0.8243451832692836
ch1_max ch1_zcr ch2_min,-0.8243391273378121
ch1_kurt exercise set_type,-0.8242546456874784
ch2_meanfreq^2 age,-0.8239761918497649
ch2_mean ch2_p2p weight,-0.8238962711755404
ch1_min ch2_zcr ch2_meanfreq,-0.8237756516967631
ch1_kurt ch2_zcr angle_min,-0.8226383429085884
ch1_max angle_std angle_min,-0.8218365290292355
ch1_meanfreq ch2_min^2,0.8213386965015993
ch1_min ch2_mean ch2_p2p,-0.8212558803389036
ch1_energy ch1_peakfreq hand_length,-0.8211310098931047
ch1_skew ch2_max ch2_zcr,-0.8210580966517556
ch1_p2p ch1_kurt,-0.8208732405911328
ch1_peakfreq ch2_skew weight,0.8205417131229592
ch1_std ch1_kurt ch2_peakfreq,-0.8204149498921521
ch1_rms ch1_kurt ch2_peakfreq,-0.8204149376724073
ch1_p2p ch1_meanfreq ch2_kurt,0.8202921012239843
ch1_min ch1_meanfreq ch1_peakfreq,-0.8198987003980606
ch1_mean ch1_energy ch2_skew,-0.8197114407706872
ch2_max set_type,-0.8194677839580207
ch1_p2p angle_min angle_mean_abs_vel,-0.8192322582792773
ch1_min ch1_kurt age,0.8192304270553262
ch1_skew ch1_meanfreq ch2_energy,0.8191876028063025
ch2_skew ch2_meanfreq angle_mean,0.8183814658600654
ch1_mean ch2_peakfreq weight,-0.8183215232158161
ch1_mean ch2_mean ch2_max,0.8182620173665066
ch1_zcr^2 set_type,0.8181738506144915
ch1_energy ch2_min angle_min,-0.8175169619473848
ch1_mean ch1_rms ch2_p2p,0.8174686061083573
ch1_mean ch1_std ch2_p2p,0.8174685832313834
ch1_energy angle_mean angle_mean_abs_vel,-0.8174280741697615
ch1_p2p angle_mean angle_mean_abs_vel,-0.8170072044346427
ch1_peakfreq ch2_p2p ch2_zcr,0.8169520744398394
ch1_meanfreq^2 ch1_peakfreq,0.8168292164863996
ch1_skew angle_mean angle_min,-0.8161498196332697
ch2_skew ch2_meanfreq hand_length,0.8156640930470807
ch1_mean^2 age,-0.8156416145407418
ch1_zcr angle_std angle_max,0.8156222158086388
ch1_peakfreq ch2_zcr ch2_peakfreq,0.8156067649977501
ch1_p2p angle_max angle_mean_abs_vel,-0.8155492571431069
ch1_min ch2_peakfreq exercise,0.8154638692105058
ch1_rms ch2_rms angle_min,0.8152577797153922
ch1_rms ch2_std angle_min,0.8152577665300835
ch1_std ch2_rms angle_min,0.8152577647060051
ch1_std ch2_std angle_min,0.8152577515206961
ch1_zcr age weight,-0.8152331747863342
ch1_max angle_std exercise,0.8145052995192292
ch1_energy ch2_kurt hand_length,-0.814294044510611
ch1_peakfreq ch2_mean exercise,-0.8140675271892268
ch1_mean ch2_p2p ch2_kurt,-0.8137971623157874
ch1_max ch2_energy,-0.8136396054221432
ch1_zcr ch1_peakfreq age,0.8135365818149282
ch1_energy^2 ch1_kurt,-0.8134858552156183
ch2_kurt angle_mean angle_std,-0.8133149308164219
ch1_p2p angle_p2p^2,-0.8131884086650129
ch1_kurt ch2_kurt age,0.812712823514905
ch2_max ch2_peakfreq^2,0.8126875506826114
ch2_kurt angle_std,-0.812349857489074
ch1_min ch1_meanfreq weight,-0.8121363905830379
ch1_std height set_type,0.8121127401116945
ch1_rms height set_type,0.8121127171369247
ch2_p2p height weight,-0.8120337048352093
ch2_mean ch2_std weight,-0.8120048207928465
ch2_mean ch2_rms weight,-0.8120048095872054
ch1_mean ch1_energy ch2_mean,-0.8118458108814774
ch1_meanfreq ch2_min ch2_energy,-0.8118205148394375
ch1_mean ch2_skew set_type,-0.8109909421536432
ch1_skew ch1_meanfreq weight,0.8104834383976763
ch2_rms ch2_kurt,-0.8102127873523157
ch2_std ch2_kurt,-0.8102127710913585
ch1_zcr^3,-0.8101537608556024
ch1_peakfreq ch2_meanfreq angle_mean,0.8097356772743829
ch2_kurt height^2,0.8096402399568535
ch1_p2p ch1_peakfreq ch2_skew,0.8095998629978621
ch1_max ch1_min angle_mean,0.8095879652079997
ch1_energy ch2_min angle_max,-0.8095640885428679
ch1_max ch1_meanfreq ch2_kurt,0.8093433289634893
ch2_rms ch2_zcr ch2_kurt,0.8091705094969474
ch2_std ch2_zcr ch2_kurt,0.8091704923889156
ch1_peakfreq ch2_peakfreq angle_mean_abs_vel,-0.808964651778813
ch1_peakfreq ch2_meanfreq angle_std,-0.8085034297989253
ch1_skew ch2_p2p ch2_zcr,-0.8082265150130489
ch1_rms ch2_rms exercise,-0.8081870154659452
ch1_rms ch2_std exercise,-0.8081870047451626
ch1_std ch2_rms exercise,-0.8081869991038532
ch1_std ch2_std exercise,-0.8081869883830709
ch1_mean ch1_p2p ch2_min,-0.808117819182865
ch1_peakfreq height,0.808116887746347
ch1_peakfreq angle_mean^2,0.8080272572621724
ch1_peakfreq ch2_skew ch2_kurt,0.807784104495808
ch1_energy ch2_energy weight,0.8076446050682975
ch2_max ch2_p2p hand_length,0.8073967822238615
ch1_zcr ch2_std angle_std,0.8071098545548209
ch1_zcr ch2_rms angle_std,0.8071098455373569
ch1_kurt ch2_meanfreq set_type,0.8070121090071682
ch2_energy angle_std angle_max,-0.8065985049952231
ch2_kurt angle_max age,-0.8065588023624076
ch1_zcr angle_mean angle_max,-0.8059385941093498
ch1_mean ch1_rms ch2_skew,-0.8059069885768622
ch1_mean ch1_std ch2_skew,-0.8059069700258928
ch1_peakfreq ch2_skew height,0.8058357167481098
ch1_energy ch2_std weight,0.80565718394188
ch1_energy ch2_rms weight,0.8056571802678306
ch1_skew ch1_peakfreq angle_p2p,0.8054141280883391
ch1_p2p ch1_peakfreq ch2_mean,-0.8050824223202147
ch1_min angle_mean weight,0.8049160946628083
ch1_std ch2_max ch2_min,-0.8046193652779215
ch1_rms ch2_max ch2_min,-0.8046193612073049
ch2_min angle_p2p height,0.8045779539802058
ch1_rms ch2_energy angle_min,0.8043706927289626
ch1_std ch2_energy angle_min,0.8043706803680122
ch1_skew height,-0.8042517758116641
ch1_kurt^2 angle_max,0.8041715659744186
ch1_p2p ch1_energy angle_min,-0.8035870093726131
ch1_p2p ch1_meanfreq ch2_max,0.8033129314139362
ch2_mean ch2_min angle_p2p,-0.8031421929830025
ch1_max ch1_energy ch2_max,-0.8022486631533943
ch2_zcr ch2_peakfreq angle_mean_abs_vel,-0.8022268789588279
ch1_max height,-0.8021732770948822
ch1_zcr ch2_meanfreq angle_mean,-0.8020777399817993
ch2_mean ch2_peakfreq,-0.8020114019028357
angle_mean_abs_vel age,0.8019392324586609
ch1_mean ch2_kurt angle_max,-0.8016930374559577
ch2_energy ch2_peakfreq height,0.8004736665240226
ch2_max ch2_min hand_length,-0.8004234227518667
ch1_max ch2_mean ch2_zcr,0.8003576625259085
ch1_zcr ch2_meanfreq^2,-0.7999932471580856
ch2_mean ch2_peakfreq angle_std,0.7999760002107319
ch2_zcr angle_p2p height,0.7992033135116975
ch2_max angle_min exercise,-0.7991405732320035
ch1_mean ch1_min ch2_kurt,-0.7988094724678052
ch1_p2p ch2_mean ch2_max,0.7986808463694968
ch1_energy ch1_kurt ch2_zcr,-0.7985833355781737
ch1_kurt angle_max set_type,0.7983227307306435
ch1_p2p ch1_skew angle_mean,-0.7978058398742855
angle_std^2 angle_min,0.7976881602108807
ch1_energy ch2_mean age,0.7970816755481556
ch1_mean ch1_rms^2,0.7965396827228525
ch1_mean ch1_std ch1_rms,0.7965396606076768
ch1_mean ch1_std^2,0.7965396384925068
ch1_std weight set_type,0.7965073383620913
ch1_rms weight set_type,0.7965073323712653
ch1_energy ch2_zcr weight,0.795696805529722
ch1_peakfreq ch2_energy hand_length,0.7956551576762347
ch1_max angle_mean angle_std,-0.7955628997160017
ch1_min ch2_zcr ch2_peakfreq,-0.7954061909695145
ch1_min ch2_meanfreq angle_mean_abs_vel,0.7954055817208454
ch1_p2p ch2_meanfreq angle_mean_abs_vel,-0.7952510191358735
ch1_meanfreq ch1_peakfreq ch2_energy,0.7946885545086888
ch1_meanfreq ch1_peakfreq ch2_p2p,0.7946873694971937
ch1_mean ch1_min angle_std,0.794105866464672
ch1_min angle_mean angle_max,-0.7939075865238783
ch2_std ch2_meanfreq angle_mean,0.7938783541830887
ch2_rms ch2_meanfreq angle_mean,0.7938783538491346
ch1_max ch2_mean ch2_max,0.7937418758768177
ch1_energy ch2_kurt angle_p2p,-0.7934084094769331
ch1_meanfreq ch2_skew age,0.7931166209372604
ch1_meanfreq set_type,-0.7931106971629142
ch1_min ch2_min ch2_energy,0.7930209861779283
angle_p2p height weight,0.7930111764298332
ch1_min angle_max^2,-0.7927524586592015
ch2_max ch2_kurt age,-0.7918971369862158
ch1_zcr ch2_p2p ch2_skew,0.7918895921353044
ch1_mean ch2_skew exercise,-0.7917218779206334
ch1_zcr angle_max exercise,0.7913406067707339
ch1_energy angle_std hand_length,0.7911505701117101
ch1_kurt angle_std height,0.7910474043265775
ch1_min ch2_peakfreq angle_min,-0.7909308091433427
ch1_peakfreq weight,0.7907429382507586
ch1_std ch2_peakfreq hand_length,-0.7906760881121457
ch1_rms ch2_peakfreq hand_length,-0.7906760761829972
ch1_p2p ch1_meanfreq ch1_peakfreq,0.7899525046374754
ch1_skew ch2_min angle_mean_abs_vel,0.7898090266920301
ch1_std ch1_skew hand_length,-0.7896838272293643
ch1_rms ch1_skew hand_length,-0.7896838088520535
ch2_std angle_mean angle_max,0.789462987867589
ch2_rms angle_mean angle_max,0.7894629815713634
ch1_energy angle_mean_abs_vel exercise,0.7891654567991861
ch2_max ch2_zcr angle_mean_abs_vel,-0.7889433217416106
ch2_mean^2 angle_std,0.7889292188465344
ch1_rms angle_p2p^2,0.7887853436517265
ch1_std angle_p2p^2,0.7887853084113355
ch2_energy angle_p2p,-0.7886297811751863
ch2_skew angle_min angle_mean_abs_vel,-0.788608396200864
ch1_min ch2_mean ch2_min,0.7886034333308705
ch1_min ch1_meanfreq ch2_kurt,-0.7885685376606388
ch1_zcr height^2,-0.7885446313913884
ch1_p2p^2 angle_mean,-0.7882608960741578
ch1_skew angle_p2p hand_length,-0.7879756280434131
ch1_skew ch1_meanfreq ch2_kurt,0.7874862661646203
ch1_mean ch1_rms ch2_min,-0.7874375531603369
ch1_mean ch1_std ch2_min,-0.7874375242247793
ch1_min ch2_mean ch2_std,-0.7860714450656665
ch1_min ch2_mean ch2_rms,-0.7860714382575705
ch1_skew ch1_meanfreq ch2_p2p,0.7859920246653708
ch2_max ch2_peakfreq hand_length,0.7859738184034859
ch1_std^2 ch1_zcr,-0.7855712676156752
ch1_std ch1_rms ch1_zcr,-0.7855712448545199
ch1_rms^2 ch1_zcr,-0.7855712220933678
ch1_rms ch1_energy angle_mean_abs_vel,-0.7854439653909484
ch1_std ch1_energy angle_mean_abs_vel,-0.7854439398454375
ch1_skew ch2_peakfreq age,0.7853938434811407
ch1_mean ch1_p2p angle_p2p,0.7853414182702579
angle_mean_abs_vel height exercise,-0.785211125045797
ch1_meanfreq ch2_skew,-0.7847731045497092
ch1_meanfreq ch2_min ch2_zcr,-0.7838355756874043
ch1_peakfreq angle_min angle_p2p,-0.7835172902340601
ch1_skew ch1_meanfreq ch2_max,0.7833137572780738
ch1_min ch2_peakfreq angle_mean_abs_vel,0.7832602831493621
ch1_p2p ch2_mean set_type,-0.7830607900974288
ch1_kurt ch2_std angle_std,0.7829672341108316
ch1_kurt ch2_rms angle_std,0.7829672038142267
angle_std height set_type,0.7828943262808609
ch1_energy ch2_max ch2_rms,0.7826710071285083
ch1_energy ch2_std ch2_max,0.7826710036602232
ch1_meanfreq ch2_skew ch2_meanfreq,-0.7824919222438362
ch2_mean^2 weight,0.7824341998987099
ch1_min ch1_meanfreq ch2_max,-0.7823001771160008
ch1_max ch1_meanfreq ch2_max,0.7821921065019567
ch1_mean ch2_kurt height,0.7814880149507029
ch2_peakfreq^2 angle_std,0.7808943452663981
ch2_max ch2_peakfreq weight,0.7805349157924975
ch2_mean ch2_rms ch2_p2p,0.7803259383635792
ch2_mean ch2_std ch2_p2p,0.780325927968696
ch1_mean ch2_min exercise,-0.7796858882352429
ch2_mean angle_mean_abs_vel weight,0.7775472584578906
ch1_zcr ch1_meanfreq ch2_max,0.7775443648918534
ch2_min angle_mean weight,0.7773913524570699
ch1_p2p ch1_peakfreq hand_length,-0.7772352825988009
ch1_std ch2_meanfreq angle_mean_abs_vel,-0.7766656247449752
ch1_rms ch2_meanfreq angle_mean_abs_vel,-0.7766656032636605
ch1_mean ch1_kurt ch2_mean,0.776216734019387
ch1_min ch2_max angle_p2p,0.776080073123574
ch2_p2p ch2_peakfreq^2,0.7759681905528912
ch1_mean ch1_p2p angle_max,0.7758983280476621
ch1_energy ch2_mean ch2_rms,0.7758343943509798
ch1_energy ch2_mean ch2_std,0.7758343862138388
ch2_max ch2_energy angle_mean_abs_vel,-0.7757231702254723
ch1_peakfreq ch2_mean angle_mean_abs_vel,-0.7756540400471409
angle_min age^2,-0.7752803393601332
ch1_peakfreq ch2_std ch2_energy,0.7749324589719662
ch1_peakfreq ch2_rms ch2_energy,0.7749324560251563
ch1_std angle_std age,0.7748332538404425
ch1_rms angle_std age,0.774833229684503
angle_std angle_mean_abs_vel weight,-0.7735468553577844
ch1_energy ch1_kurt angle_mean_abs_vel,0.7733108815354919
ch1_peakfreq angle_std,0.7732252001565044
ch1_zcr angle_mean angle_min,-0.7728876434297884
ch1_zcr ch2_max ch2_meanfreq,-0.7726580636949876
ch1_max ch2_mean angle_std,-0.7723251918785854
ch2_kurt angle_mean_abs_vel height,0.7718555657005366
ch1_rms ch2_rms angle_mean,0.7718407880388578
ch1_rms ch2_std angle_mean,0.7718407767331962
ch1_std ch2_rms angle_mean,0.7718407722498859
ch1_std ch2_std angle_mean,0.7718407609442242
ch2_rms^2 ch2_skew,-0.7710643611549441
ch2_std ch2_rms ch2_skew,-0.7710643533619209
ch2_std^2 ch2_skew,-0.771064345568897
ch2_mean ch2_min ch2_rms,-0.770706651860033
ch2_mean ch2_std ch2_min,-0.7707066354962036
angle_mean^3,0.7706233069186179
ch1_skew angle_mean^2,-0.770584130082711
ch1_max angle_std angle_max,-0.770581745261985
ch1_zcr ch2_peakfreq exercise,0.7705806963093779
ch1_mean ch1_rms age,0.7681589881560994
ch1_mean ch1_std age,0.768158963745945
ch1_max ch1_energy ch1_skew,0.7680626624754876
ch2_max angle_min angle_max,0.7678688271610705
ch2_p2p^2 angle_mean_abs_vel,-0.7671061417664113
ch1_mean ch1_skew ch2_rms,-0.7668957779091687
ch1_mean ch1_skew ch2_std,-0.7668957416166035
age height set_type,0.7667186872907068
ch2_p2p height,-0.7661589697398075
ch1_energy ch2_skew exercise,-0.7660897208206506
ch1_rms ch1_skew ch2_zcr,-0.7655591097488573
ch1_std ch1_skew ch2_zcr,-0.7655591087147888
ch2_energy angle_mean angle_min,0.7653518983343257
ch1_min ch1_p2p height,-0.7650902515948212
angle_max angle_p2p^2,0.7648303686664195
ch1_max ch1_p2p,-0.7647991497250634
ch2_kurt^3,-0.7642521917597316
ch1_mean ch1_p2p^2,-0.7641477280057479
ch1_p2p angle_mean height,-0.7641427830056894
ch1_p2p ch2_peakfreq hand_length,-0.7641407048080613
ch1_p2p ch2_mean ch2_peakfreq,0.7640663295239336
ch2_min weight exercise,-0.763867657204468
ch1_std age exercise,0.7637886992607961
ch1_rms age exercise,0.7637886850986737
ch2_zcr^2 height,0.7637071402576912
ch1_min ch2_kurt angle_std,0.7634076194153745
ch1_peakfreq^2 ch2_min,-0.7633781225338712
ch1_max angle_std angle_mean_abs_vel,0.763309043366017
ch1_kurt ch2_skew weight,0.7631088254880953
ch1_skew ch2_min ch2_energy,0.7630789489778235
ch2_mean angle_mean_abs_vel height,0.7630167198477245
ch1_min ch2_mean ch2_max,-0.762261270041767
ch1_peakfreq angle_p2p hand_length,-0.7621474161547985
ch1_p2p ch1_zcr ch2_kurt,0.7614411256804009
ch1_rms^2 height,0.7613333574823755
ch1_std ch1_rms height,0.7613333536274869
ch1_std^2 height,0.7613333497725993
ch2_std ch2_meanfreq angle_mean_abs_vel,-0.7608860671451249
ch2_rms ch2_meanfreq angle_mean_abs_vel,-0.7608860436113343
ch1_mean ch2_meanfreq hand_length,-0.7608377954737262
ch2_rms ch2_meanfreq exercise,-0.7607704240202614
ch2_std ch2_meanfreq exercise,-0.7607704164652538
ch1_kurt angle_mean height,-0.7606157785576287
ch2_mean ch2_skew angle_p2p,-0.7602683037248417
ch2_std ch2_min angle_mean_abs_vel,0.760092747881638
ch2_min ch2_rms angle_mean_abs_vel,0.7600927329086379
ch2_energy height weight,-0.7600404266141003
ch1_peakfreq ch2_std^2,0.7598634658980351
ch1_peakfreq ch2_std ch2_rms,0.7598634548991606
ch1_peakfreq ch2_rms^2,0.7598634439002849
ch2_min height,0.7594633651066278
ch2_skew angle_std exercise,0.7594004755220225
ch2_p2p angle_std exercise,0.7591418842854781
ch1_min^2 angle_mean_abs_vel,0.7588763923627261
age height^2,-0.7586218245493643
ch1_peakfreq angle_p2p angle_mean_abs_vel,0.7582404784174536
ch2_p2p ch2_skew angle_mean_abs_vel,-0.7578161963986267
ch1_max ch1_rms,-0.7577733322998617
ch1_std ch1_max,-0.7577733142108906
ch1_mean ch2_min ch2_meanfreq,0.7576964613904047
ch2_min ch2_zcr ch2_meanfreq,0.7576509479572736
ch1_rms ch2_energy angle_max,0.7570070929398974
ch1_std ch2_energy angle_max,0.7570070794333583
ch1_p2p ch1_energy angle_mean,-0.7569805163672128
ch2_min ch2_skew angle_min,0.756883717781937
ch1_rms ch1_energy height,0.7568152468874635
ch1_std ch1_energy height,0.7568152424448235
ch2_max angle_min angle_mean_abs_vel,-0.756520095345562
ch1_mean ch1_rms ch2_max,0.7559127319542479
ch1_mean ch1_std ch2_max,0.7559127187111216
ch1_min^2 angle_mean,0.7559102623150151
ch1_max ch1_skew ch2_max,-0.75569510786546
ch1_energy ch2_max ch2_energy,0.7556464042598526
ch1_p2p ch1_skew weight,-0.7552323003562762
ch2_rms ch2_kurt height,0.7551442217751072
ch2_std ch2_kurt height,0.7551442138732019
angle_max angle_p2p angle_mean_abs_vel,0.7549669480163619
ch1_energy ch2_mean ch2_peakfreq,0.7543943320256936
ch1_max ch1_min ch2_zcr,0.7542881433805759
ch1_mean ch1_rms ch2_meanfreq,0.7540299192267812
ch1_mean ch1_std ch2_meanfreq,0.7540298940061804
ch1_kurt^2 ch2_meanfreq,0.7537481572445439
ch1_peakfreq angle_min hand_length,0.7536291052023477
ch1_kurt ch2_skew height,0.7530817992693979
ch1_min ch2_kurt hand_length,0.7530197064184717
ch1_energy ch2_kurt height,-0.7529250731910848
ch1_max hand_length set_type,-0.7529205887584065
angle_mean^2 angle_mean_abs_vel,-0.7527681955274415
ch1_max ch2_meanfreq angle_mean_abs_vel,-0.7526676314177524
ch2_mean exercise set_type,-0.7526239267797812
ch2_skew angle_mean age,-0.752602286073474
ch1_meanfreq ch2_max angle_mean,-0.7525720842246273
angle_min angle_max angle_mean_abs_vel,-0.75235772154551
ch1_max ch2_skew,0.7523469653808166
ch1_min ch1_rms ch1_p2p,-0.7523426512267057
ch1_std ch1_min ch1_p2p,-0.7523426441510284
ch1_peakfreq ch2_min angle_min,-0.7522459452812017
ch1_zcr angle_mean_abs_vel,0.7519673318306649
angle_mean_abs_vel height,-0.750526885570962
ch1_mean ch1_max angle_min,0.7504887746351272
ch1_mean ch1_max weight,0.7504883753601441
ch2_peakfreq weight set_type,-0.7495622926738088
ch1_min ch1_p2p angle_mean_abs_vel,-0.7493690204029986
ch1_kurt ch2_max ch2_p2p,-0.7492060459896771
angle_p2p angle_mean_abs_vel set_type,-0.7489666798878254
ch2_energy angle_min angle_mean_abs_vel,-0.7488739889104328
ch2_max ch2_energy hand_length,0.7488601183559185
ch1_energy exercise set_type,-0.7483622888080037
ch1_rms ch2_rms angle_max,0.7480986129358212
ch1_rms ch2_std angle_max,0.7480986028926768
ch1_std ch2_rms angle_max,0.7480985958133939
ch1_std ch2_std angle_max,0.74809858577025
ch1_max ch1_min ch1_peakfreq,-0.7478907519945291
ch2_mean ch2_p2p angle_p2p,0.7475089328991605
ch1_zcr^2 ch2_peakfreq,0.7473912474338827
ch1_p2p angle_mean hand_length,-0.746688821463129
ch1_kurt ch1_peakfreq ch2_max,0.7462744772783547
angle_min angle_mean_abs_vel exercise,0.74616608496641
ch1_rms ch2_p2p hand_length,0.7461601195909067
ch1_std ch2_p2p hand_length,0.746160109846873
ch1_max ch2_p2p,-0.7460331416568957
ch1_std ch1_p2p ch1_skew,0.7459243781665381
ch1_rms ch1_p2p ch1_skew,0.7459243693500225
ch1_zcr ch1_meanfreq age,0.745811203238383
ch2_zcr angle_max^2,-0.7456420429000037
ch1_mean ch2_meanfreq age,-0.7455691507734434
ch1_min ch1_p2p ch2_skew,0.7453592474764893
ch2_p2p height hand_length,-0.7453087852339582
ch1_mean ch1_max angle_mean,0.7450311329451684
ch1_p2p^2 ch1_peakfreq,0.7449311296291099
age exercise,-0.7448982232839475
ch1_mean ch1_energy ch2_max,0.7444145888432164
angle_max angle_p2p weight,-0.744041015317677
ch2_mean angle_std weight,0.7433432133630573
ch2_meanfreq angle_p2p age,-0.7432277622187136
ch1_min ch1_skew ch2_mean,0.7431929463050269
ch1_meanfreq ch2_zcr ch2_meanfreq,0.7427099459955058
ch1_zcr ch2_peakfreq angle_max,-0.7425920994884755
ch2_std^2 angle_mean_abs_vel,-0.7422392702850586
ch2_std ch2_rms angle_mean_abs_vel,-0.7422392688989465
ch2_rms^2 angle_mean_abs_vel,-0.7422392675128353
ch1_mean ch2_min angle_max,0.7420837057760986
ch1_std ch2_meanfreq hand_length,-0.7414636315628098
ch1_rms ch2_meanfreq hand_length,-0.7414636108714685
ch2_min ch2_p2p ch2_zcr,0.7414254484832516
ch2_peakfreq angle_min angle_mean_abs_vel,-0.7410058527587235
ch1_mean^2 ch1_kurt,-0.740992760699987
ch1_zcr angle_min exercise,0.7409642827226592
ch2_meanfreq^2 angle_min,-0.7406875980599521
ch2_rms age exercise,-0.7404813418461063
ch2_std age exercise,-0.7404812922701833
angle_mean^2 height,0.7401537884433296
ch1_rms ch2_energy angle_mean,0.7401190141842049
ch1_std ch2_energy angle_mean,0.7401190007139824
ch1_kurt ch2_zcr hand_length,-0.7399361966612346
ch1_skew hand_length set_type,0.7396146784233882
ch2_zcr ch2_meanfreq height,0.7395731114596285
ch2_mean ch2_kurt,0.7385024472060913
ch1_mean ch1_peakfreq ch2_skew,-0.7384667276894639
ch1_max ch2_mean ch2_meanfreq,0.7383836418168742
ch2_min angle_std^2,-0.7382043113496917
angle_mean angle_p2p,-0.7380962262118189
ch1_std ch1_meanfreq height,0.7378793307044416
ch1_rms ch1_meanfreq height,0.737879299459647
ch1_p2p ch2_peakfreq angle_max,0.7378774507169772
ch1_std angle_max angle_mean_abs_vel,-0.737864611838618
ch1_rms angle_max angle_mean_abs_vel,-0.7378645894213169
ch1_min ch1_p2p ch2_kurt,-0.7375004670905332
ch1_max ch2_mean weight,0.7371807548797373
ch1_peakfreq ch2_mean ch2_max,0.7366113681832671
ch1_kurt ch1_peakfreq,-0.7362635369143279
ch1_kurt angle_mean_abs_vel weight,-0.7362592912647989
ch2_skew angle_p2p hand_length,0.7358748019908841
ch2_min^2 angle_max,-0.7358625925233175
ch2_skew ch2_meanfreq angle_mean_abs_vel,-0.7351447599779073
ch1_max ch1_min angle_p2p,0.7351379903774091
ch1_mean ch1_max ch1_skew,-0.7348061836808416
ch1_std ch1_min height,-0.7346042887212523
ch1_min ch1_rms height,-0.7346042769973817
ch1_max ch2_energy ch2_skew,-0.7345334290712165
height weight exercise,0.734444984772134
ch1_p2p ch1_kurt angle_std,0.73424921880318
ch1_mean ch2_p2p exercise,0.7340029872142106
angle_min angle_mean_abs_vel height,0.7337962212573854
ch2_zcr angle_p2p weight,-0.7337375431194966
ch1_p2p ch2_mean ch2_zcr,0.7336288202173029
ch1_min ch2_energy ch2_zcr,-0.7330879606962917
ch2_meanfreq angle_mean_abs_vel height,0.7330648008812579
angle_mean angle_max height,0.7328436927664138
ch1_min ch1_p2p hand_length,-0.7324342356559613
ch1_meanfreq ch2_zcr^2,0.7324297828001127
ch1_zcr ch1_kurt ch2_p2p,0.7323711107525549
ch2_std ch2_meanfreq angle_min,0.7322503665436831
ch2_rms ch2_meanfreq angle_min,0.7322503656917048
ch1_std ch1_skew angle_mean_abs_vel,0.7321966170659227
ch1_rms ch1_skew angle_mean_abs_vel,0.7321966025431321
ch2_min ch2_peakfreq angle_mean_abs_vel,0.7321758662263029
ch2_skew ch2_peakfreq^2,-0.7318823676694567
ch1_skew ch1_meanfreq set_type,-0.7318552061378071
ch1_min ch1_energy height,-0.7317646545426155
ch1_max angle_p2p^2,0.7316062847661422
ch2_rms angle_max exercise,-0.7315987715359888
ch2_std angle_max exercise,-0.7315987691824444
ch1_peakfreq age,-0.7315300727936476
ch1_p2p ch1_energy age,0.7308295528994606
ch2_p2p ch2_energy angle_mean_abs_vel,-0.7308038134786313
ch1_zcr ch2_meanfreq exercise,0.7307753750744638
ch2_energy set_type,-0.7307346871121453
ch1_mean ch2_min ch2_zcr,0.7307060327186585
ch1_rms ch1_peakfreq hand_length,-0.7306497875883081
ch1_std ch1_peakfreq hand_length,-0.7306497717911138
ch1_kurt ch2_min ch2_zcr,0.7304467792643837
ch1_peakfreq ch2_peakfreq height,0.7299572935059323
ch1_rms ch2_p2p weight,0.729924126900672
ch1_std ch2_p2p weight,0.7299241154877251
ch2_std ch2_energy ch2_peakfreq,0.7298654055107572
ch2_rms ch2_energy ch2_peakfreq,0.7298654028807148
ch2_max ch2_zcr angle_std,-0.7297691123336446
ch2_min ch2_skew angle_mean,0.7297190707843428
ch1_mean ch1_rms angle_max,0.7295521127963815
ch1_mean ch1_std angle_max,0.7295520913295213
angle_mean angle_p2p angle_mean_abs_vel,0.7290192351660589
ch1_p2p ch2_kurt angle_p2p,-0.7290151501981103
ch1_max ch2_kurt hand_length,0.7289515517155785
ch1_mean ch2_min angle_mean,0.7283946736615456
ch1_max ch2_meanfreq weight,0.7280525484594289
ch1_max ch1_peakfreq angle_mean_abs_vel,-0.7279831439855146
ch1_mean ch2_skew angle_min,0.7277621903809777
ch1_p2p ch1_skew ch2_min,0.7276149252326398
ch1_zcr angle_mean_abs_vel^2,-0.7275577302920379
ch2_p2p^2 height,0.7275246402927281
ch1_mean ch2_skew ch2_meanfreq,0.7273984492057333
ch1_kurt ch2_peakfreq height,-0.7273405280565066
ch1_rms height^2,0.7272573324383153
ch1_std height^2,0.7272573132581169
ch1_energy ch1_meanfreq ch2_skew,-0.7271223004388713
ch1_kurt^3,-0.7271058671432864
ch1_energy age weight,0.7269901586985796
ch1_max ch1_p2p ch2_p2p,-0.7267687530983176
ch1_peakfreq ch2_meanfreq weight,0.7259668875758042
ch1_meanfreq ch2_min ch2_p2p,-0.7256170793008843
ch2_rms^2 set_type,0.7255622768644656
ch2_std ch2_rms set_type,0.7255622726643585
ch2_std^2 set_type,0.7255622684642505
weight hand_length,-0.7254533197985198
ch2_max ch2_meanfreq angle_mean,0.7252129280620403
ch1_peakfreq ch2_peakfreq angle_max,-0.7245640054365997
ch1_p2p ch2_peakfreq angle_mean,0.7245019580533004
ch1_kurt ch1_peakfreq ch2_kurt,0.7244230104176184
ch2_energy hand_length,-0.7243157565822671
ch1_p2p^2 ch2_zcr,-0.7242215152176601
ch2_meanfreq angle_min exercise,0.7240174857415023
ch1_max angle_min angle_mean_abs_vel,-0.7238204171666806
ch1_zcr ch2_zcr^2,-0.7236809978415194
ch2_skew ch2_meanfreq height,0.7231727049202021
ch1_p2p ch1_zcr ch2_peakfreq,0.7230743514117768
ch1_mean ch2_mean ch2_p2p,0.7228165378955214
hand_length^3,-0.7227965569756873
ch1_kurt angle_mean angle_p2p,-0.7227204419498869
ch1_p2p ch1_meanfreq age,0.7227077769212144
ch1_peakfreq ch2_min ch2_kurt,0.722317878593558
ch2_energy angle_mean exercise,-0.7222041794331109
ch1_peakfreq angle_std^2,0.7221637261060568
ch1_std ch1_peakfreq age,0.7220822742435924
ch1_rms ch1_peakfreq age,0.7220822740695397
ch1_kurt ch2_min ch2_meanfreq,0.7220524797816363
ch1_mean ch1_meanfreq ch2_min,-0.7219497066833599
ch2_energy hand_length^2,-0.7219329586308564
ch2_skew ch2_peakfreq weight,0.7219066518878126
ch2_mean ch2_rms hand_length,-0.7215150273452673
ch2_mean ch2_std hand_length,-0.7215149832128022
ch1_std^2 ch1_skew,0.7211788494047842
ch1_std ch1_rms ch1_skew,0.7211788356163396
ch1_rms^2 ch1_skew,0.7211788218278936
ch2_mean ch2_meanfreq angle_min,-0.7210019362265722
ch1_kurt ch2_min exercise,-0.7209975842274745
ch1_zcr ch1_peakfreq^2,0.7207559174390537
ch2_skew ch2_peakfreq height,0.7206131422415737
ch2_max^2 hand_length,0.7205830057495645
ch2_skew ch2_peakfreq angle_std,0.7205316616505786
ch1_std ch2_p2p ch2_kurt,0.720460764312692
ch1_rms ch2_p2p ch2_kurt,0.7204607602036152
angle_mean angle_mean_abs_vel height,0.720382685898224
ch1_min ch1_zcr height,-0.719759558106487
ch1_skew ch1_meanfreq ch2_peakfreq,0.7194723281595834
ch2_min ch2_zcr exercise,-0.7193247127048368
ch1_mean ch1_meanfreq angle_mean_abs_vel,-0.718514199191705
ch1_zcr ch1_skew ch2_peakfreq,0.7183635799290139
ch1_p2p ch1_meanfreq angle_std,0.7178578740552326
ch1_min ch1_peakfreq ch2_skew,-0.7175987576985048
ch1_max ch1_energy set_type,0.7174560356218913
ch1_mean ch2_p2p ch2_meanfreq,-0.7171645842256602
angle_mean angle_mean_abs_vel^2,0.7171058524426139
angle_min height weight,-0.7169862765893077
ch1_max ch1_meanfreq ch1_peakfreq,0.7168393013161077
ch1_min angle_std^2,-0.7168222857575769
ch1_skew ch1_peakfreq^2,0.7165036640673861
ch1_peakfreq^2 hand_length,-0.7163686075553026
ch2_mean ch2_zcr angle_min,-0.7161400198638849
ch1_p2p ch1_zcr height,0.7160855049153484
ch1_min ch1_kurt ch2_max,-0.7159597131374642
ch1_meanfreq angle_mean,0.7157283695246235
ch1_skew ch1_peakfreq,-0.7155748321817375
ch2_mean ch2_std height,-0.7152084909097846
ch2_mean ch2_rms height,-0.7152084830296856
ch2_std angle_min angle_max,0.7148871150680086
ch2_rms angle_min angle_max,0.7148871085640356
ch2_min angle_std hand_length,0.7147336414482666
ch1_skew ch2_min ch2_zcr,0.71427184291588
ch2_peakfreq hand_length,0.7141367917598872
ch1_max ch2_min ch2_p2p,0.713984632727168
ch2_rms angle_p2p^2,0.7137904066341755
ch2_std angle_p2p^2,0.7137903858269085
ch2_max ch2_p2p set_type,0.7137365468642354
ch2_zcr angle_mean,-0.7135889070981818
ch1_peakfreq ch2_rms ch2_peakfreq,0.7133241781599184
ch1_peakfreq ch2_std ch2_peakfreq,0.7133241622714943
ch2_meanfreq^2 angle_max,-0.71267764075663
ch1_skew ch2_min hand_length,-0.712424222367699
ch1_energy ch2_skew angle_max,0.712218268593501
ch1_p2p ch1_peakfreq ch2_kurt,0.7122017328753691
ch1_zcr ch2_mean angle_max,-0.7120608662698205
ch2_p2p ch2_peakfreq height,0.7118167018451013
ch1_min ch1_energy ch2_peakfreq,0.7117314528501183
ch1_meanfreq ch2_kurt,-0.7116881119166676
ch1_rms ch2_mean weight,0.7116208653374075
ch1_std ch2_mean weight,0.7116208443822136
ch1_mean ch2_p2p ch2_zcr,-0.7115989119252502
ch1_skew angle_min weight,0.7115670452237083
ch1_zcr hand_length set_type,0.7115154601977052
angle_p2p age set_type,-0.7105729667212451
ch1_kurt height set_type,0.7100910018959705
ch2_std angle_max angle_mean_abs_vel,-0.7097989449639759
ch2_rms angle_max angle_mean_abs_vel,-0.7097989200452666
ch1_energy ch1_kurt ch2_energy,-0.709476449032747
ch1_meanfreq ch2_p2p ch2_energy,0.7089428586855445
ch1_max age exercise,-0.7088566461518095
ch2_kurt age hand_length,-0.708835414147051
ch1_meanfreq angle_min exercise,-0.7081491017791777
ch1_skew ch2_p2p ch2_energy,-0.7080070682507769
ch1_skew ch1_meanfreq ch2_min,-0.7078396898260784
ch1_mean age,0.7078338696118578
ch1_mean ch1_max ch2_min,-0.707713837719753
ch1_min ch1_peakfreq age,-0.7076073336667994
ch1_skew angle_max hand_length,0.706948861364631
ch1_zcr ch2_zcr angle_p2p,-0.7069395218675285
ch1_std ch2_mean ch2_min,-0.7067885044984137
ch1_rms ch2_mean ch2_min,-0.7067884940830012
ch1_max ch1_peakfreq ch2_kurt,0.7067817523894587
ch2_rms ch2_kurt^2,0.7064699167790204
ch2_std ch2_kurt^2,0.7064699008924415
ch1_max ch1_p2p height,-0.7063937454739224
ch1_max angle_max angle_mean_abs_vel,-0.7059851455089052
ch2_min ch2_p2p angle_p2p,0.7052658477188634
ch1_peakfreq ch2_meanfreq angle_p2p,-0.7049554722482928
ch1_peakfreq ch2_energy,-0.7048873120514549
ch1_mean ch2_zcr ch2_skew,0.7047187809135732
ch2_std ch2_kurt angle_std,-0.7045517554392863
ch2_rms ch2_kurt angle_std,-0.7045517516785605
ch1_peakfreq ch2_kurt ch2_peakfreq,-0.7045154252096841
ch1_energy angle_mean_abs_vel weight,0.7043504724142955
angle_p2p hand_length^2,0.7041839621552997
ch2_energy angle_p2p^2,0.704161164478053
ch1_meanfreq ch2_p2p weight,0.7035877732532876
ch1_meanfreq ch2_std ch2_min,-0.7034514179656373
ch1_meanfreq ch2_min ch2_rms,-0.7034514151611182
ch1_skew ch1_kurt ch2_skew,0.7032758575218039
ch2_kurt angle_std angle_min,-0.703234920213911
ch1_peakfreq age weight,-0.7031957832637223
ch1_kurt^2 exercise,-0.7031545687359798
ch1_kurt ch2_peakfreq,-0.7031234054743379
ch2_min ch2_rms ch2_skew,0.703017767472985
ch2_std ch2_min ch2_skew,0.703017760273755
ch1_p2p ch2_peakfreq angle_std,-0.7029881136801288
ch1_std ch2_max ch2_kurt,0.7024653621734194
ch1_rms ch2_max ch2_kurt,0.7024653554407365
ch1_skew angle_mean_abs_vel set_type,-0.7022070640940986
ch1_energy ch2_zcr,0.7021583409069857
ch1_std ch1_energy ch1_zcr,-0.7020297396628409
ch1_rms ch1_energy ch1_zcr,-0.7020297137307991
ch2_p2p ch2_skew hand_length,0.7020021237498358
ch1_p2p ch2_mean ch2_meanfreq,0.7012024959291684
ch1_mean ch1_zcr,-0.7009967225957313
ch2_max angle_p2p angle_mean_abs_vel,0.7009090541152911
ch1_min ch1_energy angle_std,0.7004788387376804
ch1_zcr weight hand_length,-0.7004177523998566
ch1_peakfreq ch2_max,-0.7003421659185595
ch1_mean ch1_p2p ch2_mean,-0.7003302253981015
ch1_energy ch2_energy,-0.7002871928035138
ch2_kurt height,-0.7002574158604032
ch1_energy ch2_max ch2_min,-0.6999959028980134
ch1_skew ch1_kurt weight,0.6999295165289647
ch2_mean ch2_max ch2_rms,0.6997251362845227
ch2_mean ch2_std ch2_max,0.6997251339549608
ch1_max ch1_energy ch2_energy,-0.6996610700416579
ch1_peakfreq ch2_energy angle_min,0.6996548178329021
ch1_max ch1_min angle_mean_abs_vel,-0.6995599658112639
ch1_energy ch2_min angle_mean,-0.6995549535601175
ch2_kurt angle_std age,0.6987157409696911
ch2_mean ch2_zcr weight,-0.6986975323227919
ch1_energy ch2_energy height,0.6983831329765784
ch1_max ch1_p2p set_type,0.6977841332385016
ch1_mean^2 ch1_rms,0.6977825364411319
ch1_mean^2 ch1_std,0.6977824806078144
ch2_max^2 ch2_kurt,0.6976053448438264
ch1_zcr ch1_kurt angle_p2p,0.6973189365753328
ch1_mean^2 ch1_skew,-0.6961730308968528
ch1_skew ch2_skew age,-0.6961401604894901
ch1_meanfreq ch2_mean ch2_peakfreq,0.6961300516497573
angle_p2p age^2,-0.6952026653828108
ch1_min^2 angle_max,0.6951236601734967
ch2_kurt angle_mean angle_min,0.69505960541971
ch1_min ch1_skew ch2_energy,-0.6950523978747445
ch1_min angle_std angle_p2p,0.6948526590196563
angle_max^2 height,0.6947548493248238
ch1_peakfreq ch2_energy exercise,-0.6946529018496814
ch1_mean hand_length exercise,0.6945252253246126
ch1_mean ch2_min ch2_kurt,0.6944824319731955
ch1_kurt ch1_peakfreq^2,-0.6940752533087491
ch2_energy angle_mean_abs_vel exercise,0.6940560573109414
ch2_max ch2_energy ch2_kurt,0.6940521480356157
ch1_mean^2 ch2_min,0.6929647890348962
ch1_meanfreq ch2_meanfreq angle_min,0.6927656960919628
ch1_energy ch2_kurt angle_mean,0.6926857870441108
ch1_meanfreq angle_max age,-0.692621962298927
ch1_peakfreq ch2_meanfreq height,0.6923137938599842
ch2_rms angle_min age,0.6916201738765616
ch2_std angle_min age,0.6916201271418687
ch1_p2p weight hand_length,0.6914920647663867
ch2_zcr weight set_type,-0.6908238367109267
ch1_peakfreq ch2_peakfreq angle_p2p,-0.6905617330454678
ch2_min ch2_skew^2,0.6903565713879707
ch2_min ch2_skew angle_p2p,-0.6903411932784554
ch2_max angle_max exercise,-0.6900324348800415
ch1_mean ch2_skew angle_max,0.6899241180132865
ch1_min angle_max weight,0.6898656363833149
ch2_std ch2_energy angle_mean_abs_vel,-0.6895758046803162
ch2_rms ch2_energy angle_mean_abs_vel,-0.6895758030240053
ch1_skew ch2_skew angle_p2p,-0.6894129952847109
ch2_skew angle_max angle_mean_abs_vel,-0.6889845712966667
ch1_std ch1_kurt angle_mean_abs_vel,0.6889404835522543
ch1_rms ch1_kurt angle_mean_abs_vel,0.6889404605450511
ch2_max weight,-0.688855257119094
ch1_mean ch2_p2p angle_mean,-0.6887810845606874
ch1_max ch1_energy ch2_p2p,-0.6886960353756072
ch1_max ch2_kurt age,0.6884810074006549
ch1_peakfreq age set_type,-0.6884291854672802
ch1_mean ch1_max ch1_min,0.6881299093439447
ch1_max ch1_meanfreq ch2_p2p,0.6879693727159452
ch1_min ch1_kurt hand_length,-0.6878383650900953
ch1_mean ch1_std ch2_kurt,0.6878031245517168
ch1_mean ch1_rms ch2_kurt,0.6878031170738496
ch2_energy angle_min^2,0.6878002411888144
ch1_max angle_std height,-0.6877470251384301
ch2_max age,-0.6870270610691706
ch1_std ch1_kurt ch2_kurt,-0.6866803254624377
ch1_rms ch1_kurt ch2_kurt,-0.6866803147651969
ch1_std ch2_mean set_type,-0.6864692553368774
ch1_rms ch2_mean set_type,-0.6864692240826349
ch1_kurt set_type,-0.6862748423844879
ch1_p2p ch1_kurt angle_p2p,0.6860207200148122
ch2_zcr ch2_peakfreq angle_min,-0.6858908221618251
ch2_energy ch2_skew angle_p2p,0.6858752078964682
ch1_mean ch2_p2p angle_max,-0.6857861710213953
ch1_zcr ch2_mean ch2_skew,0.685528680000908
ch1_kurt ch2_min angle_min,0.6855168752281027
ch1_kurt ch2_kurt height,-0.6854369795403275
ch2_energy angle_p2p weight,-0.6852520431414022
ch2_rms ch2_peakfreq weight,0.6845352722683137
ch2_std ch2_peakfreq weight,0.6845352625582288
ch2_rms angle_max age,0.6844864123344606
ch2_std angle_max age,0.6844863646692716
ch1_zcr ch2_peakfreq angle_mean_abs_vel,0.6844679111193719
ch1_zcr ch2_skew ch2_meanfreq,-0.6841188268277592
ch2_max height,-0.6838691228218388
ch1_kurt ch2_std exercise,0.6837384757462119
ch1_kurt ch2_rms exercise,0.6837384427856863
ch1_skew ch1_kurt ch1_meanfreq,-0.6835036460703333
ch1_min ch2_p2p angle_p2p,0.6832498823918574
ch2_max exercise^2,0.6831201489205581
ch2_max set_type^2,0.6831201489205581
ch2_max,0.6831201489205512
ch2_std angle_mean angle_mean_abs_vel,-0.6827828821199025
ch2_rms angle_mean angle_mean_abs_vel,-0.6827828588214765
ch2_max angle_max^2,0.6827421389707311
ch2_min ch2_skew age,-0.6825515624888798
ch2_max angle_mean_abs_vel exercise,0.6823342614336239
ch1_zcr^2 angle_mean,0.6821432461149561
ch1_max ch2_mean exercise,-0.6820804673987315
ch1_zcr ch2_meanfreq set_type,0.6816975320505263
ch2_meanfreq angle_min angle_mean_abs_vel,-0.6816171372686965
ch2_zcr angle_min angle_mean_abs_vel,-0.6813259971471706
ch2_p2p angle_std angle_max,-0.6812210751932741
ch1_mean ch2_kurt angle_mean,-0.6809813820628433
ch1_p2p ch2_mean weight,0.6809110646665444
ch1_max ch1_peakfreq weight,-0.6808444538078698
ch1_min ch1_peakfreq ch2_kurt,-0.6807077101493795
ch1_kurt ch2_std angle_mean,-0.6805550459247055
ch1_kurt ch2_rms angle_mean,-0.6805550118348243
ch1_mean ch1_p2p angle_min,0.6804601077392132
ch1_zcr ch1_skew ch1_peakfreq,-0.6804334963881136
ch1_kurt ch1_meanfreq ch2_p2p,0.6804135354519347
ch2_max angle_std age,0.6804039173890528
angle_std angle_p2p,-0.6803329890672573
ch1_skew angle_min exercise,0.6801949190337274
ch2_rms ch2_zcr exercise,-0.6801470274467915
ch2_std ch2_zcr exercise,-0.680147002969782
ch1_mean ch2_min angle_min,0.6801400868126097
ch1_skew angle_mean_abs_vel,0.6800609289581245
ch1_mean ch1_meanfreq ch2_kurt,0.6799786085872368
ch1_peakfreq ch2_min exercise,0.6796814902993917
ch1_mean ch1_zcr ch2_peakfreq,-0.679596233888885
ch1_energy angle_mean height,-0.6789301714312578
angle_p2p angle_mean_abs_vel exercise,-0.6789040188941076
ch1_meanfreq angle_mean_abs_vel set_type,0.6787744999521155
ch2_min ch2_zcr angle_max,0.678554845390325
ch2_kurt angle_mean angle_max,0.678475133608935
ch1_peakfreq ch2_energy^2,0.6784698286334212
ch1_mean ch1_rms exercise,-0.6784687953980172
ch1_mean ch1_std exercise,-0.6784687741766369
ch1_energy ch2_energy hand_length,0.678414815856259
ch1_std ch2_skew angle_std,-0.6778828785392235
ch1_rms ch2_skew angle_std,-0.677882858760342
ch2_mean age hand_length,-0.6778436353458535
ch1_meanfreq ch2_meanfreq ch2_peakfreq,0.6777598886252062
ch1_skew^2 ch1_meanfreq,0.6775806156728625
ch1_min ch2_zcr set_type,-0.6773407586694583
ch2_zcr^2 ch2_skew,0.6772042413388757
ch2_zcr ch2_kurt weight,0.676808107087236
angle_max height^2,0.6767759696122821
ch2_energy angle_max set_type,0.6766498059191396
ch1_zcr ch1_kurt exercise,-0.6766106680334931
ch1_skew ch2_zcr angle_max,-0.6764340982440691
ch1_p2p ch1_kurt ch2_max,0.676230498190193
ch1_meanfreq height^2,-0.6761920363572651
ch1_meanfreq ch2_std ch2_p2p,0.6760716682041104
ch1_meanfreq ch2_rms ch2_p2p,0.6760716672883083
ch1_zcr angle_p2p^2,-0.67594082944724
ch1_energy ch2_p2p height,0.6758838710538884
ch1_mean ch2_skew hand_length,-0.675710815009327
ch1_min ch1_kurt ch2_skew,-0.6755749224011143
ch1_meanfreq ch2_kurt angle_mean,-0.6753145857995906
ch1_energy ch1_kurt hand_length,0.675313326150594
ch1_min ch1_zcr ch2_skew,-0.6747357556094891
angle_max angle_mean_abs_vel^2,0.6743580544834089
ch2_mean ch2_energy age,0.6743007016686201
ch2_mean ch2_skew hand_length,0.6742019340962908
ch1_max ch1_zcr height,0.6740851983357277
ch1_skew ch2_energy angle_max,-0.6739042973631482
ch1_meanfreq ch2_kurt height,-0.6733527305387669
ch2_rms ch2_meanfreq age,0.6732379014189545
ch2_std ch2_meanfreq age,0.673237850779625
angle_mean_abs_vel weight,-0.6727348311136399
ch2_min ch2_zcr hand_length,0.6724899873349273
ch1_skew ch1_meanfreq age,-0.6724509728396176
ch2_max^2 ch2_skew,-0.6720989160291715
ch2_rms ch2_kurt hand_length,0.6720474832174648
ch2_std ch2_kurt hand_length,0.6720474574793331
ch1_max ch1_kurt hand_length,-0.6720460684647281
ch1_kurt ch1_peakfreq ch2_zcr,-0.6719565340117264
ch1_max ch1_peakfreq angle_std,-0.6717262239137199
ch1_min ch1_zcr angle_min,0.671505627423549
ch1_rms ch1_energy age,0.6714643276409027
ch1_std ch1_energy age,0.6714643014745936
ch2_min ch2_p2p ch2_skew,0.6712909193101511
ch1_meanfreq angle_mean height,-0.6705756936369657
ch2_rms ch2_zcr angle_mean,0.6705591860147677
ch2_std ch2_zcr angle_mean,0.6705591706846081
ch1_p2p ch1_skew,0.6703252177715511
ch1_mean age exercise,0.6702584181973921
ch1_min ch1_kurt set_type,0.6701064323380308
ch1_max ch2_energy ch2_meanfreq,0.6696770231399148
ch2_mean age^2,-0.6696727438842401
ch2_min^2 hand_length,-0.6691869941618501
ch1_zcr ch1_meanfreq ch2_mean,0.6690858592839986
ch1_zcr ch2_meanfreq angle_max,-0.6689896181116672
ch1_max ch2_max hand_length,0.668464525165856
ch1_max angle_mean angle_mean_abs_vel,-0.6675530163496513
ch1_mean ch1_max angle_mean_abs_vel,-0.6675083332994273
angle_mean_abs_vel hand_length,-0.667456304862642
ch1_max ch2_peakfreq set_type,-0.6673836170106501
ch1_energy ch1_kurt ch2_skew,-0.6673363210850034
ch1_skew ch2_max ch2_peakfreq,-0.6672822002913155
ch1_max ch1_kurt weight,-0.6671049202346225
ch1_max angle_p2p exercise,-0.6666486794800545
ch2_min angle_std weight,0.666618311883223
ch1_p2p^2 angle_p2p,-0.6665693481410753
angle_min angle_p2p,-0.666411599919184
ch1_mean ch2_meanfreq angle_std,-0.6663398845268612
ch1_energy angle_max angle_mean_abs_vel,-0.6663064712444992
ch2_max age set_type,0.6662895060860674
ch1_min ch2_zcr^2,-0.6660196177205813
ch2_skew^2 angle_min,0.6658499314546061
angle_mean angle_min height,0.6653932943434131
ch1_zcr angle_max age,-0.6651667297636006
exercise set_type^2,0.6651316907229197
exercise^3,0.6651316907229194
exercise,0.6651316907229171
ch1_zcr ch2_zcr set_type,0.6648996047407068
ch2_zcr ch2_skew set_type,-0.6647512240858988
ch2_min ch2_peakfreq^2,-0.6644853836714548
ch2_max ch2_skew ch2_peakfreq,-0.6644631954126823
ch1_min ch1_rms ch1_peakfreq,-0.6644138444463779
ch1_std ch1_min ch1_peakfreq,-0.664413823840697
ch1_kurt ch2_min angle_std,-0.6638805927831158
ch2_mean ch2_rms ch2_energy,0.663849386208773
ch2_mean ch2_std ch2_energy,0.6638493769718423
ch1_zcr ch2_mean height,-0.6638297996755691
ch2_peakfreq angle_mean_abs_vel exercise,0.6636956165961043
ch1_min ch1_kurt height,-0.6635379241338699
ch1_rms ch2_std weight,0.6634189399934587
ch1_rms ch2_rms weight,0.6634189375349904
ch1_std ch2_std weight,0.6634189263385311
ch1_std ch2_rms weight,0.6634189238800636
ch1_max height set_type,0.6631025944263981
ch1_max ch2_p2p set_type,-0.6629275470529485
ch1_rms ch1_kurt ch2_p2p,-0.662876559629737
ch1_std ch1_kurt ch2_p2p,-0.662876557181949
ch1_std ch2_min ch2_kurt,-0.6623764278221073
ch1_rms ch2_min ch2_kurt,-0.6623764264217442
ch1_energy ch2_max ch2_p2p,0.6619124219636516
ch1_peakfreq ch2_mean angle_max,0.6617696586925577
ch1_zcr ch1_kurt angle_mean,0.6617141891554346
ch1_energy ch1_meanfreq weight,0.6616621019641162
ch1_meanfreq ch1_peakfreq angle_std,-0.6615900485522388
ch1_mean ch1_energy age,0.6614062023289895
ch1_p2p ch1_meanfreq ch2_p2p,0.6611599136719242
ch1_zcr^2,-0.6606413714522124
ch1_skew ch2_max ch2_p2p,-0.6604073329787743
ch2_max ch2_kurt angle_std,-0.6603778246916374
ch1_skew ch2_std ch2_min,0.6602993753932458
ch1_skew ch2_min ch2_rms,0.6602993664064974
ch2_min ch2_peakfreq age,-0.6601647020182624
ch1_energy ch1_kurt ch2_peakfreq,-0.6599801282260298
ch1_kurt ch2_meanfreq height,-0.6598798589925214
ch1_zcr ch1_kurt angle_mean_abs_vel,-0.6598155617350541
ch2_peakfreq angle_mean angle_mean_abs_vel,-0.6590701320831209
ch1_skew angle_mean_abs_vel weight,-0.6589299114681344
ch1_p2p ch1_energy hand_length,0.6588106683192723
ch2_skew ch2_peakfreq age,0.6587668533293628
ch2_zcr ch2_peakfreq angle_max,-0.6586840178515867
ch1_rms ch1_p2p ch1_kurt,0.6585252084128317
ch1_std ch1_p2p ch1_kurt,0.6585252045805192
ch1_zcr ch2_meanfreq ch2_peakfreq,-0.6583639690839868
ch1_mean ch2_skew angle_mean,0.6579496590810056
ch1_kurt angle_max height,-0.657654745826356
ch1_max ch2_mean ch2_peakfreq,0.6574983283979843
ch1_max ch2_p2p hand_length,0.6569106995843101
ch1_rms ch1_meanfreq ch2_zcr,-0.6567410543106397
ch1_std ch1_meanfreq ch2_zcr,-0.6567410333844703
ch2_meanfreq angle_max exercise,0.6566807563353523
ch1_mean ch1_meanfreq ch2_p2p,0.6563515466268374
ch1_meanfreq ch2_max angle_std,0.6563283804505124
ch1_mean ch1_min exercise,0.6563249617864321
ch1_meanfreq ch2_meanfreq,0.656115858437383
ch2_mean ch2_min,-0.6554254671085269
ch2_kurt angle_std exercise,0.6551989448715214
ch2_skew ch2_peakfreq angle_mean_abs_vel,-0.6549925513143628
ch1_kurt ch2_min angle_mean,0.654873563402882
ch1_zcr angle_max^2,-0.6544855579824456
ch1_skew ch2_std ch2_peakfreq,-0.6542274384775846
ch1_skew ch2_rms ch2_peakfreq,-0.6542274301842271
ch1_energy ch1_skew angle_mean_abs_vel,0.6539736935846546
ch1_std ch2_max ch2_p2p,0.653752219983637
ch1_rms ch2_max ch2_p2p,0.6537522054509817
ch2_energy angle_std weight,-0.6534910409514061
ch2_skew angle_min age,-0.6532656853212789
ch2_meanfreq^2 weight,-0.6531835182268773
ch1_energy ch2_p2p weight,0.6529664813805135
ch1_energy ch2_meanfreq angle_mean_abs_vel,-0.6528386109190435
ch1_meanfreq^2 angle_p2p,0.6525756732811441
ch2_max ch2_kurt ch2_peakfreq,0.6525733749629157
ch1_zcr ch2_p2p angle_mean,-0.6524485761123864
ch1_energy ch2_kurt angle_max,0.652430432529853
ch2_energy angle_mean_abs_vel set_type,-0.6523087945204576
ch1_meanfreq ch2_rms ch2_skew,0.6522526402701139
ch1_meanfreq ch2_std ch2_skew,0.6522526295363018
ch1_mean ch1_min ch2_meanfreq,-0.6522119732032574
ch1_max angle_p2p hand_length,0.6521163443701433
ch2_rms ch2_skew ch2_kurt,-0.6520127800780446
ch2_std ch2_skew ch2_kurt,-0.6520127623807208
ch1_mean ch2_kurt angle_min,-0.6519860829588338
age weight set_type,0.6515933097609342
ch2_max^2 weight,0.6512482853255092
ch1_max ch1_p2p ch2_kurt,-0.651237412336608
ch1_kurt^2 ch2_std,0.6512271403238408
ch1_kurt^2 ch2_rms,0.651227104252607
ch1_skew ch2_energy angle_mean_abs_vel,-0.6512171161257932
angle_min angle_max height,0.6510319353794451
ch1_p2p ch2_skew,0.6507131377756055
ch1_mean ch1_peakfreq ch2_meanfreq,0.6505849912001722
ch2_max angle_mean_abs_vel height,0.6503200857568991
ch1_min^2 ch2_meanfreq,0.6503019680701752
ch1_zcr^2 ch2_energy,0.6502126148159468
ch1_kurt ch2_p2p ch2_skew,0.6501987866163396
ch1_energy^2 ch1_zcr,-0.6497753585023708
ch2_meanfreq ch2_peakfreq angle_mean_abs_vel,-0.6497022464196773
ch1_zcr angle_mean_abs_vel hand_length,-0.6496477934032374
ch1_min ch2_rms ch2_energy,-0.6492741629014334
ch1_min ch2_std ch2_energy,-0.6492741572867389
ch1_kurt angle_max angle_p2p,-0.6492104494488
ch2_p2p ch2_peakfreq,-0.6491914154154479
ch1_kurt ch1_meanfreq ch2_peakfreq,0.6486138349038381
ch1_p2p angle_mean angle_p2p,-0.6484814995935289
ch1_kurt ch2_min ch2_kurt,0.6483740516930085
angle_min^2 height,0.648244168068269
ch2_min angle_min weight,0.647660460336623
ch1_peakfreq ch2_zcr angle_p2p,-0.6475006626475235
ch2_min^2 ch2_meanfreq,-0.6471812106628259
ch1_kurt ch2_max age,0.6471662893575038
ch1_meanfreq angle_min angle_max,0.6471303405105451
ch2_mean ch2_peakfreq angle_min,-0.6470017453780037
ch1_rms ch2_zcr weight,0.6466599052061024
ch1_std ch2_zcr weight,0.6466598871726708
ch1_peakfreq angle_max,0.6464380905150289
ch1_rms ch1_p2p age,0.646382926803927
ch1_std ch1_p2p age,0.6463829140497448
ch1_peakfreq height set_type,-0.6459302750624085
angle_mean angle_p2p height,0.6458175996919013
ch1_kurt angle_std age,-0.6457818932651862
ch2_energy angle_min set_type,0.6456635575154819
ch1_peakfreq ch2_peakfreq angle_min,-0.645567566280694
ch2_min angle_p2p,0.6452193853550606
ch1_zcr ch1_skew ch2_kurt,0.6449418262739792
ch1_kurt ch2_mean hand_length,-0.6448517922349424
ch1_kurt ch2_std ch2_meanfreq,-0.6444562741328638
ch1_kurt ch2_rms ch2_meanfreq,-0.6444562415977503
ch2_skew ch2_kurt angle_mean_abs_vel,-0.6443892500204675
ch1_mean^2 ch1_meanfreq,0.6442501361020376
ch2_mean ch2_rms^2,0.6441459060167001
ch2_mean ch2_std ch2_rms,0.6441459000266851
ch2_mean ch2_std^2,0.6441458940366698
ch1_min hand_length,-0.643955730104982
ch1_rms ch1_kurt ch1_peakfreq,0.6437964668258359
ch1_std ch1_kurt ch1_peakfreq,0.6437964601144249
ch1_kurt ch2_mean ch2_peakfreq,0.6436727403777518
ch2_rms ch2_kurt weight,0.6435162465174735
ch2_std ch2_kurt weight,0.6435162428267879
ch2_kurt ch2_peakfreq,0.6432266828756921
ch1_zcr ch2_p2p exercise,0.6429528693689924
ch1_energy angle_mean_abs_vel age,0.6427666540811212
ch2_skew angle_std weight,0.6425229680147895
ch2_peakfreq^3,-0.6424695661613716
ch1_zcr^2 exercise,-0.6418874946269828
ch1_energy ch1_meanfreq angle_max_abs_vel,0.6417661257189823
ch1_mean ch1_peakfreq angle_min,0.6415166437413626
ch1_peakfreq ch2_std set_type,-0.6412402881764168
ch1_peakfreq ch2_rms set_type,-0.6412402656698106
ch2_p2p ch2_meanfreq angle_std,-0.6408672042773776
ch1_skew ch2_max ch2_min,0.6405657249755223
ch1_rms ch1_peakfreq angle_std,-0.6403920793363893
ch1_std ch1_peakfreq angle_std,-0.6403920765564763
ch1_kurt ch2_std angle_min,-0.6403820532016938
ch1_kurt ch2_rms angle_min,-0.6403820163035456
ch2_energy angle_mean angle_max,0.6403094500453704
ch1_max age weight,0.640097218079986
angle_mean angle_mean_abs_vel exercise,0.6392067853468928
ch2_min angle_p2p exercise,-0.6391477854356573
ch1_max ch2_zcr,-0.638513372678436
ch1_std ch2_skew angle_mean,0.6380490041802509
ch1_rms ch2_skew angle_mean,0.6380489776423435
ch1_max ch1_zcr weight,0.6377370790836493
ch1_meanfreq ch2_zcr angle_max,0.6376853489985861
ch1_peakfreq ch2_peakfreq weight,0.6373553597078214
ch1_max ch2_mean ch2_kurt,0.6372678155588336
ch1_min angle_p2p weight,0.6368273487779014
ch2_rms^2 angle_p2p,-0.636712324360966
ch2_std ch2_rms angle_p2p,-0.6367123190751826
ch2_std^2 angle_p2p,-0.6367123137893984
ch2_min ch2_skew exercise,-0.63645368174211
angle_std angle_p2p angle_mean_abs_vel,0.6363479623809345
ch1_zcr angle_min age,-0.6363072983246871
angle_mean age^2,-0.6361987544495471
angle_mean angle_std angle_min,-0.636079882601511
ch1_p2p ch1_zcr ch2_max,0.635680747406993
ch1_mean ch1_peakfreq exercise,-0.6353945566687242
ch1_energy ch1_zcr ch2_zcr,-0.6353513738490193
ch2_p2p ch2_energy set_type,0.6350806467592229
ch1_mean ch1_std,-0.6348053271132071
ch1_mean ch1_rms,-0.6348052984711396
ch1_kurt ch1_peakfreq set_type,-0.6346234400751658
ch1_kurt^2 set_type,-0.6343969459616468
ch1_mean ch2_p2p angle_min,-0.6343809338457818
ch1_mean ch2_skew age,-0.6342463443273584
ch1_mean ch1_skew ch1_peakfreq,0.6342316668555433
ch1_std ch2_mean ch2_p2p,0.6342261294023906
ch1_rms ch2_mean ch2_p2p,0.6342261178806718
angle_mean_abs_vel weight hand_length,-0.6335932862632994
ch2_mean ch2_max weight,-0.633533710853774
ch1_zcr ch2_mean age,-0.6332575590754186
ch2_energy^2 weight,-0.6327892646571383
ch1_kurt angle_min height,-0.6325616579916897
ch2_min^2 angle_std,-0.6325181536850462
ch1_std ch2_mean ch2_zcr,0.6325106417179569
ch1_rms ch2_mean ch2_zcr,0.6325106401790945
ch2_meanfreq angle_min^2,-0.6324381646994919
ch2_energy^2 angle_mean,0.6321299024869135
ch1_rms ch1_kurt ch2_min,0.6320715632079914
ch1_std ch1_kurt ch2_min,0.6320715580029478
ch2_min ch2_kurt^2,0.6318742139883913
ch2_peakfreq angle_mean angle_std,-0.6314397002974829
ch1_min ch2_mean ch2_zcr,-0.631271131497321
ch2_p2p angle_std weight,-0.6312548768538939
ch2_zcr angle_mean angle_mean_abs_vel,-0.6312526533583485
ch2_rms angle_mean age,0.6308231523173645
ch2_std angle_mean age,0.6308231040067442
ch2_zcr ch2_skew exercise,-0.6303411338309739
ch2_peakfreq angle_max angle_mean_abs_vel,-0.6302141771873346
ch1_p2p^2 weight,-0.630027201501024
ch1_mean ch1_kurt weight,0.6300137115999884
ch1_mean ch1_skew ch2_skew,-0.6297165284557262
ch1_peakfreq ch2_p2p ch2_kurt,-0.6293836530367192
ch1_min ch2_mean ch2_meanfreq,-0.6290860764744509
ch1_mean weight hand_length,-0.6284805940733285
ch1_min ch2_zcr age,-0.6281124980683728
ch2_min ch2_zcr angle_min,0.6279752510942145
angle_p2p age exercise,0.6279280370375531
ch1_max^2 ch2_rms,-0.6273431491006896
ch1_max^2 ch2_std,-0.6273431238690335
angle_mean height exercise,-0.6273397603894119
ch1_p2p hand_length,-0.627201981357055
ch1_mean ch1_max ch2_skew,-0.6271624450785074
ch1_mean ch2_min angle_p2p,0.6270809948373717
ch1_mean ch1_max ch1_peakfreq,-0.6270638308815321
ch1_kurt angle_mean_abs_vel height,-0.6270607425089726
ch1_p2p ch2_mean angle_std,-0.6266334863436346
ch1_energy ch2_kurt weight,-0.6265839296500775
ch1_min weight exercise,-0.6263082820251759
ch2_mean ch2_min ch2_skew,-0.6259976310836657
ch2_energy angle_min exercise,-0.6252297223947063
ch2_p2p ch2_kurt age,-0.6248114379939042
ch1_skew ch1_peakfreq ch2_kurt,0.6246440006853797
ch2_skew ch2_kurt ch2_meanfreq,0.6242583933829533
ch2_meanfreq ch2_peakfreq exercise,0.6242328103512578
ch1_zcr ch2_p2p angle_min,-0.6241180057512924
ch2_kurt weight set_type,-0.6237297885217128
ch1_zcr ch1_peakfreq ch2_p2p,0.6235845341835733
ch1_peakfreq hand_length exercise,-0.6235286417433595
ch1_meanfreq ch2_min set_type,-0.6232862863359858
ch1_zcr ch2_mean angle_mean,-0.6231572183470693
ch2_kurt angle_max height,0.6230090914986548
ch2_mean ch2_min height,0.6229542217394776
angle_std hand_length set_type,0.622880619698818
ch1_p2p angle_mean,0.6227512050273517
hand_length exercise,0.622560921324082
ch1_kurt ch2_p2p ch2_peakfreq,-0.6225125029258649
ch1_meanfreq ch2_p2p^2,0.6224048548798127
ch1_kurt ch2_zcr set_type,0.6220287103099625
ch2_max ch2_p2p weight,0.6219799758134793
ch2_rms ch2_p2p height,0.6214814363069128
ch2_std ch2_p2p height,0.621481433013835
ch2_skew height set_type,0.6211782764396346
ch2_skew ch2_kurt weight,-0.6209946305346128
ch1_zcr ch2_meanfreq angle_std,0.6208211368078718
ch1_std ch1_kurt ch2_max,-0.6203614693369467
ch1_rms ch1_kurt ch2_max,-0.6203614683355115
ch2_mean angle_mean_abs_vel^2,-0.6203242450339694
ch1_meanfreq angle_max height,-0.6202128941341356
ch1_rms ch2_mean ch2_peakfreq,0.6201282074974815
ch1_std ch2_mean ch2_peakfreq,0.6201282040747467
ch1_p2p ch1_peakfreq angle_mean_abs_vel,-0.6198322477902132
angle_mean angle_max angle_mean_abs_vel,-0.6197585221838896
ch1_peakfreq ch2_energy angle_max,0.6197331160372845
ch1_mean ch1_peakfreq ch2_zcr,0.6196264359449238
ch1_std ch1_meanfreq ch2_peakfreq,-0.6196133294661667
ch1_rms ch1_meanfreq ch2_peakfreq,-0.6196133209758157
ch1_min angle_min weight,0.619539540123412
ch2_min^2 angle_mean_abs_vel,-0.6194066602985357
ch2_rms ch2_zcr angle_min,0.6191817494248717
ch2_std ch2_zcr angle_min,0.6191817345032655
ch1_mean age set_type,0.6191156761297119
ch1_kurt angle_min angle_mean_abs_vel,0.6189851413827064
ch1_mean ch1_p2p ch2_skew,-0.618949449008161
ch1_kurt ch2_min ch2_peakfreq,0.6185861267361005
ch1_skew ch2_skew weight,-0.6184656644562092
ch2_energy ch2_kurt,-0.6184230546890584
ch2_std^2 weight,-0.6182930840754134
ch2_std ch2_rms weight,-0.6182930835252192
ch2_rms^2 weight,-0.618293082975026
ch2_skew^2 angle_max,0.6180394805770604
ch2_energy angle_max age,0.6180354993136556
ch1_meanfreq ch2_std,0.6179878839533162
ch1_meanfreq ch2_rms,0.617987876547984
ch1_mean ch1_meanfreq ch2_skew,-0.6177962564748777
ch1_mean weight,-0.6175636256617492
ch1_zcr ch2_peakfreq^2,0.6175087725461705
ch2_p2p ch2_skew,-0.61745845037911
ch2_min ch2_meanfreq angle_p2p,0.6174403022061036
ch2_zcr ch2_meanfreq angle_mean,-0.6169115801621845
ch2_min ch2_energy angle_mean_abs_vel,0.6167951165752212
ch1_mean ch1_min ch2_zcr,-0.6166365731890879
ch1_peakfreq angle_std weight,-0.61652908854844
ch2_max ch2_meanfreq angle_mean_abs_vel,-0.6164944489312572
ch1_mean ch2_mean ch2_peakfreq,0.6163455748333405
ch2_max ch2_rms set_type,0.6162307510093028
ch2_std ch2_max set_type,0.6162307366062046
ch1_skew ch1_kurt ch2_kurt,-0.6156976400230557
ch1_energy ch2_zcr set_type,0.6156875920827525
ch1_mean age hand_length,-0.6155772586561195
ch1_meanfreq ch2_peakfreq hand_length,-0.615569992230894
ch1_mean ch1_p2p angle_mean_abs_vel,-0.6154813761722474
ch1_min ch1_skew ch2_rms,-0.615098779835463
ch1_min ch1_skew ch2_std,-0.6150987782373298
ch1_max ch1_min ch1_meanfreq,-0.614955110243336
ch1_meanfreq ch2_zcr age,-0.6148382155484662
ch2_mean height weight,0.6147540313386571
ch2_meanfreq angle_mean height,0.6146507518507878
ch2_mean angle_std angle_p2p,-0.6145726812248788
ch1_max ch2_skew angle_p2p,-0.6143465678807214
ch2_zcr angle_max,-0.6142119755166566
ch2_p2p angle_mean_abs_vel hand_length,0.6140552979535487
ch2_energy angle_max angle_mean_abs_vel,-0.6139934787448255
ch1_mean ch1_rms ch2_energy,0.6137145580209654
ch1_mean ch1_std ch2_energy,0.6137145415099081
ch2_p2p ch2_energy^2,0.613697071153618
ch1_zcr ch2_meanfreq angle_p2p,-0.6136632656996409
ch2_energy height hand_length,-0.613438530401288
ch2_energy ch2_kurt height,0.6131808352868611
ch2_min^2 exercise,0.6131168127053258
ch1_peakfreq ch2_kurt angle_std,-0.6130730242632236
ch1_std ch1_max ch2_kurt,-0.6127651916396655
ch1_max ch1_rms ch2_kurt,-0.6127651755823116
ch2_kurt angle_mean_abs_vel,-0.612695282995237
ch1_zcr^2 ch2_p2p,0.6126620032186699
ch1_p2p angle_max height,-0.6126178046701303
ch1_max ch1_meanfreq height,0.611792909513993
ch2_zcr angle_mean exercise,0.6116614107396873
ch1_rms angle_min set_type,0.6115181392803506
ch1_std angle_min set_type,0.6115181383650159
ch1_p2p^2 ch2_mean,-0.6111848406389729
ch1_kurt ch2_energy angle_std,0.6109790507710758
ch1_max ch2_skew exercise,0.6106878811203935
ch2_max ch2_kurt set_type,0.6106820087562406
ch1_min ch2_std,-0.6101308774096545
ch1_min ch2_rms,-0.6101308717838967
ch1_std ch2_meanfreq,0.6098656475860135
ch1_rms ch2_meanfreq,0.6098656407660914
ch1_kurt height exercise,0.6090898432817231
ch1_peakfreq angle_max age,-0.6090784405518019
ch1_max ch2_p2p^2,-0.6090273866341877
ch2_mean hand_length^2,0.608966056586143
ch1_kurt age exercise,-0.6084957063911356
ch2_p2p angle_mean^2,0.608015993753783
ch2_p2p ch2_meanfreq weight,-0.6080159667838374
ch2_skew angle_mean,0.6077408063696912
ch1_energy angle_mean weight,-0.6073892596929352
ch1_energy^2 angle_mean_abs_vel,-0.6073441430807683
ch2_std weight hand_length,-0.6073336853115741
ch2_rms weight hand_length,-0.6073336491732476
ch1_mean angle_max hand_length,-0.6072154000590172
ch1_energy ch1_peakfreq weight,-0.6069441253358288
ch1_meanfreq angle_p2p set_type,-0.606934975548072
ch1_mean ch1_p2p ch1_peakfreq,-0.6061645683270978
ch1_mean ch2_max ch2_zcr,-0.6061275155835941
ch2_energy ch2_skew angle_min,-0.6060874413286921
ch2_p2p ch2_peakfreq age,0.6060413291458715
ch1_skew ch1_kurt^2,-0.605719322292534
ch2_min angle_max angle_p2p,0.6056409357631243
ch1_skew ch2_max^2,-0.6056103118428022
ch1_kurt ch2_zcr angle_p2p,-0.6056070216564641
ch2_skew^2 ch2_peakfreq,0.6052027656063567
ch1_mean ch1_p2p angle_mean,0.6050965213981752
ch1_zcr angle_min angle_max,-0.6050019421815671
ch1_min ch1_peakfreq ch2_peakfreq,-0.6047969404875667
ch2_energy angle_mean set_type,0.6046057685540068
ch1_meanfreq exercise,-0.6045783263775273
ch1_zcr ch1_kurt ch2_meanfreq,0.6044625424342662
ch1_zcr ch1_skew angle_std,-0.6043045102487046
ch1_mean ch1_peakfreq angle_std,-0.6042084361169937
ch1_p2p ch2_kurt angle_mean_abs_vel,-0.6040853104466638
ch2_max age exercise,0.6040103244206824
ch1_skew ch2_p2p angle_mean_abs_vel,-0.6039181311998751
ch1_skew ch2_max angle_max,-0.6038730781351103
ch2_min ch2_rms ch2_peakfreq,-0.6037625325635827
ch2_std ch2_min ch2_peakfreq,-0.603762525658626
ch1_std angle_std,-0.6037504329068589
ch1_rms angle_std,-0.6037504101580269
ch1_min ch1_energy ch1_peakfreq,-0.6033113582596823
angle_max height exercise,-0.6032932836680882
ch1_skew ch2_p2p ch2_peakfreq,-0.6030638950906279
ch1_mean hand_length^2,-0.6030392258524313
ch1_zcr ch2_peakfreq set_type,0.6029534483155373
ch1_zcr^2 ch2_mean,0.6027130078559009
ch2_peakfreq height^2,-0.602695682760132
ch1_zcr angle_p2p exercise,0.6024115566211555
ch2_energy ch2_meanfreq angle_mean_abs_vel,-0.6023131957720065
ch2_max ch2_energy ch2_peakfreq,0.6017763934062652
ch1_zcr ch2_meanfreq angle_min,-0.6017124040932893
ch1_skew ch2_std ch2_p2p,-0.6016451278832864
ch1_skew ch2_rms ch2_p2p,-0.6016451208735252
ch1_mean ch2_skew angle_std,-0.6016263378265788
ch2_zcr^2 angle_mean,-0.601392470800185
ch1_meanfreq angle_mean_abs_vel age,-0.6013417188613007
ch1_min ch1_meanfreq ch2_p2p,-0.6011369043702014
ch2_kurt angle_p2p height,0.6010780955483928
ch1_peakfreq ch2_max angle_mean_abs_vel,-0.600693782494618
ch1_p2p ch1_zcr ch2_skew,0.6005718951964307
ch2_energy exercise set_type,-0.6000689996265192
ch1_peakfreq ch2_min angle_max,-0.6000661067960698
ch2_rms ch2_energy age,0.5998680208082956
ch2_std ch2_energy age,0.5998680136786851
ch2_rms ch2_energy ch2_skew,-0.5997221363637301
ch2_std ch2_energy ch2_skew,-0.599722131329239
ch2_min angle_min angle_p2p,0.5992861779797726
ch1_mean ch2_peakfreq angle_min,0.5991688315590603
ch1_max ch1_kurt ch2_max,0.5990656755080396
ch1_max^2 ch1_kurt,0.5988869429955482
ch2_peakfreq angle_std angle_p2p,0.5987041302295157
ch1_energy ch2_std hand_length,0.5983632038860143
ch1_energy ch2_rms hand_length,0.5983631889736035
ch2_energy^2 ch2_zcr,0.5983001481059727
ch1_skew angle_std^2,-0.5980711374627667
ch1_rms ch2_std hand_length,0.5980578427943921
ch1_std ch2_std hand_length,0.5980578277515802
ch1_rms ch2_rms hand_length,0.5980578245295212
ch1_std ch2_rms hand_length,0.5980578094867101
ch1_std ch2_p2p angle_std,-0.5978302696026276
ch1_rms ch2_p2p angle_std,-0.5978302670230637
ch2_min ch2_p2p angle_mean_abs_vel,0.5975874654594574
ch2_kurt angle_mean exercise,-0.597541685265534
ch2_rms ch2_meanfreq angle_max,0.5975071043616502
ch2_std ch2_meanfreq angle_max,0.5975071006489532
ch2_energy angle_mean angle_mean_abs_vel,-0.597498353900076
ch2_std ch2_skew angle_p2p,0.5973598034271665
ch2_rms ch2_skew angle_p2p,0.5973597933303314
ch2_energy ch2_meanfreq angle_mean,0.5972348899724574
ch1_mean ch1_kurt angle_mean_abs_vel,-0.5962504229931488
ch1_mean angle_std angle_min,-0.596086743894486
ch1_p2p exercise set_type,-0.5960453429208039
ch2_mean ch2_max angle_p2p,0.5959356499891733
ch1_kurt ch2_skew set_type,0.5959344505441384
ch2_max height exercise,-0.5957129854166056
ch1_min height hand_length,0.5956568565243867
angle_min height exercise,-0.5954808210163038
ch1_mean ch1_energy angle_max,0.5954800951748339
ch1_mean ch2_max exercise,0.5954258955943296
ch1_min ch2_mean,0.5948445206786777
ch1_energy^2 hand_length,0.5947604723706849
ch1_meanfreq ch2_kurt angle_max,-0.5945374823289777
ch2_max ch2_skew set_type,0.5944549162077544
ch1_kurt ch2_min angle_max,0.5943076176193192
angle_max hand_length^2,-0.5941491062872182
ch2_max ch2_kurt angle_mean,0.594081879157558
ch2_std angle_max^2,0.5939922823790682
ch2_rms angle_max^2,0.5939922791012959
ch1_energy ch2_peakfreq angle_p2p,0.5939905277007986
ch2_p2p angle_p2p hand_length,-0.59375483907238
ch1_min ch1_rms ch2_meanfreq,0.5936475866486164
ch1_std ch1_min ch2_meanfreq,0.5936475762626258
angle_mean angle_std exercise,0.5936303470796016
ch1_peakfreq age height,-0.5935880559810133
ch2_max angle_min height,0.5932767511674111
ch1_skew angle_mean angle_p2p,-0.5930607409552527
ch1_peakfreq angle_min set_type,0.592952262531638
ch1_rms ch1_skew ch2_skew,-0.5928572388295561
ch1_std ch1_skew ch2_skew,-0.5928572338462108
ch1_kurt ch1_meanfreq height,0.5926622444200436
ch1_min ch1_skew ch1_meanfreq,0.5926100354000468
ch1_kurt ch2_mean angle_std,-0.5922177202692465
ch2_zcr ch2_peakfreq age,0.5921878673084247
ch1_mean ch1_rms ch2_peakfreq,0.5921286877985332
ch1_mean ch1_std ch2_peakfreq,0.5921286513967252
ch2_energy angle_min age,0.592061360283201
angle_mean^2,-0.5918589018792626
ch2_mean ch2_p2p height,-0.5918193405839521
ch1_skew ch1_peakfreq ch2_skew,-0.5918064320114478
ch1_skew ch2_mean ch2_min,0.5916599199866556
ch1_min ch2_mean weight,-0.5913851224625225
ch2_p2p angle_max weight,-0.5908176201201932
ch1_zcr ch2_meanfreq age,-0.5907708727175223
ch2_mean ch2_kurt weight,-0.5901215718662152
ch2_max angle_mean angle_mean_abs_vel,-0.5901081208228796
ch2_meanfreq age exercise,0.5898214612006702
ch2_mean^2 ch2_skew,-0.5897047899346418
ch2_max ch2_meanfreq height,0.5893933646046394
ch1_peakfreq angle_min weight,0.5890339971996604
ch1_energy age height,0.5889259945450989
angle_mean angle_max,-0.5888618430633406
ch1_min ch2_skew weight,0.5886743546837181
ch2_energy angle_mean_abs_vel hand_length,0.5884667094757439
ch1_kurt ch2_mean height,-0.5883093204565051
ch1_zcr ch2_min angle_std,-0.5880177273648864
ch1_skew ch2_max angle_min,-0.5876026177732131
ch1_energy ch1_peakfreq ch2_skew,0.5870697806513453
ch1_kurt ch2_std ch2_kurt,-0.5870619467505042
ch1_kurt ch2_rms ch2_kurt,-0.5870619254395918
ch1_max angle_std hand_length,-0.5867252867347654
ch1_meanfreq^2 ch2_peakfreq,0.586669554216604
ch1_meanfreq ch1_peakfreq ch2_std,0.586501073932149
ch1_meanfreq ch1_peakfreq ch2_rms,0.5865010595494589
ch1_mean ch2_max ch2_meanfreq,-0.586471534057829
ch1_kurt ch2_mean angle_p2p,-0.5861316573121189
ch2_rms ch2_zcr^2,0.5860713194874249
ch2_std ch2_zcr^2,0.5860712795891839
ch2_max ch2_kurt height,0.5858180253562483
ch1_max ch2_max angle_std,0.5855927412092156
angle_max^2,-0.5853827862384606
ch1_energy angle_mean_abs_vel height,0.5852625063290509
ch1_meanfreq height hand_length,-0.5849399661809613
ch1_max ch1_min weight,0.5848979272028145
ch1_peakfreq weight hand_length,0.5845213434082525
ch1_energy ch1_zcr ch1_peakfreq,0.5844445111960793
ch1_min ch1_kurt ch2_kurt,-0.5842637608418915
ch1_p2p ch2_energy ch2_meanfreq,0.584180543512554
ch2_p2p ch2_energy ch2_skew,-0.5839806175187134
ch1_skew angle_max exercise,0.5839800255927944
ch2_zcr ch2_kurt set_type,0.5838080440524616
ch2_zcr ch2_skew angle_max,0.5837926830309486
ch2_std ch2_p2p ch2_peakfreq,0.5835630806707305
ch2_rms ch2_p2p ch2_peakfreq,0.583563079806384
angle_mean angle_p2p weight,-0.5830924800017239
ch1_zcr ch1_meanfreq angle_p2p,0.583086868522561
ch1_p2p ch1_zcr ch2_p2p,0.5830371133163437
ch1_max weight exercise,-0.5829646294108328
ch1_min^2 ch2_std,0.5827150755306361
ch1_min^2 ch2_rms,0.5827150598604092
ch1_skew ch2_p2p angle_max,-0.582641314175196
ch1_zcr angle_p2p hand_length,-0.5826330386734292
ch2_skew height^2,0.5822043098046192
ch1_peakfreq ch2_rms angle_min,0.5812884572046837
ch1_peakfreq ch2_std angle_min,0.581288423234497
ch1_kurt angle_mean age,0.5810300668565365
ch2_min ch2_energy^2,-0.5809308167908929
ch1_zcr ch2_rms angle_p2p,0.5807047117529804
ch1_zcr ch2_std angle_p2p,0.5807047076956685
ch2_p2p ch2_energy height,0.5806252036849708
ch2_mean ch2_energy angle_mean_abs_vel,0.5804987730097475
ch1_mean ch1_zcr ch1_skew,0.5804557113869983
ch1_min^2 age,0.5800954174948185
ch1_mean ch1_skew ch2_kurt,0.5800888602155729
weight^2 hand_length,-0.5798390626787362
ch1_max ch2_min hand_length,-0.5795654945974844
ch1_kurt ch2_mean ch2_skew,0.5794177072815843
ch1_meanfreq angle_std age,-0.5792985987043029
ch2_max ch2_energy^2,0.5792059870439883
ch2_skew angle_p2p height,0.5791056453908225
ch1_mean ch1_min ch2_skew,0.5790839502864392
ch1_zcr ch1_peakfreq ch2_mean,0.5787982635881027
ch2_kurt angle_std angle_max,-0.578763947473324
ch1_p2p angle_max,0.5787563643517254
ch1_energy ch2_max age,-0.5786363421335623
ch2_zcr angle_max angle_mean_abs_vel,-0.5781905283997973
ch1_min ch1_rms ch1_meanfreq,-0.5780448166107701
ch1_std ch1_min ch1_meanfreq,-0.5780447931448986
ch2_mean weight hand_length,0.5779667281110366
ch1_max ch2_meanfreq,-0.5778311994955099
ch1_max ch1_energy ch1_kurt,0.5777786366106368
ch1_mean ch1_min angle_min,-0.5776542925772331
angle_mean angle_std hand_length,0.5776350635444355
ch2_p2p ch2_skew angle_p2p,0.577599134355101
ch2_min angle_std angle_mean_abs_vel,-0.5772024392858
ch2_meanfreq angle_max height,0.5771702827542221
ch1_std ch1_skew ch2_meanfreq,-0.5770124326354589
ch1_rms ch1_skew ch2_meanfreq,-0.5770124302311426
ch2_skew^2 exercise,-0.5767343252745649
ch1_std ch2_mean ch2_skew,-0.5765226537353358
ch1_rms ch2_mean ch2_skew,-0.57652265310141
ch1_rms ch1_p2p hand_length,0.5765202890068486
ch1_std ch1_p2p hand_length,0.5765202853990405
ch1_energy angle_max set_type,0.5765136124209517
ch1_max ch2_kurt^2,-0.5761338713967321
ch1_rms ch2_min angle_std,0.5759398696971798
ch1_std ch2_min angle_std,0.5759398686162127
ch2_peakfreq angle_std angle_min,-0.5757030995673995
angle_std^2 weight,0.5755555703416118
ch2_meanfreq angle_p2p angle_mean_abs_vel,0.5755248035920516
ch1_max ch2_skew set_type,0.5754188399728903
ch2_skew ch2_kurt exercise,-0.5753757930696244
ch2_zcr angle_mean hand_length,0.5753754473936007
ch1_kurt angle_p2p,0.5751434640791463
ch2_p2p ch2_energy ch2_peakfreq,0.5747606846409835
ch1_peakfreq ch2_peakfreq exercise,0.5746000531604385
ch1_zcr ch2_energy angle_mean,-0.5743810974050887
ch2_meanfreq angle_mean angle_mean_abs_vel,-0.5742625701835542
ch1_mean ch2_zcr angle_mean_abs_vel,0.5741568848923108
ch1_rms ch2_max height,0.5740737681749092
ch1_std ch2_max height,0.5740737470367588
ch2_rms angle_std,0.5740387759417314
ch2_std angle_std,0.5740387634135667
ch1_std ch2_peakfreq age,-0.5738989017249957
ch1_rms ch2_peakfreq age,-0.5738988767150757
ch2_max ch2_rms weight,0.5738772756385946
ch2_std ch2_max weight,0.5738772752465107
angle_max age hand_length,-0.5737698966583353
ch2_kurt angle_std angle_mean_abs_vel,0.5733723494473592
ch1_zcr ch1_kurt angle_max,0.5731240428790378
ch2_mean angle_min^2,-0.5729905401584416
ch1_zcr angle_min^2,-0.5729447852663317
ch1_peakfreq^2 ch2_skew,0.5723988644651756
ch1_kurt ch2_std angle_max,-0.5720764840403697
ch1_kurt ch2_rms angle_max,-0.572076450211167
ch1_std ch2_std,0.5717142052567664
ch1_std ch2_rms,0.5717141999531197
ch1_rms ch2_std,0.5717141921361459
ch1_rms ch2_rms,0.5717141868324987
ch1_p2p ch1_peakfreq angle_p2p,-0.5715935232299787
ch1_mean ch2_mean angle_p2p,-0.5715086452223903
ch1_p2p ch2_kurt height,-0.5714680825503387
ch2_max ch2_meanfreq age,-0.5712262757962273
ch2_energy angle_mean age,0.5708922156809711
ch1_min ch2_p2p ch2_energy,-0.5704879641807362
ch2_min ch2_p2p angle_max,0.5702911457153675
ch1_min^2 exercise,-0.5700341721577299
ch2_mean^2 angle_p2p,-0.569998204640807
ch1_min^2 ch1_kurt,-0.5697072838126758
ch1_min ch2_kurt weight,0.5696420702373138
ch2_skew angle_max age,-0.5696391430428523
ch1_mean ch1_rms angle_min,0.5695183410738268
ch1_mean ch1_std angle_min,0.5695183182467181
ch1_energy ch2_p2p ch2_skew,-0.569483664866965
ch1_max ch1_meanfreq age,0.5694178842518167
ch2_zcr ch2_kurt angle_mean_abs_vel,-0.5689757173710411
ch1_peakfreq ch2_rms angle_max,0.5687306363271447
ch1_peakfreq ch2_std angle_max,0.5687306033928909
ch1_mean ch2_energy set_type,0.5685888331136243
ch2_mean angle_min,0.5685256062820689
ch1_zcr age^2,-0.5684716274403683
ch1_zcr ch2_mean exercise,0.5682148851971514
ch1_std ch1_meanfreq weight,0.5679779863177286
ch1_rms ch1_meanfreq weight,0.567977961752684
ch1_meanfreq ch2_meanfreq exercise,-0.5670387853728547
ch2_rms age,-0.5669267021301451
ch2_std age,-0.5669266932139065
angle_mean angle_std angle_max,-0.5669200355767177
ch1_min ch2_peakfreq angle_mean,-0.566673282630819
ch1_max ch1_rms set_type,0.5666427399842433
ch1_std ch1_max set_type,0.5666427185726907
ch1_p2p^2 ch1_energy,0.5665572825481313
ch2_std weight^2,-0.5663741765742604
ch2_rms weight^2,-0.5663741393901788
ch1_min ch2_energy ch2_peakfreq,-0.5661650786114936
angle_mean height hand_length,0.5661408882846525
ch2_min^2 angle_min,-0.5660782270879374
ch1_meanfreq angle_std hand_length,-0.5660680822186441
ch1_max ch2_min angle_mean_abs_vel,0.5660480167585031
ch1_p2p angle_p2p age,0.5660255324203114
ch1_std ch1_peakfreq ch2_mean,-0.5658007245271228
ch1_rms ch1_peakfreq ch2_mean,-0.5658007071909388
ch2_meanfreq angle_min height,0.5655896059333738
ch1_mean ch2_mean ch2_min,-0.5655641467865559
ch2_p2p angle_min angle_mean_abs_vel,-0.5655534238731064
ch1_peakfreq ch2_min set_type,0.565525639982165
angle_p2p exercise,0.5653919412784263
ch2_std angle_mean_abs_vel weight,-0.5653210976707916
ch2_rms angle_mean_abs_vel weight,-0.5653210895204844
ch1_max ch2_max^2,-0.5653140693359093
ch1_meanfreq ch2_max ch2_rms,0.5652857839601421
ch1_meanfreq ch2_std ch2_max,0.5652857826025826
ch1_skew ch2_p2p angle_min,-0.5652120409612045
ch1_meanfreq ch2_max exercise,0.5650495897978143
ch2_p2p ch2_skew angle_min,-0.5649409166640402
ch2_mean ch2_skew angle_std,-0.5649358427636499
ch2_max ch2_skew angle_std,0.5646760295890771
ch1_peakfreq angle_min height,0.5645671079290618
angle_mean_abs_vel age^2,-0.5640587758891636
ch2_mean angle_std set_type,-0.5637494366177577
ch1_peakfreq ch2_rms exercise,-0.5636596174416242
ch1_peakfreq ch2_std exercise,-0.5636595827454487
ch1_zcr angle_std height,0.5634897259290352
ch1_kurt^2 angle_min,0.5633116187686374
ch2_rms ch2_energy angle_std,-0.5632360069274827
ch2_std ch2_energy angle_std,-0.5632359940440305
ch2_mean angle_max set_type,0.5631381805000402
ch1_mean^2 height,0.5631268138264794
ch2_mean ch2_skew angle_mean,-0.5630568337110806
ch1_p2p angle_min,0.562932006420666
ch2_skew ch2_kurt angle_mean,0.5628100078784841
ch1_skew angle_std angle_p2p,-0.5627421653087092
ch1_mean ch2_max angle_mean,-0.5624740402827365
ch1_peakfreq angle_mean_abs_vel set_type,-0.5624714154958683
ch1_min ch2_energy set_type,-0.5623884176585201
ch1_min ch2_meanfreq weight,0.5622077961337513
ch1_skew ch2_max ch2_energy,-0.5617161155561832
ch1_zcr ch2_energy angle_min,-0.5617038667759292
ch1_mean ch1_kurt ch2_peakfreq,-0.5614212739644707
ch1_kurt ch2_meanfreq age,0.5613983238268925
ch1_zcr ch2_max ch2_zcr,-0.5612960094445633
ch2_mean ch2_meanfreq exercise,0.5612951613309531
ch1_rms angle_mean set_type,0.5609769950084817
ch1_std angle_mean set_type,0.5609769934943244
ch2_kurt ch2_meanfreq hand_length,-0.5605970914698036
ch2_energy exercise^2,0.5605104573698173
ch2_energy set_type^2,0.5605104573698173
ch2_energy,0.560510457369813
ch1_meanfreq ch2_min ch2_skew,-0.5604948075055153
ch1_meanfreq ch2_min angle_min,-0.5600040672419829
ch1_p2p ch1_peakfreq ch2_peakfreq,0.5599802471266235
ch2_meanfreq height hand_length,-0.5596393107714078
ch2_energy age exercise,-0.5591145364353394
ch1_meanfreq ch2_energy ch2_zcr,0.5590485857890531
ch2_mean ch2_peakfreq hand_length,0.5587039503264483
ch1_meanfreq ch2_max angle_min,-0.5586510553112445
ch2_p2p ch2_energy ch2_kurt,0.5586351932703633
ch1_kurt ch2_kurt,-0.5585474515858384
ch1_std ch1_energy ch1_skew,0.558497086400529
ch1_rms ch1_energy ch1_skew,0.5584970782834472
ch1_energy angle_min angle_max_abs_vel,-0.5584738941354704
ch1_p2p ch2_mean exercise,-0.5582913449888213
ch1_p2p^2 ch1_meanfreq,0.5582552865832082
ch1_p2p ch2_zcr weight,0.5581062596238475
angle_std^2 height,0.557941589974758
ch1_skew ch2_meanfreq angle_min,-0.5577092676240072
angle_mean_abs_vel height weight,-0.5575905072933608
ch1_min ch1_rms angle_max,0.5574546379629064
ch1_std ch1_min angle_max,0.5574546219406401
ch1_rms ch2_meanfreq angle_p2p,0.5573055676375995
ch1_std ch2_meanfreq angle_p2p,0.557305556660463
ch1_energy angle_mean angle_max_abs_vel,-0.5570696015369905
ch2_max ch2_p2p ch2_kurt,0.5568098535709016
ch1_mean ch1_energy ch2_meanfreq,0.5566840859502855
ch2_peakfreq angle_p2p^2,0.5563252116534365
ch1_meanfreq ch2_p2p set_type,0.5562349139936374
ch1_p2p ch1_zcr weight,0.5559638366014931
ch1_p2p weight,-0.5558565526338435
ch2_zcr^2 age,-0.5558227918364711
ch1_mean angle_std,-0.5555798458762652
ch2_kurt angle_mean_abs_vel weight,0.5551099453632606
ch1_mean^2 ch2_energy,-0.5550371228427995
ch2_p2p ch2_kurt ch2_peakfreq,0.5549535687125193
ch1_zcr ch2_energy,0.5548361275593726
ch1_mean ch2_p2p angle_p2p,-0.5548194664025843
ch1_mean ch1_min ch1_peakfreq,0.5546925349378031
ch1_mean ch2_skew height,-0.5546852269014435
ch1_min ch1_p2p ch2_max,-0.5540333993508916
age exercise^2,-0.5539800005448374
age set_type^2,-0.5539800005448374
age,-0.5539800005448289
ch1_kurt ch2_max ch2_peakfreq,-0.5539151225762933
ch1_max ch2_zcr angle_std,-0.5538934080022757
ch1_meanfreq ch2_rms ch2_zcr,0.5536527275146856
ch1_meanfreq ch2_std ch2_zcr,0.5536527128256068
ch2_energy ch2_skew angle_mean,-0.5535895367316392
ch1_mean angle_std exercise,0.5535493335726477
ch1_mean ch1_p2p angle_std,-0.5535185085763398
ch2_kurt angle_min height,0.5533569714186231
ch1_peakfreq^2 ch2_rms,0.5533529185198831
ch1_peakfreq^2 ch2_std,0.5533529060502651
angle_max angle_mean_abs_vel height,0.552868450978413
ch1_std ch2_max angle_std,-0.5527308712975603
ch1_rms ch2_max angle_std,-0.5527308648233192
ch2_mean ch2_peakfreq angle_mean,-0.5527010722199407
ch1_mean ch1_energy ch2_peakfreq,0.5525912474230096
ch1_rms ch1_kurt ch2_energy,-0.5516100132013104
ch1_std ch1_kurt ch2_energy,-0.5516100052131934
ch1_zcr ch2_zcr ch2_meanfreq,-0.5507228566685751
ch1_energy ch2_energy angle_std,-0.5501681208079288
ch1_std ch1_energy ch1_kurt,-0.5501537598331725
ch1_rms ch1_energy ch1_kurt,-0.5501537383572571
ch1_mean ch1_rms ch1_kurt,-0.5500949625806753
ch1_mean ch1_std ch1_kurt,-0.5500949348047193
ch1_zcr^2 hand_length,-0.5500803921637313
ch2_std ch2_zcr weight,-0.5499014568472298
ch2_rms ch2_zcr weight,-0.5499014366503523
ch1_meanfreq ch2_min angle_max,-0.5496237676646195
angle_mean hand_length set_type,-0.5493894401943714
ch1_skew ch1_kurt ch2_min,0.549253906060619
ch1_mean ch1_meanfreq weight,0.5492518597362679
ch1_rms angle_std height,-0.5491440129416842
ch1_std angle_std height,-0.5491440083744124
ch1_max ch2_mean angle_min,0.5491194034813047
ch1_p2p ch1_kurt ch2_kurt,0.5485450560012805
ch1_meanfreq ch2_zcr ch2_kurt,-0.54853150195908
ch1_min ch1_meanfreq angle_min,0.5483270080164794
ch1_kurt ch2_max ch2_min,0.5483258696874399
ch1_skew ch2_peakfreq height,0.5481471581278186
ch2_min ch2_zcr angle_p2p,0.5477700387487067
ch1_meanfreq height exercise,0.547761230752287
ch1_max ch2_skew angle_max,-0.5477283073090805
ch1_min ch2_std ch2_skew,0.5476743483827218
ch1_min ch2_rms ch2_skew,0.5476743473708088
ch1_meanfreq ch2_peakfreq,-0.5475585847267466
ch1_meanfreq angle_min,0.5475508083031254
ch1_energy ch1_kurt age,0.5474220616641191
ch1_rms ch2_zcr age,0.5474148223602551
ch1_std ch2_zcr age,0.5474148185210712
ch1_zcr age exercise,0.5472396333316873
ch1_kurt age,0.5469407950364767
ch1_mean ch2_zcr exercise,0.5466491078982094
ch1_max ch2_max,-0.5466453515400733
ch1_zcr ch2_max ch2_kurt,-0.5463668900793421
ch2_energy^2 exercise,-0.5460408224389405
ch1_meanfreq ch2_max angle_max,-0.54597487942989
ch1_mean ch1_energy ch2_energy,0.5458931153024233
ch1_p2p ch2_kurt age,0.5456499141757283
ch1_rms ch1_kurt ch2_rms,-0.5450257263060188
ch1_rms ch1_kurt ch2_std,-0.5450257208314584
ch1_std ch1_kurt ch2_rms,-0.5450257158327542
ch1_std ch1_kurt ch2_std,-0.5450257103581927
ch1_std ch2_max ch2_energy,0.5449003112842441
ch1_rms ch2_max ch2_energy,0.544900302501426
ch1_max ch1_peakfreq ch2_zcr,-0.5448469750176497
ch2_max ch2_energy weight,0.5447619735420187
ch1_meanfreq angle_p2p angle_mean_abs_vel,-0.5443778310118818
ch1_max angle_max hand_length,0.5443171520688861
ch2_zcr angle_mean angle_min,-0.544243477357044
ch1_p2p ch1_skew ch2_rms,0.5438759095778349
ch1_p2p ch1_skew ch2_std,0.5438758967276327
ch2_max angle_p2p weight,-0.54378826720708
ch1_skew ch1_meanfreq ch2_rms,0.5437148244938113
ch1_skew ch1_meanfreq ch2_std,0.5437148115566609
ch1_zcr ch2_skew weight,0.5436687834142474
ch1_mean ch2_p2p^2,-0.5434675342305064
ch1_p2p ch1_meanfreq weight,0.5432388563466741
ch1_kurt ch2_peakfreq angle_mean_abs_vel,0.5432364078402001
ch2_kurt ch2_peakfreq height,0.5430960278868254
ch1_max weight^2,0.5430458027549788
ch1_max ch1_skew ch1_meanfreq,0.5430136918103752
ch1_energy ch1_kurt ch2_std,-0.5429514716471358
ch1_energy ch1_kurt ch2_rms,-0.5429514688738181
ch2_max angle_mean age,-0.5428192621834154
ch2_p2p angle_mean weight,-0.542722838612694
ch1_p2p ch1_peakfreq age,0.5426982700105325
ch1_meanfreq ch2_min ch2_meanfreq,-0.5422843322478298
ch1_energy ch2_rms ch2_kurt,0.542205902223685
ch1_energy ch2_std ch2_kurt,0.5422058870480809
ch1_mean ch1_min angle_max,-0.5421788555627455
ch1_skew ch2_mean ch2_peakfreq,-0.5421460262171888
ch1_zcr ch1_kurt set_type,-0.5421334919855506
ch2_zcr ch2_skew angle_min,0.5420915407332062
ch1_mean ch1_rms angle_mean,0.5414224995935648
ch1_mean ch1_std angle_mean,0.5414224790025537
ch2_peakfreq angle_p2p weight,-0.5412672097363622
ch2_p2p height^2,-0.5409465570172183
ch1_p2p angle_max set_type,0.5408626808912262
ch1_mean ch2_max angle_max,-0.5406990769737571
ch1_std ch1_meanfreq angle_max_abs_vel,0.5406585579553937
ch1_rms ch1_meanfreq angle_max_abs_vel,0.5406585551622357
ch2_peakfreq angle_p2p set_type,0.5406246118206871
ch1_energy ch2_max^2,0.5405150841027986
ch1_mean hand_length set_type,0.540414204108721
ch1_std ch2_max ch2_rms,0.5402867213406594
ch1_std ch2_std ch2_max,0.540286716058257
ch1_rms ch2_max ch2_rms,0.5402867116786507
ch1_rms ch2_std ch2_max,0.5402867063962477
ch2_peakfreq angle_min hand_length,0.5397883092507137
ch1_zcr ch1_skew,-0.5396605637936085
ch1_max ch2_min age,-0.5394601909012108
ch1_p2p ch2_skew exercise,0.5389869614246117
ch1_kurt ch2_min hand_length,0.5387193691705037
ch1_std angle_p2p height,-0.5386800979374404
ch1_rms angle_p2p height,-0.5386800667854185
ch2_min ch2_energy angle_p2p,0.5385871824416497
ch1_energy angle_max_abs_vel exercise,0.5382980371996315
ch2_min angle_mean angle_p2p,0.5378501428787816
ch2_std hand_length,-0.5375218747954494
ch2_rms hand_length,-0.5375218695807961
ch1_skew ch2_zcr angle_mean,-0.537380350376359
ch2_skew angle_mean_abs_vel set_type,0.537044887926335
ch1_kurt angle_mean_abs_vel set_type,0.5370200815252404
ch1_kurt ch2_zcr angle_std,0.5369889032046906
ch2_std ch2_min angle_p2p,0.5363503649821721
ch2_min ch2_rms angle_p2p,0.5363503597258991
ch1_zcr angle_mean angle_p2p,-0.5363406683653706
ch1_peakfreq angle_std angle_mean_abs_vel,0.5360504264458981
angle_std angle_p2p weight,0.5357184485638659
ch1_kurt ch2_mean weight,-0.5355369450087694
ch1_max ch1_meanfreq ch2_min,-0.5353517384257229
ch2_min ch2_meanfreq^2,0.535242899866857
angle_mean angle_p2p^2,0.5351123601407286
ch1_mean ch2_max angle_mean_abs_vel,0.5350471830505561
ch2_kurt angle_mean_abs_vel^2,0.53499503019608
ch1_min ch1_rms exercise,-0.5349151213006804
ch1_std ch1_min exercise,-0.5349151095392721
ch2_meanfreq angle_min angle_max,-0.5348720136529672
ch1_rms angle_mean_abs_vel^2,0.534800272968811
ch1_std angle_mean_abs_vel^2,0.5348002653466579
ch1_p2p ch2_skew weight,-0.5347614835267605
ch2_skew angle_p2p^2,0.5345318221034091
ch1_energy ch2_max angle_std,-0.5344496533711326
ch1_min ch2_min ch2_rms,0.5341218669652905
ch1_min ch2_std ch2_min,0.5341218597963799
ch1_kurt ch2_std ch2_min,0.5340738572957404
ch1_kurt ch2_min ch2_rms,0.5340738482233135
ch1_min ch1_kurt ch2_p2p,-0.5337685038062392
ch1_zcr ch2_energy exercise,0.5337194776216496
ch2_zcr angle_std angle_mean_abs_vel,0.5336602635234926
ch1_max ch1_min ch2_mean,0.5335859296946562
ch1_mean ch1_min angle_mean_abs_vel,0.5334323804362476
ch1_meanfreq hand_length^2,-0.5334047209651794
ch1_mean ch2_zcr angle_max,-0.5333826506355727
ch1_skew ch2_energy ch2_peakfreq,-0.5333118544542654
ch1_zcr ch1_meanfreq ch2_peakfreq,0.5332414330384425
ch1_energy ch2_kurt ch2_peakfreq,0.5330304626221133
ch1_std ch2_skew ch2_meanfreq,0.5329648730516422
ch1_rms ch2_skew ch2_meanfreq,0.5329648529205901
ch1_mean ch2_peakfreq angle_mean,0.5329617508358251
ch2_max ch2_min weight,-0.532763757097619
ch1_skew ch2_rms angle_max,-0.5327619203953942
ch1_skew ch2_std angle_max,-0.5327619029288714
ch1_min ch2_peakfreq angle_max,-0.5326035063564637
ch2_mean angle_min weight,-0.5325927260022625
ch1_p2p angle_max hand_length,-0.5325440294991349
ch1_min ch2_min angle_p2p,-0.5323299137361706
age^2 height,-0.5323038023401473
angle_min set_type,-0.5322141434757028
ch1_max ch1_zcr ch2_zcr,0.5318255327322834
ch2_min ch2_skew angle_max,0.5317267221415185
ch1_max ch1_zcr age,0.5315323208023073
angle_min age hand_length,-0.5315164232423161
ch1_meanfreq angle_std exercise,0.5313527862230105
ch1_zcr angle_max angle_p2p,-0.5312917618116755
ch1_rms ch1_peakfreq weight,-0.5311381328199358
ch1_std ch1_peakfreq weight,-0.5311381249292253
ch1_max ch1_skew height,-0.5311354829892715
ch1_zcr^2 angle_min,0.5309420006362411
ch2_skew weight exercise,-0.5309041107548853
ch2_rms ch2_meanfreq^2,0.530867448050346
ch2_std ch2_meanfreq^2,0.530867433271591
ch1_meanfreq,0.5308531727673422
ch1_meanfreq set_type^2,0.5308531727673201
ch1_meanfreq exercise^2,0.5308531727673201
ch1_kurt angle_p2p hand_length,-0.5308339776267158
ch1_mean ch1_min height,0.5307517225928212
ch1_meanfreq ch2_max ch2_min,-0.530644565005298
ch1_max angle_mean set_type,0.530395350064603
ch1_zcr angle_std set_type,0.5301090004127923
ch1_p2p ch2_mean,-0.5299467534888349
ch1_peakfreq ch2_energy angle_mean,0.529905013939748
ch1_kurt ch2_energy angle_mean,-0.5298687579725098
ch1_max age height,0.5296948108508851
ch1_mean ch1_peakfreq angle_max,0.5296902043595408
ch1_kurt ch1_peakfreq weight,-0.5294110666067925
ch1_zcr ch2_mean angle_min,-0.5293627989257177
ch2_max angle_max angle_mean_abs_vel,-0.5291621735402923
ch1_mean ch2_min age,-0.5290012100797754
ch1_rms angle_mean_abs_vel hand_length,0.5287356263687512
ch1_std angle_mean_abs_vel hand_length,0.5287356133359998
ch2_p2p ch2_zcr angle_std,-0.5285307017604811
ch1_peakfreq angle_p2p height,-0.5284424155683423
ch1_p2p ch2_kurt angle_std,-0.5282585488808363
ch2_energy age,-0.5282218725738048
ch1_energy ch2_zcr height,0.5281951478999861
ch1_p2p ch1_skew ch2_p2p,-0.528150197039008
ch1_max ch1_zcr ch2_meanfreq,0.5281493815734313
ch1_mean height^2,0.5280721874638477
ch1_p2p ch2_peakfreq,-0.5280081808473216
ch1_meanfreq ch2_kurt set_type,0.5279206389259171
ch2_energy angle_min angle_max,0.5278224169653447
ch2_min ch2_p2p ch2_meanfreq,0.5275000127912927
ch2_mean ch2_meanfreq^2,-0.5274564928652455
ch1_std ch1_peakfreq ch2_peakfreq,-0.5273200334360597
ch1_rms ch1_peakfreq ch2_peakfreq,-0.5273200164504276
ch2_energy ch2_skew set_type,0.5272165885614422
ch1_energy angle_max angle_max_abs_vel,-0.526915814896365
ch2_mean ch2_skew height,0.5268229261918906
angle_max angle_p2p height,0.5267507938560612
ch1_peakfreq ch2_peakfreq angle_std,0.5264727451658862
ch1_mean ch2_mean ch2_skew,0.5257316244400337
ch1_max ch1_min ch2_energy,0.5256940729109116
ch1_energy ch2_energy ch2_kurt,0.5255744344650519
ch1_energy^2 ch1_meanfreq,0.5255287423268131
ch1_kurt angle_mean angle_mean_abs_vel,0.5253597079036412
angle_max angle_mean_abs_vel exercise,0.5245494168214873
ch2_energy angle_std angle_p2p,0.5245169020446062
ch1_zcr ch2_std weight,0.5243927894098993
ch1_zcr ch2_rms weight,0.5243927792201961
ch2_p2p angle_std hand_length,-0.5241341149736025
ch2_skew angle_p2p exercise,-0.5240471360117165
ch1_rms^2 angle_mean_abs_vel,-0.5239800411577676
ch1_std ch1_rms angle_mean_abs_vel,-0.5239800196366803
ch1_std^2 angle_mean_abs_vel,-0.5239799981155926
ch2_energy^2 ch2_skew,-0.5239794882073501
ch1_p2p ch1_energy ch1_skew,0.5237431006497664
ch2_max ch2_zcr angle_mean,0.5235000401625183
ch2_max ch2_meanfreq angle_min,0.523109802412326
ch1_max angle_min set_type,0.5230661930467413
ch2_rms^2 age,0.5222472856735025
ch2_std ch2_rms age,0.5222472836867762
ch2_std^2 age,0.5222472817000481
age height weight,-0.5219850245132766
ch1_skew ch2_mean ch2_skew,0.5219804671572186
ch1_skew ch2_std^2,-0.5218849935182877
ch1_skew ch2_std ch2_rms,-0.5218849799200393
ch1_skew ch2_rms^2,-0.5218849663217897
ch1_peakfreq ch2_min angle_mean,-0.5215859652691268
ch2_p2p ch2_zcr^2,-0.52156493784076
ch1_meanfreq ch2_meanfreq angle_std,-0.5215586127117652
ch1_zcr ch2_kurt height,-0.5214656048139303
ch1_mean ch1_max ch2_mean,-0.5214055151580407
ch2_mean ch2_max ch2_energy,0.5214038819741155
angle_mean_abs_vel,-0.5213980050648925
angle_mean_abs_vel exercise^2,-0.5213980050648914
angle_mean_abs_vel set_type^2,-0.5213980050648914
ch1_mean ch2_max ch2_p2p,-0.5212626467586964
ch1_std ch1_skew weight,-0.5212148449049703
ch1_rms ch1_skew weight,-0.5212148254085467
ch1_energy angle_max_abs_vel age,0.5211753575537302
ch1_meanfreq ch2_kurt exercise,0.5210187616414302
angle_min^3,-0.5210064715935905
ch1_mean ch2_zcr height,0.521004221340791
ch1_p2p ch2_mean ch2_kurt,0.5209555619640807
ch1_p2p ch2_std^2,0.520933889050234
ch1_p2p ch2_std ch2_rms,0.5209338889238991
ch1_p2p ch2_rms^2,0.5209338887975639
ch1_rms^2 ch2_meanfreq,-0.5209107800455887
ch1_std ch1_rms ch2_meanfreq,-0.5209107765110472
ch1_std^2 ch2_meanfreq,-0.520910772976503
angle_mean_abs_vel^2 exercise,-0.5207634260732694
ch1_zcr^2 angle_max,0.5207198786322306
ch1_max ch1_min ch1_energy,-0.5205653326314095
ch1_std ch2_meanfreq age,-0.5202903346824107
ch1_rms ch2_meanfreq age,-0.5202903245295646
ch1_min ch1_rms angle_min,0.5202540307106797
ch1_std ch1_min angle_min,0.5202540188180866
angle_mean age hand_length,-0.5200721934495123
ch1_kurt angle_p2p exercise,0.519668177266939
ch1_mean ch1_peakfreq^2,-0.5194642861079071
ch2_min ch2_p2p set_type,0.519329484167251
ch1_max ch1_energy ch2_min,0.5191472360810884
ch1_p2p ch1_meanfreq angle_min,-0.5190235261984489
ch1_min ch2_skew,-0.5188835715642344
ch1_max ch1_energy ch2_rms,-0.5187837839242133
ch1_max ch1_energy ch2_std,-0.5187837823239949
ch2_energy^2 angle_min,0.5187081629325843
ch1_max ch1_min ch2_skew,0.5186576245139088
ch1_mean ch1_max ch1_meanfreq,-0.5186199383356334
ch2_max angle_max height,0.5183262263266231
ch1_meanfreq ch2_peakfreq exercise,-0.5179842347576433
ch1_zcr angle_mean age,-0.5177483091949171
ch2_energy ch2_zcr weight,-0.5176967540965758
ch1_max ch1_meanfreq hand_length,0.517670636293742
ch1_zcr ch2_mean weight,-0.5174936072371666
ch1_skew^2 angle_max_abs_vel,-0.5174677504539541
angle_std angle_max hand_length,0.5173076711316744
ch2_mean ch2_energy^2,0.5172037345565219
ch1_mean ch1_p2p hand_length,0.5171227386697425
angle_min exercise^2,-0.5169873472758652
angle_min set_type^2,-0.5169873472758652
angle_min,-0.5169873472758608
ch2_max angle_std weight,-0.5165766824224305
ch1_max ch1_kurt ch2_energy,-0.5163828793994278
ch2_mean^2 angle_mean_abs_vel,-0.5163467307349778
ch1_p2p^2 ch2_energy,-0.5156789930372696
ch2_zcr hand_length,-0.515603447302253
ch2_energy ch2_meanfreq set_type,0.515369618170918
ch2_skew angle_max weight,0.5152318980304395
ch1_p2p ch2_min set_type,0.5151766455529208
ch2_energy ch2_skew exercise,0.5151351552734637
ch2_rms ch2_energy weight,-0.5151346330898401
ch2_std ch2_energy weight,-0.515134632701556
ch2_std angle_max weight,-0.5150771481126704
ch2_rms angle_max weight,-0.5150771275442112
ch1_energy ch2_p2p hand_length,0.5150320129797606
ch1_zcr age height,-0.5149646412517291
ch1_skew ch2_energy angle_mean,-0.5146155355602537
ch2_rms ch2_zcr ch2_meanfreq,0.5144528403408742
ch2_std ch2_zcr ch2_meanfreq,0.5144528128961416
ch1_std angle_mean height,-0.5144310203685629
ch1_rms angle_mean height,-0.5144309890481805
angle_max^2 angle_mean_abs_vel,-0.5139813990558058
ch2_min^2 height,-0.513913185044159
ch2_energy weight set_type,0.5138071049193614
ch1_peakfreq angle_max hand_length,0.5135990348431329
ch1_mean ch1_peakfreq ch2_peakfreq,0.5135782202518222
ch1_max ch1_meanfreq ch2_mean,-0.5133069204811916
ch1_meanfreq ch2_skew angle_mean_abs_vel,0.5133035323383722
ch1_mean ch1_rms ch2_zcr,0.5129332505117207
ch1_mean ch1_std ch2_zcr,0.5129332076340293
ch1_meanfreq ch2_std set_type,0.5129085572941984
ch1_meanfreq ch2_rms set_type,0.5129085550736073
ch1_p2p ch2_energy ch2_peakfreq,0.5129065104274256
ch1_mean ch1_min age,-0.5127700326509623
ch1_meanfreq angle_std angle_min,-0.5126764610177289
ch2_energy ch2_meanfreq weight,-0.5124956086211065
ch1_energy ch1_meanfreq ch2_zcr,-0.512478333751254
ch1_mean ch1_skew ch1_meanfreq,0.5116270101299506
ch1_mean ch2_max^2,-0.5109409106684017
ch2_skew set_type,-0.5100523552385574
ch2_mean ch2_peakfreq exercise,0.5100124308675855
ch1_kurt ch2_energy ch2_meanfreq,-0.5098700855451697
ch1_energy ch2_peakfreq age,-0.5098628896757499
ch1_meanfreq ch2_meanfreq height,-0.5097171219151556
ch1_skew ch2_p2p hand_length,0.5096790030311851
ch1_meanfreq angle_mean_abs_vel weight,-0.5093362710823685
ch1_skew angle_p2p,-0.5089650300227994
ch2_skew ch2_kurt height,-0.5087701433762004
ch2_p2p^2 ch2_zcr,-0.508753824502906
ch1_skew ch2_rms ch2_meanfreq,-0.5086451281493056
ch1_skew ch2_std ch2_meanfreq,-0.5086451134215233
ch1_mean ch1_rms hand_length,0.5086312171290751
ch1_mean ch1_std hand_length,0.5086312111506365
ch2_min^2 ch2_p2p,-0.5084611960550658
ch1_mean ch1_energy exercise,-0.5083633449414615
ch1_max ch1_zcr angle_std,0.5082646361525247
ch1_skew ch2_energy ch2_meanfreq,-0.5081745757111205
ch1_meanfreq ch2_max ch2_energy,0.5077224106948199
ch1_peakfreq height^2,0.5077142774358454
ch1_energy height,-0.507522376785407
ch1_mean ch2_max angle_min,-0.5074147281976427
ch1_peakfreq ch2_energy angle_mean_abs_vel,-0.5073388651714699
ch1_p2p angle_std^2,0.5071849957454602
ch1_mean ch2_min ch2_p2p,0.507178741405584
ch1_zcr height set_type,0.5071647904678238
ch2_min angle_mean_abs_vel weight,0.5070935813592724
ch1_energy^2 age,0.5069135714943032
ch1_rms ch2_energy ch2_kurt,0.5068225942789292
ch1_std ch2_energy ch2_kurt,0.5068225911279285
ch1_mean angle_p2p angle_mean_abs_vel,0.5064753906281987
ch2_peakfreq angle_max hand_length,0.5063884016309214
ch2_p2p ch2_kurt height,0.506096695748123
ch1_kurt ch2_mean ch2_meanfreq,0.5060940093110841
ch2_mean ch2_peakfreq angle_max,-0.505652938856334
ch2_p2p ch2_zcr weight,-0.5055631291376366
ch2_mean ch2_p2p ch2_energy,0.5054150894399608
angle_max_abs_vel^3,-0.5053043128276218
ch1_peakfreq weight exercise,-0.5051758263896231
ch1_min ch2_rms angle_p2p,0.5051099194328037
ch1_min ch2_std angle_p2p,0.5051099028869153
ch1_zcr ch1_skew ch2_energy,0.5051064363653714
ch1_kurt ch2_energy angle_min,-0.5049046030093781
ch1_meanfreq angle_max hand_length,-0.504863885203328
ch1_min ch1_p2p ch2_peakfreq,0.5045999646774151
ch2_skew ch2_kurt angle_min,0.5045098520809095
ch1_skew ch2_min angle_max,0.5044618109022523
ch1_peakfreq angle_max weight,0.5044234629044588
height exercise^2,0.5043302178777561
height set_type^2,0.5043302178777561
height,0.5043302178777422
ch1_mean ch1_meanfreq ch2_max,0.5040557059233115
ch1_std ch2_max age,-0.5028316675617435
ch1_rms ch2_max age,-0.5028316532644435
ch1_meanfreq ch2_zcr ch2_skew,-0.5027697247930806
ch2_energy age^2,0.5024234208491665
ch2_max ch2_min angle_mean_abs_vel,0.502394122070849
ch1_p2p^2 ch2_skew,-0.5022148899595535
ch2_min ch2_meanfreq hand_length,0.5021897328649226
ch1_kurt ch2_energy exercise,0.5020043278795926
ch2_p2p angle_p2p,-0.5018122900507229
ch1_energy ch1_zcr angle_max_abs_vel,0.5016658763783324
ch2_energy ch2_peakfreq weight,0.5015042484273572
ch1_p2p angle_p2p hand_length,-0.5010538342033135
ch2_max angle_p2p^2,0.5007592840110866
ch1_skew ch2_peakfreq angle_std,-0.5007041547164547
ch1_peakfreq ch2_peakfreq hand_length,0.5004683046019165
ch1_mean ch2_meanfreq ch2_peakfreq,0.5000427472500372
ch1_kurt ch2_std ch2_p2p,-0.4999530414916514
ch1_kurt ch2_rms ch2_p2p,-0.49995303061017443
ch1_energy ch1_skew ch2_skew,-0.4997571949502093
ch2_std ch2_min weight,0.49936993843992866
ch2_min ch2_rms weight,0.499369935475192
ch2_std hand_length set_type,-0.4989462731156592
ch2_rms hand_length set_type,-0.49894624471085935
ch1_skew ch2_kurt angle_mean_abs_vel,-0.4988748577028286
ch1_mean angle_std^2,0.49872392320501224
angle_std exercise,0.4984842654341016
ch1_meanfreq angle_min age,-0.49843842543683126
ch1_kurt ch1_peakfreq angle_min,-0.4984062837700793
ch2_zcr angle_std set_type,0.4980357819244565
ch1_kurt ch2_meanfreq angle_p2p,-0.4978802132792948
ch1_meanfreq weight set_type,0.49786852079890065
ch2_min ch2_rms angle_std,0.4978451059740845
ch2_std ch2_min angle_std,0.49784509989296755
ch1_skew angle_max angle_p2p,-0.4976849169653519
ch1_zcr^2 age,0.4972875960701058
ch1_skew ch2_skew,0.49714300535604317
angle_max age,0.4968732129168728
ch2_p2p^2,-0.4967599633694254
ch1_min weight hand_length,-0.49667045481701866
ch2_energy ch2_meanfreq angle_min,0.49654126942347204
ch1_std ch2_mean exercise,-0.49652544023763284
ch1_rms ch2_mean exercise,-0.49652543594083887
ch1_energy ch1_kurt angle_max_abs_vel,0.49617399377810045
ch2_zcr angle_mean_abs_vel^2,0.49598439907335623
ch2_skew age set_type,0.4955412092292792
angle_mean^2 angle_p2p,0.4953818866390747
ch2_energy angle_std hand_length,-0.49523740193249366
ch2_min ch2_skew ch2_meanfreq,0.49490770717758115
ch1_max ch1_kurt,-0.4947149337639364
ch1_meanfreq ch2_min exercise,0.4945510451805055
ch1_kurt ch1_peakfreq ch2_p2p,0.49420785574613485
ch1_zcr ch2_zcr angle_mean,-0.494090561155019
ch1_energy ch1_skew ch2_energy,0.49401260674462544
ch1_p2p ch2_skew angle_max,-0.4938478664598874
ch1_mean angle_mean hand_length,-0.49333915435476805
angle_p2p angle_mean_abs_vel height,-0.49292929759427806
ch1_zcr ch1_skew ch2_max,0.4927319012520904
ch1_max ch2_zcr ch2_kurt,0.4923763151596311
ch2_min ch2_energy ch2_peakfreq,-0.4923442568733204
ch2_meanfreq weight exercise,0.4923302525513349
ch1_rms ch1_p2p ch2_max,-0.4921399601886086
ch1_std ch1_p2p ch2_max,-0.49213994769271147
ch2_std ch2_max ch2_peakfreq,0.4918739713474056
ch2_max ch2_rms ch2_peakfreq,0.49187396167537667
angle_min angle_p2p angle_mean_abs_vel,0.4918462067882061
ch1_max ch1_zcr ch2_skew,0.4918285828779868
ch1_peakfreq ch2_max angle_p2p,-0.49169061016861604
ch2_std angle_p2p height,-0.4915053206299019
ch2_rms angle_p2p height,-0.4915052904638709
ch1_zcr ch2_p2p angle_max,-0.491498601316733
angle_max set_type,-0.4914305246308689
ch1_std^2 ch2_zcr,-0.49112579230746234
ch1_std ch1_rms ch2_zcr,-0.49112578816976626
ch1_rms^2 ch2_zcr,-0.491125784032068
ch2_zcr^2 angle_std,0.49110108723106505
ch1_energy^2 angle_mean,0.4909674918259962
ch2_energy angle_max exercise,-0.49096342263983367
ch1_max ch2_peakfreq angle_std,-0.4909493218431161
ch1_skew ch2_energy exercise,0.49046421937763407
ch1_skew ch2_std ch2_energy,-0.4901496786613172
ch1_skew ch2_rms ch2_energy,-0.4901496682467868
ch2_max ch2_kurt angle_min,0.4901360570864616
ch1_peakfreq ch2_rms ch2_skew,-0.4901040748779609
ch1_peakfreq ch2_std ch2_skew,-0.4901040658525213
ch1_zcr^2 ch2_std,0.49008465900247694
ch1_zcr^2 ch2_rms,0.49008465356859554
ch1_p2p ch2_energy,-0.48972424499920936
ch2_min ch2_p2p exercise,-0.489678229786833
ch1_mean ch1_energy hand_length,0.48937789808673104
ch2_zcr ch2_kurt angle_mean,0.48937710677436064
ch1_min ch2_meanfreq set_type,-0.48924099635920737
ch2_peakfreq angle_min age,0.489182375609325
ch2_meanfreq angle_max angle_mean_abs_vel,-0.4886309855875986
ch2_max angle_min age,-0.4886096221186593
ch1_skew ch2_energy set_type,-0.488066607716377
ch1_meanfreq angle_min height,-0.4879610999816661
ch2_peakfreq angle_min height,0.4878973251130173
ch2_kurt angle_std hand_length,0.4878681062513512
ch1_skew ch2_min angle_min,0.48780679754593426
ch1_mean ch2_min ch2_peakfreq,0.4877274362621922
ch2_min^2 angle_mean,-0.48767544886621417
ch2_p2p angle_mean_abs_vel exercise,0.48751262662004724
ch1_min ch2_zcr angle_max,-0.48748660119768805
angle_std angle_max,-0.48736478799094224
ch1_max ch1_rms ch2_energy,-0.4871068335177666
ch1_std ch1_max ch2_energy,-0.48710683229734963
ch1_max ch2_meanfreq angle_std,-0.48700114843746006
ch1_mean ch1_energy ch1_kurt,-0.4869348557548212
ch1_energy^2 height,0.486907844714081
ch2_mean ch2_max height,-0.4866208922921056
ch1_kurt ch2_peakfreq hand_length,-0.48657819657187185
ch1_peakfreq ch2_rms angle_mean_abs_vel,-0.48655272770192176
ch1_peakfreq ch2_std angle_mean_abs_vel,-0.4865527032289669
ch1_skew ch2_max ch2_meanfreq,-0.4864224281312475
ch1_meanfreq ch2_zcr angle_mean,0.4861774902348677
ch1_mean ch2_zcr age,-0.48608753836183377
ch1_energy^2 exercise,-0.48603145321742325
ch2_min ch2_meanfreq angle_max,0.4860150748100329
ch1_peakfreq ch2_p2p,-0.48555671434028125
ch1_skew ch2_min ch2_peakfreq,0.4853063815894835
ch1_min^2 ch1_meanfreq,-0.48522282198601774
ch2_min ch2_meanfreq exercise,-0.4851475031144101
ch2_p2p angle_p2p height,-0.48512594149488775
ch1_zcr ch1_skew ch2_p2p,0.4850168997265718
weight hand_length^2,-0.4848133585521793
ch1_kurt ch2_mean ch2_max,0.4847257514413694
ch1_peakfreq ch2_skew set_type,0.4846956288195157
ch1_kurt ch1_peakfreq height,-0.4846778169867248
ch2_zcr angle_mean_abs_vel exercise,0.48465962374602317
ch2_kurt hand_length exercise,0.4846284737116072
ch1_mean ch1_skew angle_std,-0.48458377842440614
ch2_energy height^2,-0.4844823595105889
ch2_kurt angle_mean height,0.4841900911864959
ch2_zcr angle_p2p age,-0.48416377098324465
ch2_max ch2_min,0.48401836629468326
ch1_max ch1_kurt ch1_peakfreq,0.4839246410558905
ch1_rms exercise set_type,-0.48387054552993114
ch1_std exercise set_type,-0.48387054403586804
ch1_max ch1_peakfreq ch2_peakfreq,0.4837551147900806
ch1_skew ch2_peakfreq weight,0.48364622850392003
ch1_rms ch1_peakfreq ch2_kurt,0.4834762153360984
ch1_std ch1_peakfreq ch2_kurt,0.4834762097821086
ch1_min ch1_peakfreq angle_mean_abs_vel,0.4832943237556315
ch2_energy ch2_kurt weight,0.48328926170823294
ch1_max angle_max angle_p2p,0.48306248556670484
angle_mean angle_min,-0.4828294207174812
ch2_min angle_max^2,0.4826575895803699
ch1_kurt ch2_energy ch2_skew,0.48258564145055494
ch1_max ch1_kurt ch2_kurt,0.482339685729358
ch1_meanfreq ch2_meanfreq^2,0.48205411043019053
ch1_std angle_max_abs_vel,-0.48185175657263146
ch1_rms angle_max_abs_vel,-0.48185175549662573
angle_std angle_mean_abs_vel set_type,0.48182937672973136
ch1_mean ch2_min^2,-0.4816600288804255
ch1_p2p ch2_std,0.4814761125188945
ch1_p2p ch2_rms,0.4814761086564612
age hand_length set_type,0.48142072334787034
ch1_rms ch2_peakfreq height,0.48136385842690166
ch1_std ch2_peakfreq height,0.4813638506186867
ch2_energy angle_max weight,-0.48133995654988027
ch1_zcr angle_std weight,0.48105667225520077
ch2_meanfreq angle_max weight,-0.4810117930638624
ch1_energy angle_p2p,0.4806491188221851
ch1_skew angle_mean exercise,0.4803920999959831
ch1_peakfreq set_type,0.4803415612579087
ch1_std ch1_kurt hand_length,0.47987992635948473
ch1_rms ch1_kurt hand_length,0.47987990095929545
ch1_mean ch2_meanfreq angle_mean_abs_vel,0.4797897644534727
ch1_p2p angle_max angle_p2p,-0.47943993844229277
angle_min angle_mean_abs_vel^2,0.4790502101430915
ch1_mean^2 ch1_peakfreq,0.47848291145958455
ch1_peakfreq angle_mean,0.47839973808705316
ch1_kurt ch2_kurt set_type,0.47837694508454087
ch1_energy^2 angle_min,0.47819380646292997
ch2_meanfreq angle_mean_abs_vel^2,0.47760004587319116
ch1_p2p ch1_kurt ch1_peakfreq,0.4774684754170463
ch1_p2p ch1_zcr ch2_min,-0.47742416508192587
ch2_rms age set_type,0.477372216322877
ch2_std age set_type,0.47737221225844373
ch1_rms angle_p2p angle_mean_abs_vel,0.47730062528784806
ch1_std angle_p2p angle_mean_abs_vel,0.47730059478518166
ch1_rms ch1_zcr ch2_zcr,-0.47726255606364476
ch1_std ch1_zcr ch2_zcr,-0.47726253097879084
ch1_mean angle_std angle_max,-0.47714541850535525
ch1_rms ch1_peakfreq ch2_skew,0.4771021927039095
ch1_std ch1_peakfreq ch2_skew,0.4771021749051068
ch1_meanfreq ch2_p2p ch2_skew,0.47695337312324954
ch1_mean ch2_max ch2_min,0.4768849258064211
angle_min^2 exercise,0.4767582587023772
ch1_zcr ch1_kurt height,0.476606677458001
ch1_kurt^2 ch1_peakfreq,0.47658002501804764
ch1_std ch2_mean ch2_max,0.47654244040963123
ch1_rms ch2_mean ch2_max,0.4765424289722565
ch1_p2p angle_min hand_length,-0.47601987286753433
ch1_min angle_p2p angle_mean_abs_vel,0.47584130759975773
ch1_max ch1_energy ch1_zcr,0.47577985648416954
ch2_min ch2_energy age,-0.4755993093782139
ch2_mean ch2_skew ch2_kurt,0.4755963309740231
ch2_zcr angle_mean angle_p2p,0.47558162852654284
ch1_skew ch2_energy angle_min,-0.4755809291902862
ch1_energy ch2_skew set_type,-0.47557592121438647
ch2_max ch2_zcr,-0.47556605811359015
ch1_peakfreq height exercise,-0.4755163876149947
ch1_max angle_p2p weight,0.47517331986523076
ch2_p2p angle_p2p angle_mean_abs_vel,0.47513462687711316
ch2_zcr ch2_meanfreq angle_mean_abs_vel,-0.47492095844262033
ch1_zcr ch1_kurt angle_min,0.4749042026532415
ch1_energy angle_std angle_max_abs_vel,0.47489271435537195
ch1_rms ch1_p2p ch2_p2p,-0.47469972443272374
ch1_std ch1_p2p ch2_p2p,-0.4746997155572463
angle_max height weight,-0.4742376825693381
ch1_p2p ch1_kurt ch2_p2p,0.47421397505518864
ch1_rms ch1_energy ch1_meanfreq,0.4736522821447247
ch1_std ch1_energy ch1_meanfreq,0.47365225161446395
ch2_energy ch2_zcr angle_mean,0.4730979515342892
ch1_meanfreq angle_mean age,-0.47309116192769113
ch2_kurt exercise set_type,-0.47285862652982463
ch2_max ch2_peakfreq age,0.472811582172684
ch1_max ch1_rms ch2_rms,-0.47249111773258545
ch1_max ch1_rms ch2_std,-0.4724911068845902
ch1_std ch1_max ch2_rms,-0.4724911040315211
ch1_std ch1_max ch2_std,-0.472491093183526
ch1_min angle_mean_abs_vel height,0.4722457726085594
ch1_min ch1_skew ch1_kurt,-0.4721277472499796
ch2_meanfreq angle_mean_abs_vel exercise,0.47194117289412474
ch1_min ch1_zcr angle_mean,0.4716425012807069
ch1_kurt ch2_rms ch2_energy,-0.4715303677398296
ch1_kurt ch2_std ch2_energy,-0.4715303667783605
ch2_peakfreq angle_max height,0.4714411229102137
ch1_min ch2_energy ch2_meanfreq,-0.47138534867922216
ch1_mean ch2_zcr ch2_meanfreq,-0.47132518623480113
ch2_skew ch2_meanfreq angle_p2p,0.471218696017791
ch2_min ch2_p2p,0.4711913247204571
ch1_std ch1_p2p height,0.47103992727900634
ch1_rms ch1_p2p height,0.47103992703047115
angle_std set_type,-0.4701298354318757
ch1_std ch2_kurt^2,0.4699513139354278
ch1_rms ch2_kurt^2,0.4699513060804698
ch2_peakfreq angle_mean hand_length,0.4698884082393309
ch2_min ch2_p2p angle_min,0.46986208009291364
ch2_std ch2_peakfreq set_type,-0.46969628886548637
ch2_rms ch2_peakfreq set_type,-0.46969627089183064
ch1_p2p ch1_meanfreq ch2_min,-0.46948975017610706
ch2_p2p ch2_skew exercise,0.46947580324429916
ch1_mean ch2_rms angle_p2p,0.4693677824269388
ch1_mean ch2_std angle_p2p,0.46936776177978506
ch1_zcr ch1_kurt ch2_mean,0.46934176739105943
angle_mean^2 set_type,-0.4689689638750133
ch1_max ch2_p2p age,0.4683115353771162
ch1_zcr ch2_min age,0.4680147097131173
ch1_peakfreq ch2_p2p ch2_meanfreq,0.4679685838375232
ch1_mean ch2_peakfreq exercise,-0.46788402846523136
ch2_max ch2_p2p,-0.4677468453291968
ch2_zcr angle_min,-0.4675488086128973
ch1_min ch2_max ch2_peakfreq,-0.4675097588821362
ch2_p2p weight exercise,0.4672186304819507
ch2_max angle_std angle_p2p,0.4671753558380488
ch1_mean ch1_p2p ch1_meanfreq,-0.4671676844729034
ch2_rms ch2_zcr angle_max,0.4671054114170954
ch2_std ch2_zcr angle_max,0.467105391957122
ch1_peakfreq ch2_p2p angle_mean_abs_vel,-0.4670529223531109
ch2_peakfreq angle_max age,0.4669589190797299
ch2_energy ch2_peakfreq hand_length,0.46674904791079036
ch2_mean ch2_zcr ch2_meanfreq,-0.46673007475857664
ch2_skew ch2_meanfreq angle_std,-0.4666505884699275
ch1_min^2 ch2_energy,0.46638407000919824
ch1_p2p angle_min height,-0.46617818283620344
ch1_max ch2_skew angle_min,-0.466176553801856
ch1_zcr ch2_mean set_type,0.46610147310359895
ch2_mean ch2_energy ch2_skew,0.46599746761579147
ch1_skew ch2_max angle_mean,-0.4657546281300902
ch1_peakfreq ch2_rms angle_mean,0.4657542605761867
ch1_peakfreq ch2_std angle_mean,0.4657542264249364
ch1_energy ch2_meanfreq angle_p2p,0.4657319547612477
ch1_min ch2_energy angle_p2p,0.46567127268852865
ch1_p2p age height,0.4655370156255604
ch1_mean ch1_meanfreq ch2_zcr,0.4652958676948513
ch1_mean ch1_zcr set_type,0.4650934583211014
ch2_meanfreq angle_std set_type,0.46495816190158124
ch1_mean ch1_peakfreq angle_mean_abs_vel,-0.4647693216215533
ch1_std ch2_kurt angle_p2p,-0.46476588309563227
ch1_rms ch2_kurt angle_p2p,-0.4647658812562274
ch1_min ch1_p2p ch2_p2p,-0.46455960405927743
ch1_skew ch1_kurt ch2_zcr,-0.4645190280970668
ch2_meanfreq height exercise,-0.46421912210737165
ch2_mean weight^2,0.46419661605012796
ch1_min ch2_energy angle_std,0.46414752575941465
ch2_mean ch2_max age,0.4641301123281354
ch2_kurt angle_max^2,0.4640192290483276
ch2_energy angle_p2p set_type,0.4639887925951375
ch1_skew ch2_std ch2_max,-0.4637359912104999
ch1_skew ch2_max ch2_rms,-0.4637359872909153
ch1_meanfreq angle_mean angle_min,0.46367206308414466
ch2_zcr ch2_skew angle_p2p,0.4635988206281356
ch1_rms ch2_skew angle_p2p,-0.4635075742601817
ch1_std ch2_skew angle_p2p,-0.46350756766493084
ch1_mean ch1_max ch1_kurt,-0.4629429470403868
ch1_zcr ch2_p2p ch2_meanfreq,-0.4625670507120294
ch2_kurt height hand_length,0.4624415863780051
angle_p2p angle_mean_abs_vel weight,-0.4623639757843627
ch2_mean ch2_max set_type,-0.46233370200962987
ch1_min ch1_meanfreq angle_max_abs_vel,-0.4622516775730883
ch2_zcr^2 angle_p2p,0.46212211204514597
ch1_mean ch1_energy angle_min,0.461917298102827
ch1_p2p age weight,0.46158079674167035
ch1_rms ch2_zcr height,0.4614579514424946
ch1_std ch2_zcr height,0.46145792484422643
ch2_p2p age set_type,0.46109994247741265
ch1_max ch1_meanfreq angle_min,-0.46102806046150535
angle_p2p age hand_length,-0.4610020311614161
ch2_skew ch2_kurt angle_max,0.4608468550854187
angle_mean set_type,-0.46082006634604644
ch2_meanfreq angle_mean angle_std,-0.4607170535620013
ch1_std angle_mean weight,-0.46068045646753053
ch1_rms angle_mean weight,-0.46068043203061854
ch1_max ch1_meanfreq set_type,-0.4605660804753285
ch1_meanfreq^3,0.4605576226587204
ch2_min angle_mean angle_std,0.46048540322327114
ch1_mean ch1_min ch1_energy,-0.46028740283188063
ch2_mean angle_p2p angle_mean_abs_vel,0.4601896650347125
ch1_energy ch2_meanfreq angle_max_abs_vel,-0.46003684717125815
ch1_peakfreq ch2_kurt angle_max,-0.4600289789157087
ch2_max hand_length,-0.45999337086598935
ch2_kurt angle_p2p angle_mean_abs_vel,0.4598931791368487
angle_max,-0.4597800469458371
angle_max set_type^2,-0.4597800469458365
angle_max exercise^2,-0.4597800469458365
ch1_energy ch1_skew ch2_std,0.45932707626913094
ch1_energy ch1_skew ch2_rms,0.4593270761637169
ch2_min age hand_length,0.45907268004461677
ch1_zcr ch2_zcr exercise,0.45889452065867387
ch1_energy ch2_energy set_type,0.45882929892493385
ch1_max ch2_min ch2_zcr,-0.4584730022989786
ch2_kurt angle_max set_type,0.4584253995519598
ch2_meanfreq ch2_peakfreq angle_max,-0.4583821018141271
ch1_peakfreq ch2_max angle_std,0.45836092026768693
angle_min angle_max,-0.45804138692543067
ch1_min ch1_meanfreq angle_mean_abs_vel,-0.45803755677381625
angle_max hand_length set_type,-0.4580201961564746
exercise set_type,0.4578577233527441
ch1_std ch1_skew angle_std,0.4576285885943844
ch1_rms ch1_skew angle_std,0.4576285865742162
ch1_p2p angle_std height,-0.45762767409696564
ch1_energy angle_max_abs_vel,-0.4575355677483648
ch2_p2p ch2_kurt angle_std,-0.45742213531636144
ch1_meanfreq ch2_mean height,-0.4569334327048935
ch1_mean angle_mean angle_std,-0.4569040746543932
ch2_rms angle_std angle_p2p,0.456349266875844
ch2_std angle_std angle_p2p,0.45634926416349786
ch2_skew angle_max angle_p2p,0.4562324070225616
ch1_skew ch2_max exercise,0.45619664221920864
ch2_rms ch2_skew set_type,0.4561954785077298
ch2_std ch2_skew set_type,0.4561954750652497
ch1_rms^2 age,0.45615670985844287
ch1_std ch1_rms age,0.4561566839706377
ch1_std^2 age,0.4561566580828339
ch1_kurt ch2_rms hand_length,-0.45595499366946146
ch1_kurt ch2_std hand_length,-0.45595497087869674
ch1_max ch1_energy age,0.45584593648579447
ch2_p2p angle_mean angle_min,0.45579178817557164
ch1_zcr ch2_max ch2_skew,0.45564184550676057
ch2_p2p ch2_peakfreq hand_length,0.45556604655089833
ch1_energy ch1_skew ch2_zcr,-0.4554700791829556
ch1_mean ch1_peakfreq angle_mean,0.4552589399906214
ch1_p2p ch2_meanfreq age,0.4551052635719035
ch1_kurt angle_p2p age,0.45507808262994637
ch2_p2p ch2_skew angle_mean,-0.4550262128125447
ch1_meanfreq ch2_peakfreq angle_min,0.4549159322299803
ch1_meanfreq angle_mean hand_length,-0.4548457870602651
ch1_p2p ch1_zcr^2,0.45467145529708014
ch1_mean ch2_meanfreq weight,-0.4543327047095653
ch2_peakfreq height exercise,-0.4542428725900142
ch2_energy ch2_skew ch2_peakfreq,-0.45419812546604704
ch1_max angle_mean_abs_vel age,0.45402409856762005
ch2_meanfreq angle_max^2,-0.453996445424985
ch2_skew height exercise,-0.4534944503401658
ch1_kurt ch2_min height,0.453468454889377
ch1_min ch2_mean angle_std,0.45344770568976844
ch1_max angle_min hand_length,0.45343548114190924
ch1_std ch1_zcr ch2_kurt,-0.4533575328099117
ch1_rms ch1_zcr ch2_kurt,-0.4533575321099248
ch2_mean ch2_meanfreq set_type,0.4533237633910197
ch1_std^2 ch1_kurt,-0.4530713324224974
ch1_std ch1_rms ch1_kurt,-0.4530713180063017
ch1_rms^2 ch1_kurt,-0.4530713035901074
ch1_max ch2_mean angle_max,0.4530689321582184
ch1_energy ch2_zcr ch2_kurt,0.4529501446431906
ch1_p2p ch2_max ch2_peakfreq,0.4524928807539266
ch1_std angle_mean angle_max_abs_vel,-0.4524697695250218
ch1_rms angle_mean angle_max_abs_vel,-0.45246976552421214
ch1_p2p ch2_skew angle_min,-0.452318542357959
ch2_zcr^2 weight,-0.45220509671254727
ch1_mean angle_max weight,-0.4521828290887059
ch1_min ch1_zcr exercise,-0.4521743894408531
ch1_energy ch1_kurt ch2_max,-0.4519451055253322
ch2_kurt angle_min angle_max,0.4514281418058682
ch2_kurt height exercise,-0.4512153275466425
ch1_kurt ch2_meanfreq angle_mean_abs_vel,0.45117363899957025
angle_p2p age weight,0.45115587984847855
ch1_min^2 ch1_zcr,-0.4511160111862905
ch1_max ch1_kurt exercise,0.4508154372393166
ch2_kurt angle_min^2,0.4507430196816228
ch2_energy ch2_kurt angle_std,-0.45049169352179974
ch1_max ch2_skew weight,-0.4504738069007715
height weight hand_length,0.45046271836096496
ch1_mean angle_max angle_mean_abs_vel,0.44995631772740163
ch1_energy ch1_zcr height,0.44991586278368656
ch1_peakfreq angle_mean hand_length,0.4494589399469492
ch1_zcr angle_p2p age,-0.4493455407393939
ch1_std ch1_zcr angle_max_abs_vel,0.4489408928333458
ch1_rms ch1_zcr angle_max_abs_vel,0.4489408902934655
ch2_p2p ch2_energy age,0.44891052556504657
ch1_peakfreq ch2_max ch2_kurt,-0.44890789174343965
ch1_skew^2 ch2_mean,-0.44882858009186766
ch2_energy ch2_meanfreq exercise,-0.4488229191736505
ch1_energy ch2_kurt ch2_meanfreq,0.44857100839510883
ch2_mean ch2_p2p,0.4485534347397554
ch1_min ch1_zcr weight,-0.44822390652476257
ch1_kurt ch1_peakfreq angle_std,0.4480813149749159
ch2_max angle_mean height,0.4480447120045028
ch1_mean ch2_energy hand_length,0.44781377905764386
angle_min hand_length set_type,-0.4476230428469924
ch2_std height weight,-0.4473796418905355
ch2_rms height weight,-0.44737960666118126
ch2_rms ch2_p2p hand_length,0.4473028003939138
ch2_std ch2_p2p hand_length,0.44730278943617835
ch1_skew ch1_kurt ch2_rms,0.4469977046006393
ch1_skew ch1_kurt ch2_std,0.4469976820145271
ch1_min ch1_kurt ch1_peakfreq,-0.44659900611000836
ch2_mean ch2_zcr^2,-0.44652738605453934
ch1_meanfreq ch2_kurt angle_min,-0.4461660960444481
ch2_p2p ch2_meanfreq angle_mean_abs_vel,-0.44607030515527135
ch1_zcr^2 ch2_meanfreq,0.44570072611896183
ch1_kurt ch2_mean ch2_p2p,0.4453575156926778
ch1_p2p ch2_rms angle_p2p,-0.44529205758315826
ch1_p2p ch2_std angle_p2p,-0.44529204271342493
angle_std^3,0.4449852777198156
ch1_kurt angle_min angle_p2p,-0.4449408900215954
ch1_p2p angle_std angle_p2p,-0.4448166754810413
ch2_min ch2_zcr ch2_peakfreq,0.44478890853077346
ch2_meanfreq angle_std,-0.4444576043087066
angle_std age hand_length,0.44384350109563553
ch1_rms ch2_max ch2_skew,-0.4437765803154916
ch1_std ch2_max ch2_skew,-0.4437765577089188
ch2_meanfreq angle_p2p,-0.4435058720483721
ch1_zcr ch2_min weight,-0.44337964009969116
ch1_p2p ch1_meanfreq ch2_std,0.4431785709356902
ch1_p2p ch1_meanfreq ch2_rms,0.44317854368359205
ch1_mean angle_mean_abs_vel exercise,-0.4429941038596089
ch1_std angle_min angle_max_abs_vel,-0.44288001518728304
ch1_rms angle_min angle_max_abs_vel,-0.44288001176133657
ch2_mean ch2_energy set_type,-0.44270207934158556
ch2_zcr angle_min hand_length,0.44244371281032424
ch1_min ch1_zcr ch1_skew,0.4422879736362707
angle_std hand_length exercise,-0.4422628377700205
ch2_kurt^2 angle_mean_abs_vel,0.44210739471638677
ch2_peakfreq exercise^2,-0.44208881277958334
ch2_peakfreq set_type^2,-0.44208881277958334
ch2_peakfreq,-0.4420888127795788
ch1_min ch2_skew exercise,-0.4418612965100831
ch1_peakfreq angle_mean age,-0.4417090344984688
ch2_meanfreq ch2_peakfreq hand_length,0.4415769711408389
ch1_kurt ch1_meanfreq angle_mean,0.4412587590962095
ch1_p2p ch1_energy height,0.4412515077406108
ch1_max ch1_skew ch2_rms,0.44119887201970354
ch1_max ch1_skew ch2_std,0.44119884821737787
ch2_mean ch2_zcr exercise,0.44107168724030177
ch1_min ch2_min ch2_skew,-0.44087088828352194
ch1_rms^2 ch1_meanfreq,0.44085432049149115
ch1_std ch1_rms ch1_meanfreq,0.44085429648114266
ch1_std^2 ch1_meanfreq,0.4408542724707913
angle_mean^2 angle_max,0.4406920519025518
ch2_min angle_std angle_min,0.4404881456699778
ch2_max ch2_kurt exercise,-0.4403786210186809
ch1_std ch2_kurt age,-0.4403588279260102
ch1_rms ch2_kurt age,-0.44035881856795
ch1_zcr ch2_min,-0.44035583011190793
ch1_max angle_max weight,0.43999630492825814
ch2_mean weight exercise,0.4399751592017445
ch2_mean ch2_peakfreq angle_mean_abs_vel,-0.43990822331365276
angle_std angle_min height,-0.43989724582593803
ch2_meanfreq ch2_peakfreq angle_min,-0.4398252029772901
ch2_mean ch2_min ch2_energy,-0.4397159479526206
ch1_rms ch2_energy age,0.4395000342162635
ch1_std ch2_energy age,0.43950002864160576
ch2_rms ch2_p2p age,0.4391471330254719
ch2_std ch2_p2p age,0.4391471142397804
ch1_peakfreq ch2_p2p angle_p2p,-0.4390321805344376
ch1_max ch1_meanfreq ch2_std,0.4390143424713828
ch1_max ch1_meanfreq ch2_rms,0.4390143071552451
ch2_min ch2_rms age,-0.43881327570631573
ch2_std ch2_min age,-0.43881326208911636
ch1_max angle_std weight,-0.43879343801931675
ch1_std ch1_meanfreq ch2_skew,-0.43868303772187933
ch1_rms ch1_meanfreq ch2_skew,-0.43868301358203843
ch2_mean ch2_skew angle_max,-0.43864353337182094
ch1_p2p ch1_energy ch2_zcr,-0.4386402687350323
ch1_mean ch1_min angle_mean,-0.43858794695655523
ch1_mean ch2_kurt ch2_peakfreq,-0.438228612027052
ch1_rms ch1_peakfreq ch2_min,0.43821239857805727
ch1_std ch1_peakfreq ch2_min,0.438212398289896
ch2_max ch2_zcr hand_length,0.43801636115565523
ch1_peakfreq ch2_max height,0.4379939819918601
ch1_zcr ch2_kurt ch2_peakfreq,-0.4378104133089341
ch1_rms ch1_zcr ch1_peakfreq,0.4371795701880814
ch1_std ch1_zcr ch1_peakfreq,0.4371795549985998
ch2_min angle_max exercise,-0.4371484530963574
ch1_zcr ch2_energy set_type,-0.43707915610594766
ch1_max ch1_kurt angle_std,0.43695146745922675
ch1_energy ch1_zcr angle_p2p,0.4368486546921716
ch2_kurt ch2_meanfreq set_type,0.436715932031031
ch1_meanfreq ch2_energy^2,0.4366910849539318
ch1_max ch1_meanfreq exercise,0.43663094934603147
ch1_std angle_max_abs_vel age,0.436497994626182
ch1_rms angle_max_abs_vel age,0.4364979897375374
ch1_min ch1_energy angle_p2p,0.436415375279336
ch1_peakfreq^2 angle_max,-0.4362451463513839
ch1_zcr ch2_energy ch2_meanfreq,-0.4361841906676126
ch1_skew ch2_rms exercise,0.4361518214061712
ch1_skew ch2_std exercise,0.4361518091017369
ch2_max ch2_meanfreq angle_max,0.4361413859511483
ch1_std ch1_kurt angle_max_abs_vel,0.43588761852550817
ch1_rms ch1_kurt angle_max_abs_vel,0.4358876141699307
ch1_skew ch2_meanfreq angle_max,-0.43568412935429923
ch1_min^2 set_type,-0.4356166843615503
ch1_mean angle_min hand_length,-0.43553910463403556
ch1_p2p ch1_skew ch2_energy,0.4353244570087118
ch1_max ch1_p2p ch2_max,-0.43518686314710797
ch1_mean ch1_min ch2_energy,-0.434649581829369
ch1_max ch2_mean,-0.4345546203664229
ch2_zcr angle_mean_abs_vel height,0.43430595273243827
ch1_mean ch1_energy angle_mean,0.43428174052776675
ch2_mean ch2_p2p ch2_skew,0.43396410357984366
ch1_p2p ch2_min ch2_energy,-0.4337480404902629
ch1_zcr ch2_max angle_mean_abs_vel,0.4336281304355244
ch1_min^2 ch1_rms,0.4334203630935156
ch1_std ch1_min^2,0.43342034694335574
ch1_zcr angle_min angle_p2p,-0.43325942019973007
ch1_kurt ch2_std ch2_zcr,-0.43312501239153944
ch1_kurt ch2_rms ch2_zcr,-0.43312498732250326
ch2_peakfreq angle_mean height,0.43298221119099795
ch1_peakfreq angle_mean set_type,0.43291868799545885
ch1_min ch2_std angle_mean_abs_vel,-0.4327826789568201
ch1_min ch2_rms angle_mean_abs_vel,-0.4327826430698584
ch1_max ch1_kurt^2,-0.43268696465387674
ch1_rms^2 ch2_mean,-0.43266287863102804
ch1_std ch1_rms ch2_mean,-0.432662874259129
ch1_std^2 ch2_mean,-0.4326628698872305
ch1_std ch1_max ch2_mean,-0.43264454465107915
ch1_max ch1_rms ch2_mean,-0.43264454249345996
ch1_std ch2_skew angle_min,0.4326293652567592
ch1_rms ch2_skew angle_min,0.43262933985912577
ch1_max ch1_min ch1_p2p,-0.4326209418975493
ch1_mean ch2_zcr hand_length,-0.4319628848308623
angle_max^2 weight,-0.43180904060627234
ch1_peakfreq ch2_mean angle_min,0.43163943949173944
ch1_min ch1_rms angle_p2p,0.43160909798965263
ch1_std ch1_min angle_p2p,0.4316090726443054
ch1_min ch1_skew ch2_zcr,0.4314887497151826
ch1_min^2 angle_min,0.4314866291025188
ch2_energy ch2_meanfreq age,0.4314542064548731
ch1_meanfreq angle_std angle_max,-0.4313158554760552
ch2_max ch2_kurt angle_max,0.4312036794193475
ch1_meanfreq ch2_max ch2_p2p,0.43096265608976436
ch2_kurt ch2_meanfreq height,0.43086019481092297
ch2_std ch2_meanfreq weight,-0.4304825585031804
ch2_rms ch2_meanfreq weight,-0.4304825372157473
ch1_max ch2_energy ch2_peakfreq,0.43046143432620665
ch1_mean ch1_zcr ch2_meanfreq,-0.43035975923021363
ch1_mean ch1_skew set_type,-0.4300019104027184
ch1_meanfreq angle_mean_abs_vel angle_max_abs_vel,-0.42988123054452443
ch1_max angle_max age,0.42987812031023875
ch1_rms ch2_mean,-0.42979484664221296
ch1_std ch2_mean,-0.4297948192547948
ch1_kurt angle_p2p height,-0.42972425168789213
ch1_zcr ch1_meanfreq angle_std,-0.42941571168036996
ch1_mean ch2_mean age,0.429311365351228
ch1_zcr exercise set_type,-0.42918143658101615
ch1_min ch2_zcr ch2_kurt,0.4291674542301069
ch1_p2p ch1_peakfreq ch2_zcr,-0.42905440208392687
ch1_skew angle_mean height,-0.42863102211989274
ch1_zcr ch1_skew ch2_min,-0.4286218040584845
ch1_max ch2_kurt exercise,-0.4284253155359905
ch1_meanfreq ch2_kurt hand_length,-0.4279796740860302
angle_mean angle_std,-0.4279472392524557
ch1_p2p height exercise,0.4279375573715867
ch1_p2p ch1_skew ch2_skew,0.4277198362066108
ch1_peakfreq ch2_max angle_mean,-0.42764666005715873
ch1_rms^2 set_type,0.427452429482708
ch1_std ch1_rms set_type,0.42745239625379766
ch1_std^2 set_type,0.42745236302488543
ch2_peakfreq age^2,-0.4273795831408779
ch1_kurt^2 angle_mean_abs_vel,-0.4272918594296651
ch1_mean ch2_energy height,0.42703271423708933
ch1_energy ch2_energy angle_mean_abs_vel,0.4266007647100978
ch1_energy angle_p2p angle_mean_abs_vel,0.4263962883405331
ch1_min angle_mean_abs_vel weight,0.42631841802602294
ch1_energy age set_type,0.42560271725374976
ch2_max angle_max age,-0.425489950895103
ch1_rms ch2_peakfreq angle_p2p,0.4254344746270088
ch1_std ch2_peakfreq angle_p2p,0.4254344648699526
ch2_energy angle_max^2,0.4253291115295998
ch2_max angle_mean_abs_vel,-0.4252958967020217
ch2_peakfreq angle_mean age,0.42472753803197466
ch1_energy^2 ch1_skew,0.4246666901722702
ch1_zcr ch2_std angle_mean,-0.42455781115988617
ch1_zcr ch2_rms angle_mean,-0.4245577983006532
ch2_p2p ch2_meanfreq angle_p2p,-0.42434723038706995
ch1_min ch1_meanfreq ch2_std,-0.42434626359561056
ch1_min ch1_meanfreq ch2_rms,-0.42434624554601297
ch2_meanfreq ch2_peakfreq height,0.4240595863234967
ch2_max angle_max set_type,0.42396178064282497
ch2_kurt angle_min set_type,0.42382643587238544
ch1_energy ch2_p2p angle_std,-0.42372223483628535
ch1_std angle_max_abs_vel exercise,0.42352096288112917
ch1_rms angle_max_abs_vel exercise,0.4235209596628168
ch1_kurt ch2_zcr angle_mean_abs_vel,0.4232572915244592
ch1_rms ch2_mean angle_mean_abs_vel,-0.4229713937171825
ch1_std ch2_mean angle_mean_abs_vel,-0.4229713898604476
ch1_kurt ch1_peakfreq exercise,0.42295549543104644
ch1_mean ch2_zcr angle_std,-0.4226564129337744
angle_mean_abs_vel hand_length^2,-0.42252472775162214
ch2_mean angle_min exercise,0.42240965031212885
ch1_std height,-0.4220597201364935
ch1_rms height,-0.4220597192857207
ch1_p2p ch2_max^2,-0.42202309023579365
ch1_kurt ch2_energy angle_max,-0.4219734475289621
ch2_energy^2 ch2_meanfreq,0.42185295550998625
ch2_zcr ch2_peakfreq angle_mean,-0.4216005697446767
ch1_zcr ch2_rms,0.42140435655275255
ch1_zcr ch2_std,0.42140435334074955
ch2_p2p angle_p2p exercise,0.42117607303070403
ch1_zcr ch2_energy angle_max,-0.4210523761345974
weight set_type^2,-0.420935920110726
weight exercise^2,-0.420935920110726
weight,-0.420935920110723
ch1_energy ch2_mean ch2_min,-0.42040868735492465
ch1_max ch2_p2p angle_std,0.4203550779375842
ch1_zcr ch2_zcr ch2_peakfreq,-0.42030930384383514
angle_max weight exercise,0.4201969479223003
ch1_meanfreq ch2_mean ch2_zcr,0.42014689750459483
ch1_zcr ch2_min angle_p2p,-0.420134039993419
ch2_mean ch2_rms angle_p2p,-0.4201237894491606
ch2_mean ch2_std angle_p2p,-0.4201237162496365
ch1_max ch2_energy exercise,-0.42006808016260805
ch1_rms ch2_max weight,0.4197771979925413
ch1_std ch2_max weight,0.4197771839426463
ch1_max ch1_rms age,0.4195622937411964
ch1_std ch1_max age,0.4195622759939805
ch1_max ch2_meanfreq height,0.41952160234124425
ch1_mean ch1_zcr age,-0.41934273754513784
angle_std angle_min angle_p2p,-0.41883289867936524
ch1_min ch1_rms angle_mean,0.4187714904459238
ch1_std ch1_min angle_mean,0.4187714760049214
ch1_p2p ch2_skew angle_p2p,-0.4186112164229132
ch1_p2p ch2_kurt^2,-0.41854897096342114
ch1_max ch1_rms ch1_zcr,0.4182446543939294
ch1_std ch1_max ch1_zcr,0.41824463863295525
ch1_mean angle_mean angle_mean_abs_vel,0.4180832555111842
ch2_std hand_length^2,-0.41794907692793837
ch2_rms hand_length^2,-0.41794904200555427
ch2_min,0.4175829891445879
ch2_min set_type^2,0.4175829891445809
ch2_min exercise^2,0.4175829891445809
angle_mean_abs_vel weight exercise,-0.41731541691554586
ch2_energy ch2_zcr set_type,0.41723235669303105
ch2_rms ch2_energy angle_p2p,-0.4172298971527605
ch2_std ch2_energy angle_p2p,-0.41722989081647416
ch1_max ch2_max ch2_p2p,-0.41715502183049313
ch2_min ch2_skew ch2_kurt,0.4170754606357889
ch1_rms ch2_energy angle_std,-0.4170154105177893
ch1_std ch2_energy angle_std,-0.41701540735220005
ch1_energy ch2_rms angle_std,-0.41695088940198943
ch1_energy ch2_std angle_std,-0.4169508681414362
ch2_energy^2 angle_max,0.4167357708855264
ch1_max ch2_p2p angle_mean_abs_vel,-0.4167317940452393
ch2_energy angle_min angle_p2p,-0.41667453867718485
ch2_mean angle_std height,0.4166578853464953
ch1_skew ch2_meanfreq height,0.416512167493981
ch1_kurt ch2_peakfreq^2,-0.41648247038542735
ch1_p2p ch2_peakfreq set_type,-0.4163878669850457
ch1_mean ch1_skew ch2_meanfreq,0.41633010557698613
ch1_skew ch1_peakfreq angle_mean_abs_vel,0.4162974791079401
ch1_min ch2_skew angle_max,0.4162804917911984
ch1_zcr ch2_std angle_min,-0.4161969695300564
ch1_zcr ch2_rms angle_min,-0.41619695668845663
ch1_zcr ch2_mean ch2_zcr,-0.4159945298518294
ch1_std angle_max angle_max_abs_vel,-0.4156339495385727
ch1_rms angle_max angle_max_abs_vel,-0.4156339464394771
ch1_min ch2_skew angle_min,0.4155896559871312
ch1_energy ch2_mean weight,0.4154039512929423
ch1_zcr ch2_mean ch2_kurt,-0.4153269659031159
angle_mean weight hand_length,-0.4151960028502538
ch1_mean ch2_peakfreq age,-0.4151715557099488
ch2_max ch2_meanfreq exercise,-0.4151261177298725
ch2_min ch2_kurt age,0.41512076957480265
ch1_std angle_std hand_length,0.4147391818974071
ch1_rms angle_std hand_length,0.4147391789752176
ch2_min ch2_energy angle_std,0.41458901499988826
ch1_max ch2_max ch2_skew,-0.4144627950629635
ch1_zcr ch2_skew ch2_peakfreq,0.41438065194640844
ch1_meanfreq ch2_max set_type,0.4140290549344335
ch2_energy angle_p2p age,0.4139531602955896
ch1_meanfreq ch2_mean ch2_meanfreq,0.41365221856847034
angle_min^2 angle_max,-0.4135905269448332
ch2_mean ch2_min hand_length,0.41355475153987475
ch2_std ch2_skew angle_mean_abs_vel,-0.4135420969081736
ch2_rms ch2_skew angle_mean_abs_vel,-0.41354209326166635
ch1_peakfreq ch2_min age,0.4134406432536555
ch2_std angle_min angle_p2p,-0.41315431788357704
ch2_rms angle_min angle_p2p,-0.41315430937690645
ch2_std ch2_zcr angle_p2p,-0.41314417944768267
ch2_rms ch2_zcr angle_p2p,-0.41314415068264326
hand_length exercise^2,-0.4130266039861074
hand_length set_type^2,-0.4130266039861074
hand_length,-0.41302660398610325
ch2_min ch2_kurt ch2_peakfreq,-0.4129947127494909
angle_mean^2 exercise,-0.41290117508199253
ch1_max ch2_max ch2_peakfreq,0.4128227116938643
ch2_meanfreq angle_mean set_type,-0.4126216216194055
ch1_energy ch2_max set_type,0.41254823654623857
ch2_meanfreq set_type,-0.41214926437882227
ch1_p2p ch2_std ch2_skew,-0.41210620460200525
ch1_p2p ch2_rms ch2_skew,-0.41210620228059275
ch1_energy ch1_zcr weight,0.411991790608704
ch1_meanfreq ch2_p2p ch2_zcr,0.4119041279451908
ch1_min ch2_p2p ch2_skew,0.41183867572249305
ch2_min^2,-0.41175402341886813
ch1_meanfreq ch2_meanfreq angle_max,0.4116249349508164
ch1_meanfreq^2 ch2_energy,0.4115381741414592
angle_std angle_max age,0.41143925352608146
ch1_p2p^2 age,-0.41112279964150195
ch1_rms ch1_p2p ch2_min,0.4108801882351437
ch1_std ch1_p2p ch2_min,0.41088018342575056
ch2_peakfreq angle_std height,-0.4108159966975603
ch1_zcr ch2_kurt angle_p2p,-0.4106690740706898
ch2_p2p^2 angle_p2p,-0.41065437685579376
ch1_mean ch1_energy ch1_zcr,-0.4102441259942111
ch2_p2p angle_min angle_p2p,-0.4101883682633559
ch1_min ch2_mean exercise,0.40980749890132007
ch2_min ch2_peakfreq angle_max,0.4097492062695848
ch1_kurt angle_max age,0.409620422193686
ch2_mean ch2_kurt^2,-0.4096187265826636
ch1_zcr height weight,-0.40886742661345193
ch1_rms ch1_zcr ch2_rms,-0.40875106096230973
ch1_std ch1_zcr ch2_rms,-0.40875105429802505
ch1_rms ch1_zcr ch2_std,-0.40875105204282414
ch1_std ch1_zcr ch2_std,-0.40875104537853957
ch1_energy ch1_skew ch2_kurt,-0.40867184537051826
ch1_skew ch2_kurt height,0.40867021328530895
ch2_p2p angle_std angle_p2p,0.4085675219726877
ch1_std ch2_peakfreq set_type,-0.4085040817326383
ch1_rms ch2_peakfreq set_type,-0.40850407433654823
ch2_max^2 age,-0.40848690493256135
ch1_meanfreq ch2_std height,0.4081955927993884
ch1_meanfreq ch2_rms height,0.4081955772163936
ch1_energy ch2_zcr angle_p2p,0.40811207688501383
ch1_energy ch2_energy angle_p2p,0.4078567666623393
ch1_zcr ch2_zcr angle_max,-0.40774831370098197
ch2_max^3,-0.407729773438464
ch1_zcr ch2_skew height,0.40754858760323825
ch2_zcr ch2_meanfreq age,-0.40750192966517845
ch1_zcr ch1_kurt ch2_std,0.4072152036623429
ch1_zcr ch1_kurt ch2_rms,0.40721518689493863
ch2_p2p^2 hand_length,0.407076969462276
ch1_mean ch2_max angle_p2p,-0.4068052541387345
ch2_mean^3,-0.4067169125370447
ch1_mean ch2_energy angle_mean_abs_vel,0.40671521082781326
ch1_mean ch2_energy,0.4065712677531626
ch1_p2p ch1_zcr age,0.40649854127361323
ch1_mean angle_mean weight,-0.4064183769856621
ch2_p2p angle_max angle_mean_abs_vel,-0.4059350294653713
ch2_zcr angle_max hand_length,0.40557401427355844
ch1_max ch1_energy hand_length,0.40548716297081927
ch1_rms ch2_max angle_mean_abs_vel,-0.4052321739345632
ch1_std ch2_max angle_mean_abs_vel,-0.4052321679232731
ch1_max ch2_p2p ch2_zcr,0.4051856560675192
ch1_meanfreq ch2_meanfreq hand_length,-0.4048679226935208
ch1_min ch1_zcr ch1_meanfreq,-0.40465863763440724
hand_length exercise set_type,0.4043895690520505
ch1_kurt ch2_p2p height,-0.4042755788288742
ch1_peakfreq ch2_p2p height,0.40411658615533047
ch2_min ch2_energy weight,0.40407752878769176
ch1_meanfreq angle_max exercise,-0.4040445081387927
ch1_std ch2_max^2,0.4039823711789126
ch1_rms ch2_max^2,0.4039823463558071
ch1_skew ch1_kurt,0.40392105026195857
ch1_peakfreq ch2_kurt angle_mean,-0.4038071030505131
ch1_max ch1_peakfreq ch2_max,0.403586119461502
ch2_min ch2_peakfreq,0.403399918761985
ch1_min ch2_zcr angle_mean,-0.4032955641351176
ch1_std ch1_zcr height,0.40295312259771254
ch1_rms ch1_zcr height,0.4029531007271692
ch2_std^2 ch2_peakfreq,0.40281899335172955
ch2_std ch2_rms ch2_peakfreq,0.4028189906423853
ch2_rms^2 ch2_peakfreq,0.402818987933041
ch1_min angle_mean_abs_vel hand_length,0.4027960727146994
ch2_p2p angle_mean_abs_vel,-0.4027370586386283
ch1_min ch1_meanfreq^2,-0.4023441982537767
angle_mean angle_mean_abs_vel weight,0.402154726785071
ch1_p2p ch2_energy exercise,-0.40213836734647934
ch1_kurt ch2_std ch2_max,-0.40211816640588716
ch1_kurt ch2_max ch2_rms,-0.40211815472772394
ch1_rms ch2_mean ch2_meanfreq,0.40204284289355585
ch1_std ch2_mean ch2_meanfreq,0.402042842459877
ch1_rms ch1_skew ch1_kurt,0.4018829871749074
ch1_std ch1_skew ch1_kurt,0.4018829750916626
ch1_zcr ch1_meanfreq height,0.4018801729295852
ch2_p2p angle_mean angle_mean_abs_vel,-0.4017776247165538
ch2_p2p angle_max set_type,0.401403005962546
ch2_p2p ch2_zcr ch2_meanfreq,-0.4013818268012833
angle_mean angle_max angle_p2p,0.40089040845483576
ch1_skew ch2_p2p angle_mean,-0.40087741368403357
ch1_mean ch1_std ch1_max,-0.40064100979308237
ch1_mean ch1_max ch1_rms,-0.4006409988683205
ch1_p2p angle_mean_abs_vel^2,-0.40052017876281154
ch1_zcr ch2_p2p ch2_kurt,-0.40051361711145755
ch2_energy^2 hand_length,-0.4004696518978097
ch1_min ch1_zcr ch2_kurt,-0.40046866576802737
ch1_min ch1_skew ch1_peakfreq,0.40009853534421796
angle_std angle_max height,-0.3999790806264709
ch1_p2p ch2_min^2,-0.39970919795219556
ch2_max ch2_peakfreq set_type,-0.3996568540660215
ch1_energy ch2_min angle_mean_abs_vel,-0.39963978916766385
ch1_zcr ch2_energy age,-0.39960431833021093
ch1_p2p ch1_energy angle_std,-0.399533535887314
ch2_energy ch2_skew angle_mean_abs_vel,-0.3995224423190549
angle_mean_abs_vel^2,-0.3994924115205975
ch1_skew ch2_skew height,-0.3994776985115101
ch2_p2p^2 angle_max,-0.39858576784581895
angle_max angle_mean_abs_vel angle_max_abs_vel,0.398325043506866
ch1_max ch2_std ch2_min,0.3982814360733056
ch1_max ch2_min ch2_rms,0.39828142037037945
ch1_skew ch2_p2p exercise,0.3981445451488249
ch2_p2p angle_mean exercise,-0.3980836407766115
ch1_min ch1_skew ch2_peakfreq,0.39806339172876803
ch1_energy ch1_kurt ch1_peakfreq,0.3979547670408612
ch1_peakfreq ch2_max angle_max,-0.39767435897131465
ch2_energy ch2_skew angle_max,-0.39759727667735645
ch1_mean ch1_p2p ch2_energy,0.3972325907269049
ch2_max angle_p2p set_type,0.39720640623682807
ch1_kurt ch1_peakfreq angle_max,-0.3971829183883876
ch2_kurt^2 ch2_meanfreq,-0.3970134809610706
ch2_min ch2_meanfreq angle_min,0.39654916250540684
ch1_kurt^2 ch2_min,-0.39653315789640897
ch2_p2p ch2_zcr ch2_peakfreq,-0.39649864042747573
ch1_min ch2_rms ch2_p2p,-0.39648882807210273
ch1_min ch2_std ch2_p2p,-0.3964888215263921
ch1_energy ch1_skew ch2_meanfreq,-0.3964630385915479
ch1_zcr ch2_skew angle_mean_abs_vel,0.39633052289132276
ch1_meanfreq ch2_meanfreq weight,0.396288367276889
ch1_p2p ch1_meanfreq angle_max_abs_vel,0.39623366489189427
ch1_min ch2_rms ch2_peakfreq,-0.39621495879186774
ch1_min ch2_std ch2_peakfreq,-0.39621494574776606
ch1_skew ch2_peakfreq angle_p2p,-0.39560104369370197
ch2_min angle_min angle_max,0.39559158074847356
ch1_p2p ch1_peakfreq ch2_max,0.3955439074267352
ch1_rms ch2_energy,-0.3953976628771788
ch1_std ch2_energy,-0.39539765458601384
ch1_meanfreq hand_length set_type,0.39510532432448386
ch1_skew^2 angle_p2p,0.39463496188549774
ch2_p2p angle_min weight,-0.39460092175734107
ch1_mean ch2_skew weight,-0.3943455533058035
ch2_max^2,-0.39416190656966255
ch1_max ch1_p2p ch1_kurt,0.39410978558079185
ch1_peakfreq angle_max height,0.3937581170090802
ch2_peakfreq angle_std set_type,0.3937171946727491
ch2_p2p^2 ch2_meanfreq,-0.3935297864993744
ch1_mean ch1_min ch1_meanfreq,0.39332417831653366
ch1_meanfreq ch2_min angle_mean,-0.39326995115735086
ch1_min ch1_skew weight,0.39323334924400744
angle_std angle_min angle_max,-0.39285394350431285
ch1_max ch2_skew angle_mean,-0.39282261625300885
ch1_zcr ch2_rms ch2_peakfreq,0.39242018205124196
ch1_zcr ch2_std ch2_peakfreq,0.3924201807600397
ch2_energy age set_type,0.39226313390742995
ch1_p2p ch2_min,0.3919390817752209
ch2_kurt age^2,-0.3919207643504928
ch2_min angle_std exercise,-0.3914850292985721
ch1_mean ch1_rms angle_std,-0.3914771420788196
ch1_mean ch1_std angle_std,-0.39147711414341435
ch1_energy angle_max height,-0.39142343341495456
ch1_mean ch2_p2p angle_mean_abs_vel,0.3913571322660364
ch1_min ch1_zcr ch1_peakfreq,-0.39131647105481226
ch1_min ch2_skew set_type,0.39123871669023663
angle_mean angle_mean_abs_vel angle_max_abs_vel,0.39097506282116
ch1_skew ch2_p2p ch2_meanfreq,-0.3908043540973882
ch1_kurt ch2_kurt angle_p2p,-0.39078305333788577
ch1_kurt ch1_meanfreq ch2_meanfreq,0.39067476786351424
ch2_skew angle_max height,0.39047083177631536
ch2_kurt angle_mean set_type,0.3904546740189976
ch1_p2p angle_std hand_length,-0.3904491538813414
angle_min angle_max exercise,0.39042356862877947
ch1_std ch1_zcr angle_p2p,0.39033370258264444
ch1_rms ch1_zcr angle_p2p,0.3903336776946224
ch1_energy^2 ch2_mean,-0.38993450813053027
ch1_kurt angle_mean_abs_vel exercise,-0.3898769979099007
ch2_zcr ch2_skew angle_mean,0.3896180499233279
ch1_min ch1_p2p angle_p2p,-0.3894875486917708
ch1_min ch1_zcr angle_max,0.3893045466330387
ch1_min hand_length^2,-0.38913080010242684
ch2_skew angle_max,0.38911362376610614
ch1_p2p ch2_mean angle_min,0.38911356727769153
ch2_energy ch2_zcr angle_p2p,-0.38910660845484263
ch1_max ch1_p2p ch2_rms,-0.38908909748532483
ch1_max ch1_p2p ch2_std,-0.38908907220145883
ch1_meanfreq ch2_mean,-0.38899920083349204
ch1_std ch2_mean angle_max,0.388958383206892
ch1_rms ch2_mean angle_max,0.388958379092655
ch2_peakfreq angle_std angle_max,-0.38884800454399815
ch1_skew ch2_zcr angle_p2p,0.3885537960733083
ch1_meanfreq ch2_mean set_type,0.38848072874306483
ch1_peakfreq ch2_mean angle_mean,0.3883385915720271
ch1_rms ch1_peakfreq angle_max,-0.3883145934632337
ch1_std ch1_peakfreq angle_max,-0.38831458008223185
ch2_kurt^2 hand_length,-0.38810358506521425
ch2_std height hand_length,-0.38807448358328755
ch2_rms height hand_length,-0.38807444826876597
ch2_energy ch2_kurt hand_length,0.38803681796129375
ch2_min ch2_p2p weight,0.38802898245976203
ch2_max ch2_rms age,0.38796221379147533
ch2_std ch2_max age,0.38796219128494325
ch2_kurt ch2_peakfreq weight,0.38790461560198974
ch1_zcr ch2_meanfreq height,-0.3877924852824535
ch1_min ch1_energy ch1_meanfreq,-0.3875930728477741
ch1_zcr ch2_energy angle_p2p,0.38750040656558776
ch1_p2p ch2_min ch2_zcr,-0.3874695371380701
ch1_max ch1_kurt ch2_p2p,0.38732129686817773
ch1_std angle_std angle_max_abs_vel,0.38723475847976635
ch1_rms angle_std angle_max_abs_vel,0.3872347547817765
ch1_meanfreq age weight,-0.3869784508512362
ch1_max ch2_max height,0.3868371629561075
ch1_zcr ch1_peakfreq angle_min,-0.386783261348488
ch2_zcr angle_mean angle_max,-0.3867519725008666
ch1_rms ch2_rms ch2_kurt,0.3866928769652083
ch1_std ch2_rms ch2_kurt,0.38669287335784314
ch1_rms ch2_std ch2_kurt,0.38669286307628464
ch1_std ch2_std ch2_kurt,0.3866928594689198
ch1_mean weight exercise,0.38608644653284063
ch1_meanfreq angle_min weight,0.3860495243473354
ch1_skew ch1_peakfreq weight,-0.38591775985331817
ch1_rms ch2_peakfreq weight,0.3858078167783904
ch1_std ch2_peakfreq weight,0.38580781131171926
ch1_p2p angle_p2p angle_mean_abs_vel,-0.3857529923102962
ch1_p2p ch2_energy angle_min,0.3853683021351737
ch1_skew ch1_kurt exercise,0.3849974767640928
ch2_min ch2_kurt height,-0.3847494060124701
ch2_peakfreq hand_length exercise,-0.38468376263705595
ch1_mean ch2_kurt weight,0.384466810078292
ch1_p2p ch1_peakfreq set_type,-0.38441948566982664
ch1_rms ch1_zcr ch2_p2p,-0.3842118236122071
ch1_std ch1_zcr ch2_p2p,-0.3842118178981961
ch2_skew hand_length,-0.3841085577400456
ch2_kurt weight,-0.38399679412686744
ch1_zcr ch1_kurt ch2_energy,0.3838088569182306
ch1_zcr angle_p2p angle_mean_abs_vel,-0.3838079234758835
ch1_kurt ch1_meanfreq ch2_mean,0.3838070338137091
ch2_p2p ch2_skew angle_max,-0.3836789516501857
ch1_kurt ch2_energy hand_length,-0.38367793882307066
ch1_peakfreq ch2_rms,-0.3836497499882332
ch1_peakfreq ch2_std,-0.3836497229245386
ch2_p2p angle_min set_type,0.38333859253357716
ch2_min ch2_energy ch2_kurt,-0.3833380928294124
angle_std angle_min,-0.3831812417173615
ch2_skew angle_min angle_p2p,0.3829089004445842
ch1_mean ch1_rms ch2_std,0.382790602491673
ch1_mean ch1_rms ch2_rms,0.38279058160123
ch1_mean ch1_std ch2_std,0.3827905745985267
ch1_mean ch1_std ch2_rms,0.38279055370808307
ch1_mean angle_min angle_mean_abs_vel,0.38253798522541677
ch2_mean ch2_std,-0.3823736866790896
ch2_mean ch2_rms,-0.38237368623244583
ch1_kurt ch2_energy height,-0.38187842032687874
ch1_min ch2_mean ch2_kurt,-0.38162660205698706
ch1_p2p ch2_max ch2_skew,-0.3816221634055862
ch1_min ch1_meanfreq ch2_min,0.381594144501307
ch1_meanfreq ch2_kurt^2,-0.381039730018869
ch1_mean ch1_p2p weight,0.38070739049486896
ch1_energy ch2_mean angle_p2p,0.38054643542602423
ch2_max ch2_skew angle_p2p,0.3804903339293509
angle_p2p angle_mean_abs_vel angle_max_abs_vel,0.37992677423107246
ch1_max ch2_mean angle_mean,0.3798086282742964
ch1_skew^2 set_type,0.3796327882662316
ch1_skew ch2_energy weight,-0.37961680608017945
ch1_min age height,-0.37949301882658837
ch1_mean ch2_zcr^2,-0.37948915516317455
ch1_min ch2_kurt age,-0.37940699880127754
ch2_max angle_min set_type,0.3793612438033979
ch2_mean angle_min set_type,0.3792765015489842
ch1_meanfreq ch2_peakfreq weight,0.37926424958897176
ch1_mean angle_mean age,-0.37913413670653445
ch1_mean ch1_kurt^2,0.3790862091982034
ch2_std^2 angle_max,-0.3790604654030656
ch2_std ch2_rms angle_max,-0.37906045090077295
ch2_rms^2 angle_max,-0.37906043639847886
ch2_meanfreq hand_length exercise,0.3789043163637514
ch1_max angle_min weight,0.3788220196715476
ch1_p2p ch1_meanfreq exercise,0.37874786486573914
ch1_rms ch2_energy set_type,0.37864403493767734
ch1_std ch2_energy set_type,0.3786440220588321
ch1_mean ch2_energy ch2_skew,-0.3785646341081859
ch2_skew ch2_meanfreq^2,0.3784419227208488
ch1_meanfreq angle_max weight,0.3783665128312903
ch2_energy hand_length set_type,-0.37821840681006846
ch1_min hand_length set_type,-0.3780299413825472
ch2_min ch2_peakfreq angle_min,0.37784710462594895
ch1_energy ch2_mean ch2_skew,-0.3777872711187309
ch1_skew angle_mean hand_length,0.3777127552312495
ch2_kurt angle_p2p^2,0.3776064171478707
ch2_meanfreq angle_mean weight,-0.3774620735597683
ch1_rms ch1_skew angle_p2p,-0.3770301481805993
ch1_std ch1_skew angle_p2p,-0.3770301372933147
ch1_min^2 angle_max_abs_vel,0.3770158049733694
ch2_max ch2_min ch2_kurt,-0.3770092876356661
angle_std age,0.3769595479493375
ch1_mean angle_max age,-0.3768431270449804
ch1_p2p ch1_zcr ch1_skew,-0.3767757518327939
ch1_zcr ch2_zcr weight,-0.3767117294103369
ch1_std ch1_zcr weight,0.37660096287289857
ch1_rms ch1_zcr weight,0.3766009440352289
ch1_max ch1_peakfreq angle_max,-0.37630119715283217
ch1_zcr ch1_kurt ch2_min,-0.37625017869054755
ch1_max ch2_energy angle_min,0.3762303965445971
ch2_mean ch2_p2p^2,0.37590268404794214
ch1_kurt ch2_mean angle_mean_abs_vel,-0.37583367855344163
ch2_energy angle_min weight,-0.3752918103793168
ch1_zcr ch2_std exercise,0.37508014029498815
ch1_zcr ch2_rms exercise,0.37508012976839683
ch1_meanfreq ch2_kurt age,0.375040332669976
ch2_p2p ch2_peakfreq set_type,-0.3749209257401325
angle_mean^2 angle_min,0.3748192222164136
ch2_mean ch2_meanfreq ch2_peakfreq,-0.37473072075415603
ch1_kurt ch2_zcr ch2_skew,-0.3747237521013758
ch2_max ch2_kurt ch2_meanfreq,0.3746982079588312
ch2_mean ch2_meanfreq weight,-0.3746353215514435
angle_min angle_mean_abs_vel weight,0.3744975165643917
ch1_std ch1_energy ch2_mean,-0.37440518021568947
ch1_rms ch1_energy ch2_mean,-0.3744051796968979
ch1_min ch2_energy angle_min,-0.37432666892453925
ch1_p2p ch1_peakfreq weight,-0.3742894611394488
ch1_energy ch2_skew angle_p2p,-0.3742455560666933
ch2_peakfreq angle_std exercise,0.37391269202454525
ch1_peakfreq ch2_rms age,0.3736830257078646
ch1_peakfreq ch2_std age,0.37368301169901197
ch1_p2p^3,0.37362996864721776
ch1_mean ch2_std angle_mean_abs_vel,0.37337535466805266
ch1_mean ch2_rms angle_mean_abs_vel,0.3733753494146331
ch1_kurt^2 ch2_energy,0.37276791698918194
ch1_rms ch2_zcr angle_p2p,0.3724769343798842
ch1_std ch2_zcr angle_p2p,0.3724769144489922
ch1_kurt ch2_max,-0.3724718760384456
ch1_mean hand_length,-0.3722096000800642
ch1_skew ch2_skew ch2_peakfreq,-0.37206997287661125
ch2_kurt angle_p2p set_type,0.3718774327630013
ch1_mean ch1_energy ch2_std,0.3717287932021183
ch1_mean ch1_energy ch2_rms,0.3717287742736014
ch2_zcr ch2_peakfreq height,0.37141812694950527
ch1_skew ch2_rms angle_mean,-0.3713165470699551
ch1_skew ch2_std angle_mean,-0.37131653031579837
ch1_min ch2_rms ch2_zcr,-0.371218460032725
ch1_min ch2_std ch2_zcr,-0.3712184491368985
ch1_skew ch2_energy height,-0.37118540861749183
ch1_min ch2_max angle_mean,0.3709651403676866
ch1_mean ch1_energy weight,0.37059110132565976
ch1_p2p ch1_energy ch2_max,-0.37058839548571104
ch1_meanfreq angle_min angle_mean_abs_vel,0.37049078140740965
ch1_mean ch2_rms ch2_zcr,0.37014858717900156
ch1_mean ch2_std ch2_zcr,0.37014856114617245
ch1_kurt ch2_energy ch2_zcr,-0.37003124692025724
ch1_std ch2_mean angle_min,0.3699923556456954
ch1_rms ch2_mean angle_min,0.36999235088073507
ch1_mean ch2_p2p age,0.36994232941230754
ch2_energy ch2_meanfreq angle_max,0.3699305829577867
angle_std angle_max angle_p2p,0.369855366619791
ch2_p2p ch2_peakfreq angle_max,-0.36962071649473716
ch1_kurt ch2_peakfreq set_type,0.3695709832308481
ch1_min ch1_zcr ch2_peakfreq,-0.3694377378159169
ch1_meanfreq ch2_skew^2,-0.36908381594866657
ch1_rms ch1_p2p ch2_mean,-0.36899412722765923
ch1_std ch1_p2p ch2_mean,-0.36899412689735356
angle_mean angle_std height,-0.3689428758691208
ch2_energy weight exercise,0.36893438698634307
ch1_peakfreq angle_mean_abs_vel angle_max_abs_vel,-0.3689208846945188
ch1_zcr angle_std hand_length,-0.36885442993720374
ch2_min ch2_peakfreq exercise,-0.3688089920252716
ch1_energy ch2_peakfreq height,0.36879082294437615
ch1_zcr height exercise,0.368562915122645
ch2_min ch2_zcr angle_mean,0.36850840571471927
ch2_skew hand_length exercise,-0.36848662065380594
ch2_meanfreq^2 height,0.36825928205856473
ch1_zcr ch2_energy weight,0.3681570616896692
ch1_min ch1_meanfreq ch2_zcr,-0.3680825901961806
ch1_std ch1_max weight,-0.36805695427214175
ch1_max ch1_rms weight,-0.3680569347693866
ch1_p2p angle_std weight,-0.367765453523574
ch2_p2p ch2_meanfreq age,-0.36752151738133637
ch2_mean ch2_zcr ch2_kurt,-0.3674057488910192
ch1_min ch1_peakfreq ch2_max,-0.3673665007595208
ch1_meanfreq hand_length exercise,0.36718703504675737
ch1_max ch1_zcr ch1_kurt,-0.3671446429427113
ch1_min angle_mean angle_max_abs_vel,0.36712982542972583
ch1_zcr ch1_peakfreq ch2_energy,0.36706151782606317
ch2_p2p ch2_skew^2,0.3670213704681204
ch1_energy height exercise,0.3669829362346393
ch1_min angle_max angle_max_abs_vel,0.36697528329807666
ch2_std angle_min weight,-0.3667402888796063
ch2_rms angle_min weight,-0.3667402712274246
angle_mean angle_min set_type,-0.36666617622025727
ch2_meanfreq angle_mean_abs_vel angle_max_abs_vel,0.36659699446557353
ch1_meanfreq angle_max^2,0.3665927773362704
ch1_peakfreq ch2_kurt age,-0.36650596043281963
ch1_min angle_mean_abs_vel age,0.3664102485600438
ch1_mean ch1_kurt ch2_std,-0.36638056791994034
ch1_mean ch1_kurt ch2_rms,-0.36638056759669063
ch1_max angle_min angle_p2p,0.36625159525280915
ch2_energy ch2_kurt ch2_meanfreq,0.36622712155962495
ch1_min ch2_energy^2,-0.3659907116460593
ch1_skew ch2_max angle_p2p,-0.36595524433146776
ch1_mean ch2_rms^2,0.36563218234768513
ch1_mean ch2_std ch2_rms,0.3656321764976766
ch1_mean ch2_std^2,0.36563217064766773
ch2_max ch2_energy age,0.36559184713395365
ch2_max ch2_zcr ch2_kurt,0.3654784731652043
ch1_kurt ch2_mean ch2_min,-0.36542026259409044
ch1_rms ch2_kurt,-0.36539855023183343
ch1_std ch2_kurt,-0.365398536970013
ch1_p2p ch1_meanfreq angle_mean_abs_vel,0.36517015087879545
ch2_energy ch2_kurt angle_mean,0.3651632547750342
ch1_skew ch1_kurt ch2_meanfreq,-0.36506929572954333
angle_mean_abs_vel angle_max_abs_vel exercise,-0.36491484969345045
ch2_mean ch2_max ch2_min,-0.3647893728562315
ch1_energy ch2_min angle_p2p,-0.364754037453592
ch1_mean ch1_rms ch1_peakfreq,-0.3647328440931761
ch1_mean ch1_std ch1_peakfreq,-0.3647328340609403
ch2_mean angle_mean height,0.3646913801702878
ch2_mean ch2_zcr,0.3644879079681357
ch1_kurt ch2_mean ch2_zcr,0.36444521707358407
ch1_p2p age exercise,-0.3644004517358979
ch1_std ch1_zcr ch2_max,-0.36439529448627656
ch1_rms ch1_zcr ch2_max,-0.3643952934592061
ch2_max weight set_type,-0.3643566424236677
ch1_skew ch2_rms angle_mean_abs_vel,-0.36425645756378405
ch1_skew ch2_std angle_mean_abs_vel,-0.36425645432121867
ch2_p2p ch2_skew ch2_meanfreq,-0.3641754406608318
ch2_mean ch2_meanfreq angle_mean,-0.364124564049692
ch1_min ch2_energy exercise,0.3640609056733851
ch1_max ch2_energy angle_max,0.3640177023378423
ch2_meanfreq angle_std height,-0.36395960217441026
ch1_std ch2_skew set_type,-0.3636125815681226
ch1_rms ch2_skew set_type,-0.36361256801386027
ch1_min ch1_kurt ch2_peakfreq,-0.36353224153011354
ch1_meanfreq ch2_min height,-0.363354230129871
ch2_p2p angle_std age,0.3632224957432586
ch2_zcr angle_mean_abs_vel angle_max_abs_vel,0.3631930186968907
ch2_mean ch2_skew exercise,0.36306614168981266
angle_mean exercise,0.36300611624326795
ch1_kurt ch2_p2p ch2_energy,-0.36284204114317636
ch1_meanfreq weight exercise,-0.3627796428037163
ch1_kurt ch2_rms height,-0.3627403501734844
ch1_kurt ch2_std height,-0.36274033847233833
ch1_p2p ch1_kurt exercise,0.3626348411248225
angle_std height exercise,0.3626248934036187
ch1_min ch2_max angle_max,0.3625026030212182
ch2_meanfreq angle_mean_abs_vel weight,0.36235754559049027
ch1_mean ch2_zcr angle_mean,-0.36230392018563184
ch1_p2p ch1_peakfreq angle_max,-0.3621643687664561
ch1_rms ch1_zcr ch2_min,0.3621485102665176
ch1_std ch1_zcr ch2_min,0.3621484992590371
ch1_mean ch1_zcr angle_p2p,-0.3621342719436744
ch1_max ch2_mean ch2_skew,-0.36190137597664196
ch1_peakfreq ch2_peakfreq angle_max_abs_vel,0.3618520341052568
ch2_skew angle_mean angle_p2p,0.36128786254436124
ch2_min ch2_meanfreq angle_std,0.3611520785067366
ch1_max ch1_energy weight,-0.3610084874061436
ch1_mean ch1_p2p ch1_kurt,-0.36099855029873756
ch2_zcr ch2_skew ch2_meanfreq,0.3608583008881532
ch2_mean ch2_min ch2_p2p,-0.3608349941290795
ch1_energy ch1_zcr ch2_rms,-0.3606334873132527
ch1_energy ch1_zcr ch2_std,-0.36063348100336295
ch1_kurt ch1_meanfreq exercise,-0.3604152429068384
ch1_skew ch2_p2p angle_p2p,-0.36040690756654464
ch2_p2p ch2_kurt^2,-0.36037591842098965
ch1_mean ch1_rms ch1_meanfreq,-0.3602617820589332
ch1_mean ch1_std ch1_meanfreq,-0.3602617597508921
ch1_skew ch1_kurt angle_std,0.35993680291237623
angle_mean_abs_vel height set_type,-0.3599007045697287
ch2_kurt ch2_peakfreq set_type,0.35986021127026424
ch1_std ch2_mean ch2_kurt,0.3597847433566339
ch1_rms ch2_mean ch2_kurt,0.3597847427601636
ch2_std age weight,0.35973350301350243
ch2_rms age weight,0.3597334982420736
ch1_max ch2_rms angle_p2p,-0.3596698940330822
ch1_max ch2_std angle_p2p,-0.3596698816901795
ch1_kurt ch2_std ch2_peakfreq,-0.35961599189104587
ch1_kurt ch2_rms ch2_peakfreq,-0.3596159714294696
ch2_meanfreq age height,-0.35956959912323216
ch1_max ch2_std ch2_p2p,-0.3593632745901722
ch1_max ch2_rms ch2_p2p,-0.3593632602389059
ch1_zcr ch2_p2p weight,0.35888557791746767
ch1_max exercise,0.3588010260919358
ch1_max ch1_peakfreq ch2_meanfreq,-0.3585078993831363
ch1_std ch1_meanfreq ch2_mean,-0.3584728538363114
ch1_rms ch1_meanfreq ch2_mean,-0.35847284806871255
ch1_p2p ch1_energy ch2_kurt,0.35824808806241415
ch2_mean ch2_skew^2,-0.3580928596508933
ch1_min ch1_peakfreq hand_length,0.3580044108393011
ch2_skew angle_min,0.3579890644808897
ch1_skew ch2_mean ch2_p2p,-0.3576130057380227
ch1_meanfreq ch1_peakfreq ch2_meanfreq,0.35752882950979925
ch1_max ch2_zcr ch2_skew,-0.35749823858799645
ch1_max ch2_min ch2_kurt,0.35740054417333855
ch2_kurt angle_min exercise,-0.3572164077169559
ch1_std ch1_kurt age,0.35706575694832354
ch1_rms ch1_kurt age,0.35706574224155374
ch1_mean ch1_min ch1_p2p,0.3570080633342081
ch2_skew ch2_kurt,-0.35681637858596554
ch2_skew^2 angle_max_abs_vel,-0.356714073326417
ch1_min ch1_skew height,-0.35666551951813413
ch1_kurt ch2_max ch2_energy,-0.35609305559288607
ch1_p2p ch1_kurt ch2_energy,-0.3560186136626313
ch2_energy angle_std,0.3560137772463187
ch1_energy ch1_kurt ch2_p2p,-0.3559286933077271
ch1_energy angle_p2p height,-0.35591175434426836
ch1_max ch1_energy angle_mean_abs_vel,0.3557985877313432
ch1_zcr ch2_skew set_type,0.3556381032469186
ch1_energy ch1_zcr angle_mean_abs_vel,0.35562293110752263
ch2_meanfreq hand_length set_type,-0.35505977802843325
ch2_min ch2_energy ch2_zcr,0.3548670613381363
angle_min angle_mean_abs_vel angle_max_abs_vel,0.3548275864826798
angle_mean angle_p2p hand_length,0.354820415345911
ch2_rms weight set_type,0.35472749655571484
ch2_std weight set_type,0.3547274710355224
ch1_energy ch1_meanfreq set_type,-0.35455717279127463
ch1_std ch2_meanfreq angle_max_abs_vel,-0.35447261160730853
ch1_rms ch2_meanfreq angle_max_abs_vel,-0.35447260955176485
ch2_max exercise set_type,-0.35446038856554973
ch1_mean ch1_energy angle_std,-0.35433896199424136
ch1_energy ch1_zcr ch2_energy,-0.35420063472488406
ch2_p2p angle_max angle_p2p,-0.3540428199396032
ch2_max angle_mean set_type,0.3540423075561255
ch2_p2p ch2_peakfreq angle_min,-0.35386617922936714
ch1_p2p ch2_max angle_p2p,-0.3537436025215276
angle_min^2,-0.35373759365236135
ch2_meanfreq^2 hand_length,-0.3536940937964114
ch2_energy ch2_meanfreq angle_p2p,-0.3532902753211701
ch2_zcr ch2_peakfreq hand_length,0.3532103273708494
ch1_energy angle_min height,-0.3528025172251958
ch1_meanfreq ch2_kurt ch2_meanfreq,-0.3527367514367507
angle_std angle_min exercise,0.35237926075820547
ch1_rms ch1_peakfreq ch2_meanfreq,-0.3520219118815622
ch1_std ch1_peakfreq ch2_meanfreq,-0.3520219046047337
ch2_zcr^2 angle_mean_abs_vel,-0.35195843970507346
angle_min age,0.35186581028805763
ch1_peakfreq^2 height,0.3517302370296871
ch1_p2p angle_p2p,0.35170931684737944
ch1_mean ch1_zcr weight,0.3516377375268479
ch1_p2p ch2_skew angle_mean,-0.35157521759516086
ch1_energy ch2_mean set_type,-0.35133155027289353
ch1_skew ch1_kurt ch2_p2p,-0.3512067439079465
ch1_p2p ch2_rms ch2_energy,0.35120236795832305
ch1_p2p ch2_std ch2_energy,0.3512023598456646
ch2_mean ch2_zcr ch2_peakfreq,-0.351193361777887
ch1_min ch2_max hand_length,0.35114073243500965
ch1_skew ch1_peakfreq ch2_min,-0.3510417923970329
angle_mean exercise set_type,0.3506772868255823
angle_mean_abs_vel^2 hand_length,-0.3503246126716697
ch2_zcr ch2_meanfreq weight,-0.3498818239071423
angle_std^2 hand_length,0.34979098917072315
ch1_kurt angle_min age,0.3496635713176524
ch1_mean ch2_peakfreq height,-0.34965014312498
ch1_p2p ch2_mean angle_max,0.34961122476339435
ch2_min ch2_p2p angle_mean,0.34960703402576765
ch1_min ch1_rms ch2_zcr,0.34954931430079705
ch1_std ch1_min ch2_zcr,0.3495493019561443
ch1_zcr ch2_kurt angle_mean_abs_vel,0.3492130860709797
ch1_mean ch2_peakfreq angle_max,0.3490948144440244
ch2_mean ch2_max ch2_p2p,0.34903988421048376
ch1_kurt ch2_std,0.34895901494026327
ch1_kurt ch2_rms,0.3489590045831461
ch2_p2p age,-0.3488496156256241
ch2_mean ch2_peakfreq angle_p2p,0.34881750470226464
ch2_p2p^2 exercise,0.34881687312654275
ch1_kurt ch2_energy ch2_peakfreq,-0.3487089755320501
ch2_mean angle_mean set_type,0.34839587308506825
ch1_max ch1_meanfreq angle_max,-0.3483127691435116
ch1_peakfreq ch2_min angle_p2p,0.34815286561097236
ch2_p2p^2 angle_min,-0.3478512843271166
ch1_p2p ch2_max angle_mean,-0.3478362453436793
ch1_zcr ch1_kurt angle_std,-0.3478229542384723
ch1_mean ch1_skew ch2_energy,-0.34771429020010614
angle_max age weight,0.34762211430043377
ch2_min angle_min set_type,-0.3475520453865274
ch1_min angle_std,-0.3474943801673365
ch1_zcr angle_mean height,-0.34728060277000294
ch1_kurt ch2_peakfreq angle_p2p,-0.3470921060484574
ch1_skew ch2_meanfreq ch2_peakfreq,0.34696417692153303
ch1_std ch1_min ch2_kurt,-0.346696651680385
ch1_min ch1_rms ch2_kurt,-0.34669664691225277
ch1_max ch2_zcr set_type,-0.34662031740901755
ch1_min ch1_peakfreq ch2_mean,0.34648929923309796
ch1_skew angle_max weight,0.3462330514116897
age weight^2,-0.3462317760737608
ch2_meanfreq^2 angle_mean_abs_vel,-0.34594100634203007
ch2_energy ch2_zcr ch2_kurt,0.3459024992314292
ch2_peakfreq age exercise,-0.34588066619253316
ch2_peakfreq angle_std,-0.3457534062299673
ch1_skew ch1_kurt ch2_energy,0.34568231492951884
ch1_zcr ch2_p2p angle_mean_abs_vel,0.34562743274271146
ch2_max age^2,0.3455716153566083
ch1_mean angle_min age,-0.34557115401177874
ch1_mean angle_std angle_mean_abs_vel,-0.3450430744427712
ch1_peakfreq ch2_min^2,-0.344982220207502
ch2_energy ch2_zcr angle_min,0.3446471618671875
ch2_energy ch2_kurt angle_min,0.34463715257258554
ch2_kurt ch2_meanfreq angle_mean,0.34453322355790506
ch1_meanfreq ch2_max weight,0.3444574549812849
ch1_kurt ch2_max set_type,0.344334959817444
ch1_min ch1_zcr ch2_max,-0.3439693795904306
ch1_p2p ch2_zcr hand_length,0.34384634709908124
ch1_mean ch1_rms ch1_zcr,-0.34378879547046737
ch1_mean ch1_std ch1_zcr,-0.34378876003643566
ch1_p2p ch1_meanfreq ch2_peakfreq,0.3436989980297266
ch1_kurt angle_max_abs_vel hand_length,-0.3436396983755183
ch1_meanfreq ch2_peakfreq angle_max,0.3435745796009002
ch2_skew ch2_meanfreq,-0.34353362370623713
ch1_max ch1_peakfreq age,0.3431876187988593
ch2_max ch2_kurt weight,0.34309402225356095
ch1_min ch1_meanfreq ch2_skew,-0.3429713007736155
ch1_p2p angle_min angle_p2p,-0.3429124904261262
ch1_min ch1_meanfreq ch2_peakfreq,-0.3428891812497232
ch2_max angle_mean_abs_vel weight,0.34275603758397666
ch1_peakfreq angle_mean weight,0.34254768908924965
ch2_p2p exercise set_type,-0.34216172459978966
ch2_energy angle_mean weight,-0.34213572936861647
ch1_p2p ch2_min age,-0.34201923334394563
ch1_p2p ch1_meanfreq ch2_skew,0.34193402393964917
ch2_mean ch2_min ch2_kurt,0.3419100086893353
ch1_skew ch2_meanfreq angle_mean,-0.34182715691925714
ch2_min angle_mean_abs_vel,0.34182300614223915
ch1_p2p angle_mean_abs_vel hand_length,-0.3415996122332617
ch2_skew angle_std height,0.34156584482342167
ch2_mean^2 hand_length,-0.34147095577525743
ch1_skew height exercise,-0.34128494480314553
ch1_p2p ch2_rms ch2_zcr,0.34120794663498655
ch1_p2p ch2_std ch2_zcr,0.3412079325219759
ch2_min angle_min angle_mean_abs_vel,0.3411054048742762
ch1_kurt^2 ch2_zcr,0.3409031827212631
ch2_min angle_max set_type,-0.3406256197241573
ch1_mean^2 ch1_max,0.34058352175711515
ch2_p2p angle_mean angle_max,0.3405380723914732
ch1_mean ch2_kurt^2,-0.3405286783553797
ch2_peakfreq angle_mean^2,0.34051982724918645
ch2_energy ch2_skew^2,-0.34038463589803497
ch1_energy angle_min weight,-0.34023988285992735
ch1_max angle_mean age,0.34015077612730615
ch1_std ch1_min ch2_energy,-0.34013949755870915
ch1_min ch1_rms ch2_energy,-0.34013948491969376
ch1_skew ch2_zcr exercise,0.3396107455824777
ch1_min angle_min angle_max_abs_vel,0.3395951191902875
ch2_zcr angle_max_abs_vel height,0.339524422398812
angle_std angle_min^2,-0.3395180663863535
ch1_meanfreq ch2_max ch2_kurt,-0.33932915217480153
angle_mean angle_max set_type,-0.33930020733797994
ch1_kurt angle_max angle_mean_abs_vel,0.3392285255852423
ch1_skew ch1_meanfreq ch2_skew,-0.3391920787628009
ch1_mean ch2_rms ch2_energy,0.33915683214539905
ch1_mean ch2_std ch2_energy,0.3391568227366546
ch1_zcr angle_max height,-0.33913295534240495
ch1_energy ch2_mean ch2_p2p,0.3390746122349479
ch1_skew ch2_zcr ch2_peakfreq,0.33901161036389593
ch1_min ch1_p2p ch2_min,0.33896113926037863
ch2_rms hand_length exercise,-0.3389261641443563
ch2_std hand_length exercise,-0.3389261183668585
ch1_max angle_mean_abs_vel angle_max_abs_vel,-0.3389171533117633
ch1_zcr ch2_min ch2_peakfreq,-0.33872758833001365
ch1_zcr angle_max set_type,0.3384829395852121
ch1_meanfreq angle_max_abs_vel hand_length,-0.33838859712923497
ch1_skew ch2_energy ch2_kurt,-0.3382429182313378
ch1_zcr ch2_min set_type,-0.33788529130551165
ch2_zcr angle_std^2,0.3378507734774088
ch2_mean angle_std angle_max_abs_vel,0.33778607065558913
ch2_p2p ch2_peakfreq exercise,0.33776176980410105
ch1_mean^2 angle_mean_abs_vel,0.3377445548230568
ch1_mean ch1_max ch2_energy,0.33734266858635653
ch2_min angle_min exercise,-0.336861198891367
angle_std angle_max set_type,0.3366982860160796
ch2_min ch2_peakfreq angle_p2p,0.33652150205441855
ch1_peakfreq ch2_max exercise,0.3364667631407194
ch1_peakfreq angle_max_abs_vel hand_length,-0.33643234044482995
ch1_max ch1_min age,0.33636355138761764
ch1_skew ch2_rms age,-0.33633823064617097
ch1_skew ch2_std age,-0.3363382166644615
ch1_max angle_p2p height,-0.3361547837822263
ch1_meanfreq age set_type,0.336122789934108
ch1_zcr angle_p2p set_type,0.33603676349713263
ch2_zcr ch2_skew age,0.335880359850755
angle_mean weight exercise,0.3358535290737411
ch2_rms ch2_p2p ch2_energy,0.3357949681469302
ch2_std ch2_p2p ch2_energy,0.3357949612203552
ch1_energy height^2,0.33560704577976974
ch2_std angle_mean weight,-0.33554693156965665
ch2_rms angle_mean weight,-0.3355469102433111
ch1_zcr ch1_meanfreq ch2_p2p,0.3353673375440235
ch1_min weight,-0.3353270402564529
ch2_mean ch2_std ch2_zcr,0.3352479268652433
ch2_mean ch2_rms ch2_zcr,0.3352479266368613
ch1_max ch2_max weight,0.33516079303317586
ch1_skew ch2_max ch2_kurt,-0.33494714655188645
ch1_max ch2_std set_type,-0.334833002518721
ch1_max ch2_rms set_type,-0.334832991460457
angle_p2p weight^2,-0.3346229956723396
ch1_peakfreq ch2_min ch2_p2p,0.334434264786981
ch1_max ch1_zcr angle_max,0.33442040157137265
ch1_min angle_max_abs_vel exercise,-0.33427979475858216
angle_min angle_max^2,-0.33403419334845746
ch1_mean ch2_mean ch2_rms,-0.3340119556475434
ch1_mean ch2_mean ch2_std,-0.33401187823103684
ch2_kurt angle_max exercise,-0.33363871179776866
ch2_zcr ch2_skew angle_mean_abs_vel,0.33337184522467067
ch1_peakfreq ch2_min height,-0.3331908482104643
ch2_meanfreq angle_p2p height,0.33298585814030596
ch2_kurt angle_mean hand_length,-0.33296026127326317
ch1_skew ch1_kurt set_type,-0.33278223099953247
ch1_meanfreq ch1_peakfreq ch2_min,-0.33269420482298323
angle_max_abs_vel height^2,0.33263222420002225
ch2_skew angle_min weight,0.3326032085885925
angle_min angle_p2p height,0.3321547666560569
ch1_p2p ch1_kurt angle_min,-0.3321242345103818
ch1_mean ch2_rms ch2_peakfreq,0.33189601720342027
ch1_mean ch2_std ch2_peakfreq,0.33189599652859003
angle_std angle_min hand_length,0.33182050595502965
ch1_max ch2_max age,0.3317318437203955
ch2_energy ch2_skew ch2_meanfreq,-0.33170722423097665
ch1_max ch1_zcr ch2_std,0.3315893781484185
ch1_max ch1_zcr ch2_rms,0.3315893588470012
ch1_kurt ch2_min ch2_energy,0.3315714250494335
ch2_max ch2_min ch2_energy,-0.33120593969678774
ch1_min ch1_energy weight,-0.33106852035275547
ch2_p2p^2 ch2_kurt,0.33105754562940043
angle_mean angle_max weight,-0.3309741085012796
ch2_peakfreq angle_std weight,-0.3309515156830377
ch1_meanfreq ch2_min age,0.3306867421825329
ch1_zcr ch2_mean angle_std,-0.33031131851568774
ch1_min ch2_max ch2_skew,0.3301859904663084
ch1_min ch2_mean set_type,0.3301271526969416
angle_p2p height exercise,-0.3299081688005036
ch1_min ch1_peakfreq angle_max,0.32981593743072113
ch1_p2p ch1_kurt ch2_peakfreq,0.3298109284296573
ch2_std weight exercise,0.3295243043476937
ch2_rms weight exercise,0.32952428388000266
ch1_min ch1_kurt angle_min,0.3292826627290734
ch1_mean ch1_meanfreq exercise,-0.3292667091957929
ch2_meanfreq ch2_peakfreq angle_std,-0.32925464649110553
ch1_min ch1_p2p ch1_peakfreq,-0.32898461793703504
ch1_std ch2_min set_type,0.32897276909425305
ch1_rms ch2_min set_type,0.32897275210714433
ch1_rms ch1_kurt angle_p2p,-0.32896309244784905
ch1_std ch1_kurt angle_p2p,-0.32896307172833655
ch1_mean ch1_peakfreq ch2_kurt,0.3289073804257846
angle_std weight set_type,0.32889601881670805
ch2_p2p angle_mean set_type,0.32884505748993914
ch2_zcr ch2_kurt age,-0.3286683025433934
ch1_meanfreq ch2_skew weight,-0.328482761908879
ch1_mean ch1_skew exercise,-0.3284295345020112
ch2_max ch2_min ch2_meanfreq,0.3283169891801231
ch1_std ch1_min weight,-0.32817286189422956
ch1_min ch1_rms weight,-0.32817285717490396
ch1_kurt ch1_meanfreq angle_max,0.32809343145621056
ch1_p2p ch1_meanfreq ch2_mean,-0.32793587838597976
ch2_meanfreq angle_mean,-0.3278742418972163
ch2_min angle_std angle_max,0.3277017028314531
ch1_peakfreq ch2_max angle_min,-0.3276679604320658
ch1_mean ch1_kurt angle_p2p,-0.32764988318818394
ch1_p2p angle_mean weight,-0.3275862461609582
ch2_kurt^2 angle_std,-0.32752218131587996
ch1_mean angle_min set_type,-0.32745936503670026
ch1_std ch1_zcr angle_mean_abs_vel,0.3274189226392767
ch1_rms ch1_zcr angle_mean_abs_vel,0.32741891434728954
ch2_rms ch2_meanfreq hand_length,0.3273567260029944
ch2_std ch2_meanfreq hand_length,0.32735667998812107
ch2_std ch2_peakfreq angle_std,-0.3273110525826052
ch2_rms ch2_peakfreq angle_std,-0.3273110444100769
ch2_energy ch2_zcr exercise,-0.3271621073077931
ch1_min ch1_peakfreq angle_min,0.3268546695700507
ch1_min ch1_meanfreq ch2_energy,-0.32661619679669573
ch1_max ch1_meanfreq ch2_meanfreq,-0.32647596640265286
ch2_skew angle_mean_abs_vel,-0.32637926813475493
ch1_min ch2_energy angle_mean_abs_vel,-0.3262981199459909
ch1_max ch1_meanfreq ch2_peakfreq,0.3262015677645558
ch2_energy angle_p2p exercise,0.3261001307028907
ch2_zcr ch2_kurt hand_length,0.3258770766435788
ch2_p2p ch2_meanfreq set_type,0.3256022155432132
ch2_max ch2_meanfreq ch2_peakfreq,-0.3255477046751958
ch1_meanfreq ch2_max ch2_skew,0.3251479082455643
ch1_energy ch1_kurt ch2_mean,0.32513288710445276
ch2_min angle_p2p^2,0.32490002106785487
ch2_peakfreq angle_mean_abs_vel height,0.32488197048497736
ch1_rms ch2_rms angle_std,-0.32485626886356556
ch1_std ch2_rms angle_std,-0.32485626674215545
ch1_rms ch2_std angle_std,-0.3248562456178531
ch1_std ch2_std angle_std,-0.32485624349644265
ch1_meanfreq ch1_peakfreq ch2_zcr,0.3248007074506528
ch1_max ch1_peakfreq height,-0.3247240309014922
angle_max angle_max_abs_vel height,0.32459222978880886
angle_std angle_max exercise,0.3243859824793109
ch1_p2p ch1_peakfreq angle_std,-0.32436241980303454
ch2_energy ch2_kurt exercise,-0.32425096054050284
ch1_p2p ch1_energy ch2_energy,-0.3241211811942829
ch1_energy weight exercise,0.32405803650424475
ch1_energy ch2_max height,0.3238316788172256
ch1_zcr ch2_std^2,0.32364474178555536
ch1_zcr ch2_std ch2_rms,0.3236447270372122
ch1_zcr ch2_rms^2,0.32364471228886804
ch2_meanfreq angle_p2p hand_length,-0.3231262999571303
ch1_p2p ch1_zcr ch2_zcr,0.3231153393639512
ch2_skew angle_p2p,0.3230793227879173
ch1_peakfreq ch2_p2p^2,-0.3230128838416113
ch2_min ch2_p2p angle_std,0.32298548059569177
ch1_energy ch1_peakfreq ch2_max,0.3229266916362039
ch1_max ch2_std,0.3227280090801482
ch1_max ch2_rms,0.32272800724750805
ch1_kurt ch2_skew angle_max_abs_vel,0.32272104854469436
ch1_mean set_type^2,-0.32271606563217153
ch1_mean exercise^2,-0.32271606563217153
ch1_mean,-0.32271606563215016
ch1_energy ch1_meanfreq ch2_peakfreq,-0.32268450014617667
ch1_max ch1_meanfreq ch2_skew,0.3226203621749008
ch2_skew age exercise,0.322598742772063
ch1_peakfreq angle_min age,-0.3224133754404228
ch1_energy ch2_std angle_p2p,0.32225938149434186
ch1_energy ch2_rms angle_p2p,0.32225936829921387
ch1_skew angle_std age,-0.3222111347287242
ch2_min ch2_rms ch2_energy,-0.3221505587396668
ch2_std ch2_min ch2_energy,-0.3221505498616435
ch1_rms angle_max set_type,0.3220296011848604
ch1_std angle_max set_type,0.3220295992767502
ch1_mean ch2_peakfreq angle_max_abs_vel,-0.32193321996532076
ch2_rms angle_mean hand_length,0.3219076772847908
ch2_std angle_mean hand_length,0.3219076302756103
ch1_min ch1_rms ch1_kurt,-0.32188226755631594
ch1_std ch1_min ch1_kurt,-0.32188226018939714
angle_std,-0.3218289519261202
angle_std exercise^2,-0.3218289519261072
angle_std set_type^2,-0.3218289519261072
ch1_skew ch1_peakfreq ch2_p2p,0.32175439215212004
ch1_std^2 ch2_min,-0.3217498709935295
ch1_std ch1_rms ch2_min,-0.32174986279716206
ch1_rms^2 ch2_min,-0.3217498546007955
ch1_p2p ch2_max angle_std,0.32170308799417763
ch2_skew height,0.32165267324640434
ch1_skew ch2_meanfreq,-0.3214004152806503
ch1_min ch1_p2p angle_max_abs_vel,-0.32119109131430534
ch1_rms angle_max angle_p2p,0.32115736990233457
ch1_std angle_max angle_p2p,0.3211573502972931
ch1_max ch2_p2p ch2_kurt,-0.3211448216455901
ch1_p2p ch2_peakfreq angle_p2p,-0.32111163893358946
angle_mean angle_min angle_p2p,0.32098865055627757
ch2_zcr angle_std height,-0.3209802485175121
ch1_zcr ch1_meanfreq set_type,-0.3205102922987718
ch2_min age weight,-0.32050146496988535
ch2_mean ch2_min^2,0.3204359712084265
ch1_mean ch2_min height,-0.3204324055094392
ch1_std angle_max height,-0.3203656857960494
ch1_rms angle_max height,-0.32036565351387886
ch1_max angle_max_abs_vel age,0.32027635652431385
ch1_min ch2_peakfreq age,0.3202746082844089
ch1_min ch1_kurt ch2_min,0.32022805126124765
ch1_mean angle_p2p height,-0.32006357440860334
ch1_skew ch2_max angle_mean_abs_vel,-0.31983788726203577
ch2_energy ch2_zcr ch2_skew,0.3197623878202298
ch2_p2p angle_mean angle_p2p,-0.319735012836688
ch1_energy ch2_max angle_mean_abs_vel,-0.31965569312158176
ch1_min ch1_kurt ch2_zcr,-0.3191733041347744
ch1_energy ch2_max ch2_kurt,0.31911438732523134
ch1_zcr ch2_p2p angle_p2p,0.31887343745189767
ch1_min ch2_peakfreq height,0.3188571483587452
ch1_zcr angle_min height,-0.31880741335252727
ch1_skew ch2_min angle_p2p,0.3186617011103633
ch1_peakfreq ch2_zcr,0.3182082896984204
ch2_max ch2_meanfreq set_type,0.31820596474578633
ch1_mean angle_p2p age,-0.3176643976988578
ch1_max ch1_kurt angle_min,-0.3173456475064972
ch1_p2p angle_mean_abs_vel angle_max_abs_vel,-0.31731507374645496
ch1_std ch1_energy angle_mean,0.31721901650022355
ch1_rms ch1_energy angle_mean,0.31721899559396016
ch1_mean ch1_meanfreq angle_max,0.3167647702955506
ch2_std angle_std set_type,-0.3166611016752185
ch2_rms angle_std set_type,-0.316661098945291
ch2_min ch2_kurt ch2_meanfreq,0.31644070383807416
angle_max exercise,0.3163612530469326
ch1_skew^2 ch2_energy,0.3161256536849973
angle_max^2 angle_p2p,0.31610164455031253
ch1_p2p ch2_meanfreq height,-0.31589057777086194
ch1_skew ch2_p2p ch2_kurt,-0.3157082569747519
ch2_min angle_std angle_p2p,-0.3156196647720798
ch1_kurt ch2_skew ch2_kurt,-0.3155563593990703
ch2_max ch2_min ch2_zcr,0.31548809519381954
ch1_peakfreq ch2_zcr ch2_kurt,-0.3153987119191488
ch1_energy ch2_zcr angle_max_abs_vel,-0.315210855694819
ch1_kurt ch2_mean set_type,0.3151033827616546
ch2_min hand_length exercise,-0.3150853295064979
ch1_energy ch2_mean angle_std,0.31498013782275947
ch2_rms angle_max set_type,0.31497046555989944
ch2_std angle_max set_type,0.31497044389604306
ch1_min ch2_meanfreq angle_max_abs_vel,0.31496082379476387
ch2_min ch2_peakfreq set_type,0.3149567835424545
ch1_zcr ch2_mean ch2_meanfreq,-0.3149191772566095
angle_max^2 exercise,0.31482053861939174
ch1_mean angle_mean set_type,-0.31469711901270464
ch1_meanfreq ch2_max ch2_meanfreq,-0.3145715694564264
ch1_kurt weight exercise,-0.31451552519809
ch1_meanfreq ch2_mean^2,-0.3143938164578983
ch2_meanfreq angle_std hand_length,0.3142233308095823
ch1_p2p ch1_zcr angle_min,-0.3141418082803658
ch2_meanfreq angle_mean_abs_vel age,0.31407967928423725
ch2_p2p ch2_peakfreq weight,0.31379442695270565
ch1_max ch2_std ch2_kurt,-0.31370153071366336
ch1_max ch2_rms ch2_kurt,-0.31370150622722115
angle_mean angle_max_abs_vel height,0.3136583272673458
ch1_zcr ch2_kurt hand_length,-0.3136064552506663
ch2_max ch2_min angle_max,0.31346024012369944
ch1_meanfreq ch1_peakfreq angle_max_abs_vel,0.3134403156177338
ch2_meanfreq angle_min weight,-0.3132605978743221
ch1_max ch1_kurt ch2_meanfreq,-0.31273251383184886
ch1_energy ch2_skew angle_max_abs_vel,-0.31255511663414237
ch2_min ch2_kurt,-0.3121164765719816
ch2_max ch2_rms ch2_energy,0.31200980226878416
ch2_std ch2_max ch2_energy,0.3120097983933337
ch2_meanfreq^2 angle_mean,-0.31189248339400355
ch1_mean angle_std age,0.3115521534409819
ch1_mean age^2,-0.3115093771666097
ch1_max angle_std age,0.31138298593605696
ch1_max ch1_skew ch1_peakfreq,0.31134201720175103
ch2_max ch2_min ch2_rms,-0.3112515679643643
ch2_std ch2_max ch2_min,-0.31125155980568997
ch2_p2p hand_length,-0.31120822228215583
ch1_p2p ch2_min angle_mean_abs_vel,0.3112067629000768
ch2_meanfreq^2 angle_std,-0.31119905906814804
ch1_mean ch1_max angle_max_abs_vel,0.31114912092736974
ch1_mean ch2_max set_type,-0.31106177084844144
ch1_p2p ch2_energy angle_std,-0.3108012427753165
ch1_max ch2_kurt ch2_meanfreq,0.3106561493915662
ch1_mean ch1_kurt hand_length,0.3105721048656734
ch1_kurt ch1_peakfreq angle_mean,-0.3105294521990756
ch1_zcr ch2_p2p ch2_zcr,-0.3103429700507856
ch1_rms ch1_peakfreq ch2_zcr,-0.3102606458892827
ch1_std ch1_peakfreq ch2_zcr,-0.3102606330270843
ch1_skew ch2_rms angle_min,-0.31024659886386396
ch1_skew ch2_std angle_min,-0.310246592786652
angle_mean_abs_vel weight set_type,-0.31009658283818864
ch2_p2p age hand_length,-0.30994555980030286
ch2_mean ch2_skew angle_min,-0.30988412681256605
angle_std age height,0.3096829868145491
ch1_energy angle_max_abs_vel hand_length,0.3096633498340253
angle_std^2,-0.3096517290423558
ch1_p2p ch2_zcr ch2_skew,-0.30939761200415244
ch1_peakfreq angle_std age,-0.3087140038263484
ch1_min ch1_zcr angle_max_abs_vel,-0.3086914187328628
ch2_p2p ch2_zcr angle_p2p,-0.3081116719610442
ch2_p2p age exercise,0.30795290688925503
ch1_p2p ch2_energy angle_mean_abs_vel,0.30777232725116327
ch2_zcr angle_min angle_p2p,0.3074794688874747
ch1_zcr ch1_skew set_type,-0.3074575956242569
ch1_peakfreq ch2_min ch2_energy,-0.30745034470926763
ch1_p2p ch2_energy angle_max,0.30731956954159356
ch1_energy ch1_peakfreq angle_max_abs_vel,0.30731364532540495
ch1_mean ch1_kurt set_type,0.30709558001076415
ch1_energy ch1_skew height,0.3069958948909784
ch2_min ch2_zcr height,0.30691800719757034
ch1_max ch1_meanfreq angle_max_abs_vel,0.3068159699106811
ch1_skew ch2_min exercise,-0.30674866563102643
ch1_mean angle_min height,0.3067104689177638
ch2_mean ch2_meanfreq age,0.30670802301107375
ch2_rms angle_p2p age,0.306667642540394
ch2_std angle_p2p age,0.30666761515044905
ch1_zcr set_type,0.3066378230209212
ch1_max ch1_zcr ch1_meanfreq,-0.3064583390931495
ch1_max ch1_kurt height,-0.3062754646315416
ch1_p2p ch2_kurt weight,-0.30617348322054194
angle_min angle_max weight,-0.30609211360827593
ch2_p2p age weight,0.30591680064318916
ch1_skew ch2_energy hand_length,-0.30575669656308657
ch2_min angle_p2p age,-0.30565804145775444
ch2_energy angle_mean_abs_vel height,0.3055624553889146
ch1_meanfreq ch2_meanfreq age,-0.3055360744646075
ch1_meanfreq ch2_energy,0.30553004317923194
ch2_max ch2_zcr angle_min,0.30539938385108556
ch1_max ch2_max angle_mean,-0.3053591155696876
ch2_p2p ch2_kurt,0.3053368658805562
ch1_p2p exercise,-0.30528409103156046
ch1_max ch1_meanfreq angle_p2p,0.30517628285315224
ch1_max ch2_kurt angle_mean_abs_vel,-0.3051074368517289
ch1_mean ch1_meanfreq angle_min,0.30508983138896084
angle_mean angle_max_abs_vel hand_length,0.3049750819835696
ch1_kurt ch2_peakfreq age,0.3049435903269422
ch2_p2p ch2_kurt weight,0.30491539056112027
ch1_mean ch2_meanfreq angle_max_abs_vel,-0.3048218232967987
ch1_meanfreq^2 ch2_p2p,0.3046331286729447
ch1_zcr ch2_zcr angle_std,0.30460811143142236
ch1_min ch1_kurt ch2_mean,-0.3046007178409335
ch1_min ch1_zcr ch2_mean,-0.3045239261428879
ch2_max ch2_min set_type,-0.3044759356399679
ch2_max ch2_min angle_min,0.30435503963367544
ch1_skew ch2_kurt angle_min,-0.3042716812858429
ch2_p2p ch2_meanfreq ch2_peakfreq,-0.3041441348864489
ch1_meanfreq ch2_energy height,0.30409058380201026
ch2_meanfreq ch2_peakfreq angle_p2p,-0.30402771759236813
ch1_p2p ch2_max angle_max,-0.30383486408515353
ch1_peakfreq ch2_skew ch2_peakfreq,0.30353667917137583
ch1_min ch1_energy ch2_min,0.3034772859514815
ch2_mean ch2_p2p ch2_kurt,-0.3034112870610307
ch1_peakfreq ch2_max ch2_zcr,0.30338969911578084
ch1_p2p ch1_kurt set_type,-0.3033258631821493
ch1_skew ch2_min angle_mean,0.30324979479902037
ch1_min ch1_meanfreq exercise,-0.30324716461781925
ch1_meanfreq angle_std angle_max_abs_vel,-0.30306725078013713
ch1_std^2 ch2_energy,0.30299538594747916
ch1_std ch1_rms ch2_energy,0.3029953789038055
ch1_rms^2 ch2_energy,0.3029953718601321
angle_mean angle_p2p exercise,-0.3029395515983368
ch1_peakfreq ch2_min angle_mean_abs_vel,0.3026829745957841
ch1_peakfreq ch2_mean ch2_std,0.30230983001290673
ch1_peakfreq ch2_mean ch2_rms,0.3023097676817049
angle_min^2 age,0.3023045886678822
ch1_meanfreq ch2_energy ch2_skew,0.3021543884289414
ch2_p2p ch2_energy hand_length,0.3020268763056816
ch2_rms ch2_kurt age,0.30176570916418777
ch2_std ch2_kurt age,0.3017656799519165
ch2_kurt height weight,0.3017293211227098
ch1_meanfreq ch2_peakfreq angle_p2p,-0.3016986763684152
ch1_meanfreq angle_min hand_length,-0.3016964309596367
ch1_mean ch1_zcr angle_max,-0.30162300270479103
ch1_mean ch1_zcr angle_mean_abs_vel,-0.30160638963356223
ch1_skew ch2_meanfreq angle_p2p,0.30154504854324715
ch1_std ch1_energy angle_min,0.301513648255833
ch1_rms ch1_energy angle_min,0.30151362606094767
ch1_max ch2_peakfreq age,0.30149699752888176
ch2_mean angle_min age,-0.30107072914534766
ch1_zcr angle_mean_abs_vel angle_max_abs_vel,-0.30104079813936585
ch2_meanfreq ch2_peakfreq age,0.30096936209255765
ch1_max ch2_energy angle_mean,0.3007438166046614
ch1_kurt ch2_max height,-0.30039246704648553
ch2_skew^2 ch2_meanfreq,0.3003556561184696
ch1_mean ch1_meanfreq ch2_mean,-0.3002677277809754
ch1_mean ch1_kurt ch2_max,0.30017460829624243
ch1_max ch1_zcr angle_mean,0.30017193501441014
ch1_peakfreq ch2_min angle_std,0.30008635050997584
ch2_min angle_min^2,0.29989540236764844
ch1_mean angle_max^2,-0.2996699763551657
ch1_rms ch1_zcr ch2_energy,-0.2996311721138497
ch1_std ch1_zcr ch2_energy,-0.29963116325254163
ch2_skew weight,0.2996021259146834
ch2_rms angle_min set_type,0.29955038866885153
ch2_std angle_min set_type,0.2995503758441476
angle_mean_abs_vel age exercise,-0.2994377667992777
ch2_energy ch2_kurt angle_max,0.29923186106280375
ch2_skew angle_min height,0.29895156601105344
ch2_min ch2_zcr angle_std,0.298916387183352
ch1_mean ch1_zcr ch1_kurt,0.2988459300952994
ch1_min ch2_min ch2_zcr,0.2988332905879696
ch2_min ch2_meanfreq set_type,-0.2987095206077335
ch1_meanfreq ch1_peakfreq height,0.29870354431326895
ch1_zcr angle_min set_type,0.29840119736005916
angle_max angle_max_abs_vel hand_length,0.2978047558325802
ch1_mean^2 angle_max_abs_vel,-0.2977633421526618
ch1_p2p ch1_peakfreq ch2_meanfreq,-0.2977367821705281
ch1_p2p ch1_kurt weight,-0.2976534443476928
ch1_energy ch2_mean ch2_zcr,0.2973512290643737
ch2_mean ch2_kurt ch2_meanfreq,-0.29732935134506566
ch1_zcr ch2_mean ch2_min,0.29711946200097855
ch1_p2p ch1_zcr ch2_mean,0.297079934977954
ch1_skew ch2_kurt angle_p2p,0.2970774367322876
ch1_meanfreq ch2_mean age,0.29706714989086735
angle_min angle_max_abs_vel height,0.29697145310467304
ch1_peakfreq ch2_p2p set_type,-0.29671740718782885
ch1_min ch1_peakfreq angle_max_abs_vel,-0.2966811478984536
ch1_zcr ch2_energy angle_mean_abs_vel,0.29666401007219345
ch1_max ch2_max ch2_zcr,0.29650048550509966
ch1_min ch2_skew height,0.2964098436712145
ch2_min exercise set_type,0.2963982152289607
ch1_std ch1_meanfreq ch2_kurt,-0.2963774704673556
ch1_rms ch1_meanfreq ch2_kurt,-0.2963774679038438
ch1_min angle_p2p angle_max_abs_vel,0.2963533213680344
ch2_zcr age height,-0.2963418138420361
ch1_max ch1_energy angle_max_abs_vel,0.29619081592103924
ch1_energy ch2_peakfreq weight,0.2959443756368005
ch1_meanfreq ch2_mean ch2_skew,0.29591177996179113
ch1_skew ch1_peakfreq hand_length,-0.2958204895164936
ch1_std ch1_energy exercise,-0.29568689772606194
ch1_rms ch1_energy exercise,-0.29568687686934525
ch1_std ch2_max,0.29561638516233346
ch1_rms ch2_max,0.29561636454688234
ch2_meanfreq angle_min set_type,-0.29548822761200955
hand_length^2,-0.29523032059377274
ch2_min ch2_kurt exercise,-0.2952122393874915
ch1_kurt^2 hand_length,0.29517721057001545
ch1_min ch1_peakfreq ch2_zcr,0.29496804733647064
ch2_energy ch2_peakfreq angle_std,-0.2949648573983062
ch2_energy^2 age,0.29491988888911524
ch1_skew angle_mean_abs_vel^2,-0.29483093478738776
angle_max_abs_vel age hand_length,-0.29473330633911576
ch1_min ch1_p2p ch2_mean,0.29471218530365034
ch1_mean ch1_zcr exercise,0.2947120777457979
ch2_max ch2_zcr ch2_peakfreq,-0.2945637859306758
ch1_max^2,-0.294278692251416
ch1_rms^2 weight,0.293943792367019
ch1_std ch1_rms weight,0.2939437851254294
ch1_std^2 weight,0.29394377788384013
ch1_rms ch1_energy set_type,0.29387454085875736
ch1_std ch1_energy set_type,0.2938745072027955
ch1_skew angle_max_abs_vel age,0.2937860674902538
height hand_length exercise,0.2936196542187165
ch1_min ch2_skew angle_mean,0.29356058162269594
ch2_meanfreq hand_length,-0.29347182928570903
ch1_rms ch2_mean height,0.29298551619653734
ch1_std ch2_mean height,0.29298549081445724
angle_max_abs_vel height exercise,-0.2929809222560231
ch1_std ch2_skew angle_max_abs_vel,-0.2929489526820346
ch1_rms ch2_skew angle_max_abs_vel,-0.29294894752230066
ch1_zcr angle_mean set_type,0.29288259044372356
height^2 exercise,-0.29278810069769295
ch1_mean angle_max exercise,0.2921738784757685
ch1_meanfreq ch2_max age,0.29200785954772046
ch1_zcr ch2_skew angle_max_abs_vel,0.2919886195639327
ch1_max ch2_rms ch2_zcr,0.29196698735813237
ch1_max ch2_std ch2_zcr,0.291966970670572
ch2_p2p ch2_energy angle_std,-0.2918428595848997
ch1_zcr ch1_peakfreq ch2_min,-0.2915438560465243
ch2_max^2 ch2_p2p,-0.29134496874057225
ch2_p2p ch2_zcr exercise,0.2910481191101047
ch2_min ch2_zcr age,-0.2909912918039569
ch1_peakfreq ch2_mean angle_std,-0.29090011198064725
ch2_min angle_std,0.29083732311866617
ch2_max ch2_min ch2_peakfreq,-0.29083166222729623
ch1_p2p ch1_energy angle_max_abs_vel,0.2908283445824616
ch1_zcr ch2_p2p ch2_peakfreq,0.29075295395130923
ch1_p2p ch2_min hand_length,-0.290711642751798
ch1_zcr angle_std angle_p2p,0.29067862234015485
ch2_max ch2_min exercise,-0.2906278566538633
ch2_kurt ch2_meanfreq angle_std,-0.29046202587111114
angle_mean angle_mean_abs_vel age,0.2903690455758827
ch2_mean ch2_max^2,0.28999297775295463
ch1_std ch1_peakfreq ch2_p2p,-0.2899694233905701
ch1_rms ch1_peakfreq ch2_p2p,-0.2899694208591247
ch1_min ch1_p2p ch1_zcr,0.28979732071918873
ch1_p2p ch2_skew angle_std,0.2897482015639984
ch1_energy ch1_peakfreq angle_max,-0.28969967677052666
ch1_std ch2_skew angle_max,0.289331696863122
ch1_rms ch2_skew angle_max,0.2893316727159978
ch1_energy angle_max angle_p2p,0.28930982021164575
ch1_max ch2_min ch2_peakfreq,0.2892920909374505
ch1_min ch1_kurt angle_max_abs_vel,-0.2892645123021596
ch1_skew ch2_peakfreq set_type,0.28918581784857483
ch1_meanfreq angle_max_abs_vel height,-0.28906160024532457
ch1_std ch2_kurt angle_mean_abs_vel,-0.28894107789993606
ch1_rms ch2_kurt angle_mean_abs_vel,-0.28894107545415965
ch1_max ch2_skew ch2_meanfreq,-0.2889359021079634
ch1_meanfreq ch2_p2p angle_std,0.28893416777977404
ch1_peakfreq ch2_kurt ch2_meanfreq,-0.2889244649035871
ch1_max ch1_zcr ch1_skew,-0.28891918260902855
ch1_kurt ch2_p2p set_type,0.28865961595052014
ch1_kurt^2 ch2_mean,0.28863175961406284
ch1_kurt age^2,-0.2884618480435639
ch2_p2p ch2_zcr,-0.28844417997098903
ch1_min ch1_rms ch2_mean,0.28842025671489685
ch1_std ch1_min ch2_mean,0.2884202539961299
ch1_energy ch2_std,0.288096440923469
ch1_energy ch2_rms,0.2880964358587873
ch1_zcr ch2_zcr angle_min,-0.28800594868567797
ch1_std ch1_skew ch2_std,0.2879539346923233
ch1_std ch1_skew ch2_rms,0.28795393337847675
ch1_rms ch1_skew ch2_std,0.28795392256795777
ch1_rms ch1_skew ch2_rms,0.28795392125411046
ch2_max^2 angle_mean,0.28791035913564417
ch1_p2p ch2_p2p age,0.2876733858794812
ch1_mean ch1_skew ch2_peakfreq,-0.28748856892112307
ch1_peakfreq angle_mean height,0.2871384789798465
ch2_zcr angle_min age,0.287082439330292
ch1_kurt ch1_meanfreq ch2_std,0.286774085523957
ch1_kurt ch1_meanfreq ch2_rms,0.28677405223238517
ch1_mean ch1_kurt angle_std,-0.2867145051198556
ch1_p2p ch2_p2p,-0.2864002879543157
ch2_std^2 ch2_zcr,-0.28630455300373703
ch2_std ch2_rms ch2_zcr,-0.2863045369393995
ch2_rms^2 ch2_zcr,-0.28630452087506325
ch1_energy ch1_meanfreq angle_p2p,-0.28629336505081804
ch1_p2p ch1_skew ch2_mean,-0.28625782557318424
ch2_mean ch2_peakfreq height,0.28619065274955424
ch1_energy ch2_rms set_type,0.28597570718325466
ch1_energy ch2_std set_type,0.2859756800640332
ch1_skew ch2_kurt^2,-0.285958866800399
ch2_min angle_max hand_length,0.28593062039303196
ch1_max ch1_min ch2_min,-0.2856981299178233
ch2_rms ch2_energy^2,0.28552866636962526
ch2_std ch2_energy^2,0.2855286537695611
ch1_std ch2_zcr set_type,0.2855041982908698
ch1_rms ch2_zcr set_type,0.2855041862586451
ch1_max ch2_p2p height,0.28544797176119296
ch1_p2p height hand_length,-0.2852927674460912
ch2_zcr angle_max_abs_vel weight,0.2849953852424783
ch1_min ch2_zcr angle_max_abs_vel,0.28496233917964287
ch1_max ch1_meanfreq angle_std,0.28493902115551634
angle_mean angle_std age,0.28492740850390796
ch1_p2p ch1_meanfreq angle_max,-0.2848627901421119
ch2_max ch2_peakfreq angle_min,-0.2848134216770219
ch1_energy ch1_meanfreq ch2_kurt,0.28468032349749883
angle_mean age weight,0.28446734275643265
ch1_kurt ch2_rms^2,-0.28445927264515936
ch1_kurt ch2_std ch2_rms,-0.28445926519358034
ch1_kurt ch2_std^2,-0.28445925774200226
ch1_p2p ch2_p2p ch2_energy,0.28416646624661657
ch1_p2p ch2_p2p angle_p2p,-0.2841354637352862
ch1_mean ch1_kurt ch2_kurt,0.2841028423261745
ch2_min ch2_meanfreq height,0.2840753536179176
ch1_meanfreq ch2_max angle_mean_abs_vel,0.28403397837881883
ch1_kurt ch1_peakfreq ch2_mean,0.2838978045755012
ch1_peakfreq angle_p2p angle_max_abs_vel,-0.2838128681695857
ch1_energy ch2_min angle_std,0.28377128633275883
ch1_mean ch1_p2p ch1_skew,-0.2836487014321123
ch2_rms angle_min hand_length,0.28354982297658343
ch2_std angle_min hand_length,0.28354978229637595
ch2_kurt ch2_peakfreq angle_p2p,0.283318690124246
ch2_skew ch2_kurt^2,0.2831566945456446
ch1_peakfreq ch2_max ch2_min,0.2830671304228284
ch2_min ch2_kurt angle_p2p,0.2830597579152615
ch2_skew ch2_kurt angle_std,-0.2829560567149679
ch2_mean ch2_p2p hand_length,-0.2828183184270969
ch1_skew angle_p2p set_type,-0.282724975337516
ch2_mean ch2_meanfreq angle_max,-0.2826870975852763
ch2_meanfreq angle_mean age,-0.2826657442280958
ch1_min ch2_skew angle_std,-0.28236307863776394
ch2_rms angle_p2p angle_mean_abs_vel,0.2822753925750624
ch2_std angle_p2p angle_mean_abs_vel,0.2822753772663862
ch1_peakfreq exercise set_type,-0.2822534334449285
ch1_zcr ch2_mean ch2_energy,-0.2822453680851866
ch2_max ch2_skew hand_length,-0.2821370901110923
ch1_kurt angle_max weight,0.2819697186431273
ch1_max ch2_skew angle_std,0.2819294501009147
ch1_p2p ch1_kurt^2,-0.281901323256807
ch2_kurt angle_max angle_p2p,0.28157730020170785
ch1_energy ch2_zcr age,0.28157095170870816
ch1_zcr angle_max_abs_vel hand_length,-0.28138870982615094
angle_min age weight,0.2813772622465617
ch1_p2p ch2_mean angle_mean,0.28136880708214007
ch1_mean angle_min weight,-0.2811692934873188
ch1_zcr ch2_max age,0.2811410099077182
ch2_p2p angle_mean_abs_vel height,0.2807447339494661
ch2_std angle_p2p exercise,0.2807412221934136
ch2_rms angle_p2p exercise,0.2807412057159727
ch1_p2p^2 ch2_min,0.28070054907677655
ch1_p2p ch2_p2p ch2_skew,-0.2806774636121571
ch1_max height exercise,-0.28029996403325197
ch1_mean ch2_zcr angle_min,-0.2802918994679242
ch2_max ch2_peakfreq angle_max,-0.2802012927621118
angle_std age weight,0.2801787635994577
ch1_min angle_std weight,0.28012181089193333
ch1_min angle_mean_abs_vel angle_max_abs_vel,0.28006198800968907
ch1_max ch1_energy ch2_mean,-0.28003660960264576
ch2_mean ch2_max angle_min,-0.2797737853290735
ch2_min ch2_kurt angle_mean_abs_vel,-0.27969260665907325
ch1_zcr angle_std angle_max_abs_vel,-0.2795708030975164
ch1_p2p ch1_zcr angle_max_abs_vel,0.27956715810615057
ch1_rms ch1_energy ch2_meanfreq,-0.2792181682942887
ch1_std ch1_energy ch2_meanfreq,-0.2792181557572605
ch2_std height^2,-0.27914815578500235
ch2_rms height^2,-0.27914811972763265
ch2_meanfreq^2,0.2790545254753568
ch2_skew angle_std,-0.27898122500117695
ch2_max ch2_skew age,-0.27887333260817954
ch2_min ch2_p2p^2,0.2788406928132933
angle_min angle_p2p age,-0.278569307976435
ch1_energy ch2_peakfreq,0.2785225193092901
ch1_rms ch2_min angle_p2p,-0.27851326151390304
ch1_std ch2_min angle_p2p,-0.2785132500921032
ch2_min ch2_peakfreq angle_mean,0.2785012296947921
ch2_max ch2_skew angle_min,-0.27849784056788957
ch2_max angle_p2p,-0.27843885365574816
ch1_mean ch1_zcr ch2_mean,0.27827988513632873
ch1_mean angle_max angle_max_abs_vel,-0.27823090245638726
ch2_kurt ch2_meanfreq ch2_peakfreq,0.2778733139666756
ch1_max ch2_max angle_min,-0.27747039475397933
ch1_max ch1_kurt ch2_peakfreq,0.2773400018279364
ch1_min ch1_p2p exercise,-0.27727249398316456
angle_min angle_max_abs_vel hand_length,0.2771714817977421
ch2_mean angle_p2p angle_max_abs_vel,0.277002372928981
ch1_mean ch1_meanfreq^2,-0.276976879408158
ch1_peakfreq ch2_max weight,0.27695234050137274
ch1_zcr ch2_energy^2,-0.2765413518780051
angle_p2p angle_max_abs_vel height,0.276514305889555
ch1_min ch2_max,-0.27620235407671295
ch1_mean ch1_rms ch1_skew,-0.2760102316375618
ch1_mean ch1_std ch1_skew,-0.27601019877332067
ch1_min ch1_skew ch2_max,-0.275964909243551
ch2_std ch2_meanfreq angle_p2p,-0.27568752233576427
ch2_rms ch2_meanfreq angle_p2p,-0.27568750120860136
ch2_mean ch2_max ch2_peakfreq,0.2754431490177312
ch1_skew ch2_min age,-0.2754139861226856
ch1_mean ch1_energy ch1_skew,0.27531386228246746
ch1_p2p^2 angle_max_abs_vel,0.27530751955616256
ch1_rms^2,-0.27524747853557885
ch1_std ch1_rms,-0.2752474466938446
ch1_std^2,-0.27524741485209603
ch1_mean ch1_max angle_std,-0.27515916010505675
ch1_max weight set_type,0.27506742581074173
ch1_skew ch2_min angle_std,0.27494524230488787
ch1_kurt angle_std angle_max_abs_vel,-0.2749191636851035
ch1_max ch2_min ch2_meanfreq,-0.2749106608247782
ch1_meanfreq angle_mean angle_mean_abs_vel,0.274869886007868
ch1_meanfreq ch1_peakfreq angle_mean,0.27445241471998894
ch1_mean ch1_energy ch1_meanfreq,-0.27433993808325563
ch1_skew ch2_skew set_type,-0.2742115591861779
ch2_max ch2_zcr angle_max,0.27417313557261747
ch1_skew angle_max_abs_vel weight,0.2740161640594379
ch1_min ch2_rms set_type,-0.27399955926996256
ch1_min ch2_std set_type,-0.2739995415124397
ch2_p2p angle_p2p set_type,0.2739064504688339
angle_max angle_p2p hand_length,0.2737938972671275
ch1_mean angle_max_abs_vel exercise,0.27371484695247383
angle_std angle_max^2,-0.2735434226125927
ch1_max ch1_zcr ch2_mean,0.2735328170498097
ch1_meanfreq angle_mean angle_std,-0.2734895477351328
ch2_mean height,-0.27342657638116735
ch1_kurt ch2_peakfreq weight,-0.27338173255421105
ch1_max ch1_peakfreq exercise,0.27338038785213215
ch1_p2p angle_p2p exercise,0.2733685307886946
ch2_energy angle_std set_type,-0.2732506961170603
ch2_min angle_mean set_type,-0.27319692356816894
ch1_max ch1_min hand_length,0.2731823979088055
ch1_meanfreq ch2_std angle_std,0.27312994022631853
ch1_meanfreq ch2_rms angle_std,0.2731299069897263
ch2_meanfreq angle_mean angle_p2p,0.2731173904270804
ch1_peakfreq exercise,-0.27308708292652517
ch1_mean ch1_p2p ch1_energy,0.2729366964021862
ch1_kurt ch2_meanfreq weight,0.2727624384087601
ch2_std^2 angle_min,-0.2725886844426466
ch2_std ch2_rms angle_min,-0.27258866700237483
ch2_rms^2 angle_min,-0.2725886495621006
ch1_max ch2_std ch2_max,-0.27253625396420245
ch1_max ch2_max ch2_rms,-0.27253624284813277
ch1_min ch2_zcr weight,0.2723854184100393
ch1_meanfreq ch2_kurt angle_mean_abs_vel,-0.2723744290704706
ch1_max ch2_energy angle_mean_abs_vel,0.2721932825009622
ch1_p2p ch1_meanfreq ch2_energy,0.27214705613542917
ch1_p2p ch2_p2p set_type,-0.2720422282053381
ch1_max angle_p2p angle_mean_abs_vel,-0.27199930674269
ch2_meanfreq angle_max_abs_vel height,0.2719951544793671
ch1_peakfreq ch2_max ch2_p2p,-0.27198535840424654
ch1_mean ch1_zcr angle_mean,-0.2717920752068184
ch2_kurt angle_std angle_max_abs_vel,0.2717658506454119
ch1_rms ch2_mean angle_p2p,0.2715947195803979
ch1_std ch2_mean angle_p2p,0.27159471885362446
ch2_zcr angle_std exercise,-0.27153782684792216
ch1_min ch1_zcr angle_mean_abs_vel,-0.27146525953029466
angle_mean^2 weight,-0.271254979639796
ch1_zcr ch1_meanfreq ch2_energy,0.2712050935344812
ch2_max angle_mean_abs_vel^2,0.2709466362248943
ch1_p2p ch1_peakfreq exercise,0.2707925525846169
ch1_mean ch1_meanfreq angle_std,-0.2707202920278172
ch1_min ch1_energy angle_max_abs_vel,-0.2706429890763662
ch1_skew ch1_peakfreq ch2_rms,-0.27058080265114814
ch1_skew ch1_peakfreq ch2_std,-0.2705807825335048
ch1_mean ch1_zcr ch2_std,-0.27057853555280753
ch1_mean ch1_zcr ch2_rms,-0.27057853078950017
ch1_p2p angle_mean angle_max_abs_vel,-0.2704836152971788
ch2_meanfreq angle_max age,-0.2704603966610909
ch2_skew angle_max_abs_vel age,0.27028148464163937
ch2_mean exercise^2,-0.27027950175242976
ch2_mean set_type^2,-0.27027950175242976
ch2_mean,-0.27027950175241244
ch2_p2p angle_min^2,0.26988707234436604
ch2_zcr angle_max angle_p2p,0.26987795534960246
ch1_min ch2_energy ch2_kurt,-0.2698426936897969
ch1_rms ch1_meanfreq ch2_p2p,-0.2698180155027778
ch1_std ch1_meanfreq ch2_p2p,-0.26981800979901555
ch1_mean angle_std weight,0.2698170295334688
ch1_min ch1_rms angle_std,0.2697427113188673
ch1_std ch1_min angle_std,0.2697427053520183
ch1_min ch1_p2p ch1_energy,-0.26960639427546806
ch1_kurt angle_p2p weight,0.26950357691678595
angle_p2p weight hand_length,0.2694642981757639
ch1_p2p^2 hand_length,-0.2693589242885946
angle_p2p hand_length set_type,-0.2693489212098253
ch1_max ch1_zcr ch2_energy,0.2692497753110016
ch1_p2p ch1_peakfreq angle_min,-0.2691273590847033
ch1_mean ch2_energy weight,0.2690063045296721
ch1_mean ch2_rms angle_max,0.26872863738020664
ch1_mean ch2_std angle_max,0.26872862344661874
ch2_kurt angle_p2p age,-0.2683576408049302
ch1_rms ch1_skew exercise,0.26832875147589325
ch1_std ch1_skew exercise,0.26832875089224034
ch1_skew angle_min,0.26827272806149394
ch2_meanfreq angle_max,-0.26818230520219977
ch2_energy angle_p2p angle_mean_abs_vel,0.26815499735339826
ch1_mean angle_std angle_p2p,0.2681034249372372
ch1_meanfreq angle_mean weight,0.26806440176828567
ch1_min ch1_p2p^2,0.26801665617774684
ch1_mean ch2_mean height,-0.2679887822876508
ch2_min angle_mean_abs_vel exercise,-0.2676944742728159
ch1_skew ch2_min ch2_meanfreq,0.26740049155660495
ch1_p2p angle_max angle_max_abs_vel,-0.2673946250002644
angle_mean angle_std angle_max_abs_vel,0.26733133109484963
ch2_mean ch2_p2p ch2_peakfreq,0.26705906172065386
ch1_p2p ch1_meanfreq^2,0.26699009704026444
ch1_p2p angle_min angle_max_abs_vel,-0.26694581577579
ch1_mean ch1_peakfreq ch2_min,-0.26692980762885715
ch1_mean ch1_meanfreq ch1_peakfreq,-0.2669169295400096
ch1_skew ch2_min ch2_kurt,0.2666013955171437
ch2_meanfreq angle_mean exercise,0.26636387739920686
ch1_p2p ch1_energy ch2_rms,-0.2661248697368115
ch1_p2p ch1_energy ch2_std,-0.26612486469281565
ch1_meanfreq ch2_max^2,0.26604921899195044
ch1_mean ch2_rms ch2_meanfreq,0.26601952517927374
ch1_mean ch2_std ch2_meanfreq,0.26601950581850203
ch2_rms ch2_skew^2,-0.2655031853527237
ch2_std ch2_skew^2,-0.26550314792580965
ch2_kurt angle_max_abs_vel exercise,0.26539016825998246
ch1_kurt angle_max_abs_vel height,-0.26519707021948935
ch1_min age weight,-0.2651710070015109
ch2_p2p ch2_meanfreq hand_length,-0.2648977871003465
ch2_energy age hand_length,-0.26489410185814233
ch1_kurt angle_mean_abs_vel angle_max_abs_vel,-0.26475466199613096
ch1_max ch1_zcr exercise,-0.26473694603310277
angle_max angle_max_abs_vel weight,0.2646870763471352
ch2_mean hand_length,-0.26464930442507456
ch1_min ch1_zcr age,-0.2646405490459282
ch2_mean ch2_p2p angle_min,-0.2646314538496867
ch2_kurt set_type,-0.26457555923050013
ch1_kurt ch2_std angle_mean_abs_vel,0.26452767679346234
ch1_kurt ch2_rms angle_mean_abs_vel,0.26452765788731236
ch2_zcr ch2_kurt angle_max,0.2644891802770417
ch2_zcr angle_std,-0.26444682365953653
ch1_max exercise set_type,-0.2642004345316953
ch1_std ch2_skew exercise,-0.2641274476212745
ch1_rms ch2_skew exercise,-0.26412742636521025
ch2_mean ch2_peakfreq^2,0.26410856005231315
ch2_p2p angle_min height,0.26394587801268127
ch2_kurt^2 height,0.2638375069032105
ch2_kurt angle_mean angle_p2p,0.263750429743256
ch2_max ch2_energy ch2_zcr,0.2637167601578517
ch1_mean ch1_min ch2_peakfreq,-0.263694970870872
ch1_peakfreq ch2_p2p angle_min,0.26361159750625385
ch1_rms ch1_meanfreq ch2_min,0.2636007689824972
ch1_std ch1_meanfreq ch2_min,0.2636007584320633
ch1_min ch1_rms ch1_skew,-0.26354478894303124
ch1_std ch1_min ch1_skew,-0.2635447870777902
ch2_rms angle_mean_abs_vel age,-0.2634130008577851
ch2_std angle_mean_abs_vel age,-0.2634129993879277
ch1_skew ch1_meanfreq angle_std,-0.26339970552552355
ch1_max angle_std^2,0.2633079589451198
ch1_p2p angle_max_abs_vel age,0.26326604917436625
ch1_peakfreq age exercise,0.2631189688937816
ch1_meanfreq ch2_mean ch2_p2p,0.2629654724650109
ch2_mean angle_max weight,-0.2629576194817759
ch1_mean angle_min angle_max_abs_vel,-0.26271950614725487
ch2_max ch2_peakfreq exercise,0.2624970759623045
ch1_p2p ch2_p2p angle_mean_abs_vel,-0.2624729668174921
ch1_peakfreq^2 ch2_mean,0.2624395418827239
ch1_meanfreq^2 ch2_mean,0.2622698924310508
ch2_max height^2,0.26195369882939773
ch1_mean angle_mean_abs_vel,-0.2619112525039191
ch1_zcr ch2_kurt weight,-0.2618616829179634
ch1_min ch2_max^2,0.26171203550722905
ch2_max ch2_kurt,0.26170777172807236
ch1_skew ch1_kurt angle_min,-0.26165233728131354
ch1_p2p ch2_p2p ch2_kurt,-0.26155753927427966
ch2_p2p ch2_energy angle_p2p,-0.26120470952472324
ch1_min ch1_skew ch2_meanfreq,0.2611921367723924
ch1_peakfreq ch2_energy age,0.2610301623634861
ch1_zcr ch2_energy ch2_zcr,-0.2608224191117074
ch2_min ch2_kurt angle_max,0.260820927354972
angle_mean_abs_vel hand_length set_type,-0.26069557778815466
ch1_zcr angle_p2p weight,0.2606929828099105
ch1_std ch1_zcr ch1_skew,-0.2606538823879654
ch1_rms ch1_zcr ch1_skew,-0.2606538608312452
ch1_min ch1_energy ch1_skew,-0.26050402129479344
ch1_p2p ch1_energy ch1_kurt,0.2603826812570661
ch2_min angle_max,0.26029481636817253
ch1_p2p ch2_energy angle_mean,0.26021515308502136
ch1_energy ch2_kurt,-0.26017985758811707
ch1_max ch2_energy^2,-0.26013083097745404
ch1_max angle_mean_abs_vel hand_length,-0.2600831971752548
ch1_skew angle_max_abs_vel hand_length,0.26002731564214876
ch2_min ch2_peakfreq height,-0.260007104781515
ch1_max ch1_peakfreq set_type,0.2600050333091012
ch1_energy ch2_meanfreq set_type,0.25983301965453187
ch2_kurt angle_min angle_max_abs_vel,-0.2598087281770659
ch2_min ch2_energy set_type,-0.259795581145164
ch1_kurt ch1_peakfreq ch2_meanfreq,-0.25925682955194124
ch1_p2p angle_mean_abs_vel height,-0.25919030005080146
ch1_max ch1_kurt angle_p2p,0.25918444582850686
ch2_zcr angle_mean set_type,-0.2589534575895869
ch1_p2p ch2_skew height,-0.25880967509319774
ch1_min ch1_kurt exercise,-0.2586714944791796
ch1_meanfreq ch2_mean ch2_max,0.2584774739392852
ch2_peakfreq angle_p2p exercise,0.25786171327095553
ch2_p2p ch2_zcr set_type,0.25778873072597663
ch2_max ch2_skew height,0.25772508603015054
ch2_max ch2_zcr set_type,0.25759817418542363
ch2_mean ch2_rms angle_std,-0.25753525949019146
ch2_mean ch2_std angle_std,-0.25753517911214274
ch1_mean angle_mean angle_max_abs_vel,-0.2574494764676771
ch1_min ch1_p2p angle_min,0.25732218615162905
ch2_min angle_max angle_mean_abs_vel,0.256905081698048
ch1_kurt ch2_mean ch2_std,0.25688429120270356
ch1_kurt ch2_mean ch2_rms,0.25688427137586917
ch1_max ch2_kurt angle_std,-0.25687135560202823
ch1_p2p^2 set_type,0.2568509305232136
angle_std angle_max_abs_vel exercise,-0.2568101614240721
ch1_meanfreq ch2_energy set_type,0.256734876685833
ch2_std^2 ch2_meanfreq,-0.25668920357815406
ch2_std ch2_rms ch2_meanfreq,-0.2566891897076226
ch2_rms^2 ch2_meanfreq,-0.2566891758370927
ch1_std ch2_mean angle_mean,0.2566734441294388
ch1_rms ch2_mean angle_mean,0.25667344210270654
ch1_mean ch1_p2p ch2_peakfreq,0.2565220913502408
ch1_p2p ch1_peakfreq angle_max_abs_vel,0.2565009476193112
ch1_mean ch1_std ch1_min,-0.2564144009848152
ch1_mean ch1_min ch1_rms,-0.2564143983347873
ch1_energy ch2_p2p angle_p2p,0.2564031696779398
ch1_rms ch2_mean hand_length,0.25621574618740345
ch1_std ch2_mean hand_length,0.25621572584254126
ch2_peakfreq angle_max exercise,0.2561994953669102
angle_std age exercise,-0.25607584422135254
angle_mean angle_std set_type,0.2560699151364526
ch1_mean angle_mean height,0.2558955691948591
ch1_rms ch1_zcr ch2_peakfreq,-0.2557059911385253
ch1_std ch1_zcr ch2_peakfreq,-0.2557059892956704
ch1_p2p ch2_max angle_min,-0.25553278823128467
ch1_energy angle_max weight,-0.25523398495891875
ch1_kurt ch2_energy,0.25519509326480144
ch1_p2p ch2_p2p ch2_zcr,0.2551559369689937
ch1_mean ch2_p2p ch2_peakfreq,-0.2551182930035906
ch1_mean ch1_kurt ch2_p2p,0.25492572128455926
ch2_kurt ch2_peakfreq angle_mean,0.25473406635684104
ch1_skew ch2_max set_type,0.2546402770695637
ch2_min ch2_meanfreq ch2_peakfreq,0.2543337514695525
ch1_min ch1_peakfreq exercise,-0.2543233276269887
ch1_mean ch1_peakfreq age,0.2542508722420538
ch2_zcr angle_std angle_min,0.2541838267155553
ch1_p2p ch2_min ch2_meanfreq,-0.25396763600920613
ch2_min angle_mean_abs_vel age,0.25356046419865086
angle_min weight exercise,0.25352259657852705
ch2_max age weight,0.2532694330027259
ch1_rms ch1_meanfreq angle_p2p,-0.25323660683831295
ch1_std ch1_meanfreq angle_p2p,-0.2532365752027536
ch1_zcr ch1_meanfreq angle_mean,0.25311400223750524
ch2_rms ch2_p2p angle_std,-0.2531005187790811
ch2_std ch2_p2p angle_std,-0.2531005137611442
ch2_zcr ch2_kurt angle_max_abs_vel,-0.253041506975959
ch2_min ch2_energy angle_max,0.2529646691448993
ch1_mean ch1_meanfreq angle_mean,0.25285765917873054
ch1_p2p ch2_std ch2_kurt,-0.25284395128893383
ch1_p2p ch2_rms ch2_kurt,-0.2528439323651098
ch1_zcr angle_p2p height,-0.25282426558215554
ch1_peakfreq angle_min,0.25235614170294685
ch1_meanfreq age exercise,0.25233203717194325
ch2_min angle_max age,-0.25223027527407516
ch1_min ch2_p2p ch2_peakfreq,-0.2521844783323668
ch2_p2p ch2_zcr height,0.25195258175668367
angle_min angle_max_abs_vel weight,0.2519046057418271
ch1_peakfreq ch2_energy ch2_skew,-0.25180605359433716
ch2_min ch2_meanfreq angle_mean_abs_vel,0.2517719521352596
ch1_kurt angle_std weight,0.2516280076838341
ch2_energy ch2_kurt set_type,0.2515445955202935
ch1_mean ch1_zcr angle_min,-0.2510790273072332
ch1_kurt angle_min weight,0.2510464482645205
ch1_peakfreq ch2_p2p ch2_skew,0.25089692008427156
angle_std angle_max angle_max_abs_vel,0.2507434404381612
ch1_max ch1_kurt ch2_zcr,-0.2506920582216764
angle_min^2 angle_p2p,0.25064713407359335
ch1_kurt ch2_max angle_mean_abs_vel,0.25055694268499373
ch1_skew ch1_peakfreq ch2_max,0.2503874122369709
ch1_energy ch2_max,0.2503859297458874
ch1_zcr ch1_kurt,0.2500213035251959
ch1_max ch1_rms angle_std,0.25000879279387356
ch1_std ch1_max angle_std,0.25000879155588496
ch1_kurt ch2_meanfreq,0.249913942563859
ch1_max ch2_std ch2_skew,-0.2499084420939196
ch1_max ch2_rms ch2_skew,-0.24990843854197375
ch1_zcr ch2_std angle_max,-0.2497838193268479
ch1_zcr ch2_rms angle_max,-0.24978380696444702
ch1_energy angle_std height,-0.2497176009539278
ch1_max ch1_meanfreq angle_mean_abs_vel,0.2496401606557217
ch1_peakfreq^2 angle_max_abs_vel,0.24951732864962842
ch1_p2p ch1_kurt ch2_min,-0.24948329793101862
ch1_min ch2_min^2,-0.24931245923007755
ch1_peakfreq angle_std angle_p2p,0.24898451874653937
ch2_rms height exercise,-0.24885408689887012
ch2_std height exercise,-0.24885406425322745
ch1_p2p ch2_energy ch2_kurt,0.24873053773765033
ch1_skew ch2_min,0.24863003982599066
ch1_p2p ch2_min ch2_kurt,0.24860491044641783
ch1_peakfreq ch2_min,0.24852928444555203
ch2_p2p ch2_peakfreq angle_p2p,-0.2485001135650925
ch1_rms ch2_zcr hand_length,0.24843631078429784
ch1_std ch2_zcr hand_length,0.24843629478049112
ch2_p2p ch2_zcr angle_max,-0.24833142239149475
ch1_min ch2_max ch2_energy,-0.2483152440675429
ch2_p2p ch2_skew age,0.24827371698998602
ch1_p2p ch2_rms ch2_peakfreq,0.2481453573057476
ch1_p2p ch2_std ch2_peakfreq,0.24814533956119555
ch2_meanfreq angle_mean^2,0.24812359069428658
angle_min angle_p2p^2,-0.24788668142035541
ch1_std angle_max_abs_vel hand_length,0.24784084485404528
ch1_rms angle_max_abs_vel hand_length,0.24784084190453848
ch2_energy angle_mean height,0.2478224431447908
ch1_p2p ch1_energy set_type,0.24781761498743327
angle_min angle_mean_abs_vel age,0.2478129085127396
ch1_peakfreq ch2_skew angle_max_abs_vel,0.247658357141409
ch1_mean ch1_energy ch1_peakfreq,-0.24756618839277528
ch2_rms ch2_p2p set_type,0.24750276467085008
ch2_std ch2_p2p set_type,0.24750275037762265
ch1_kurt ch2_rms age,-0.2474342256208914
ch1_kurt ch2_std age,-0.24743421543138328
ch1_energy ch2_energy age,0.24736176996163484
ch1_energy ch1_skew angle_p2p,-0.247270122992446
ch1_rms ch1_energy weight,0.2469718529091225
ch1_std ch1_energy weight,0.2469718435611999
ch1_p2p hand_length exercise,0.24694012855466832
ch1_min ch2_zcr ch2_skew,0.24693226589713613
ch1_std angle_min weight,-0.2468499417557125
ch1_rms angle_min weight,-0.24684991780309445
ch2_min angle_mean,0.24684652663138085
ch1_mean ch2_rms set_type,0.24662483325028167
ch1_mean ch2_std set_type,0.24662479867500914
ch1_mean ch2_mean weight,-0.24635329631529845
ch1_max ch1_min angle_max_abs_vel,-0.24631920557741416
ch1_kurt^2 angle_max_abs_vel,-0.24625521396717986
ch1_mean ch2_p2p height,0.2462428391002064
ch2_mean ch2_p2p set_type,-0.24583899969098938
ch1_p2p ch2_max ch2_kurt,-0.24569658141768852
angle_mean angle_max_abs_vel weight,0.24543174598667644
ch1_peakfreq ch2_min ch2_skew,-0.2454020389006106
angle_std angle_min angle_max_abs_vel,0.24532924289118763
ch1_std ch1_meanfreq ch2_max,-0.24526348959240368
ch1_rms ch1_meanfreq ch2_max,-0.24526348906863726
ch1_max ch2_max ch2_min,0.245234094030977
ch1_zcr ch1_skew ch2_skew,-0.245205037359717
ch1_zcr ch2_min exercise,-0.24497129474876012
ch2_std ch2_p2p angle_p2p,-0.2448890155218087
ch2_rms ch2_p2p angle_p2p,-0.2448890133080191
ch2_p2p ch2_meanfreq^2,-0.24487244354919052
ch1_min ch2_kurt^2,0.24459675246224244
ch2_p2p ch2_kurt set_type,0.24412314023931347
ch2_std ch2_kurt angle_mean_abs_vel,-0.2441095237532277
ch2_rms ch2_kurt angle_mean_abs_vel,-0.2441095048032016
ch2_max angle_std hand_length,-0.24402321520922365
ch2_min angle_mean_abs_vel^2,0.24392033582367684
ch1_skew angle_min height,0.24382338031608344
ch1_mean ch1_min ch1_kurt,0.2438118045463476
ch1_p2p ch1_meanfreq ch2_meanfreq,-0.24379974748974803
ch1_p2p ch1_kurt angle_max_abs_vel,0.24377219939009773
ch1_min ch2_rms ch2_meanfreq,-0.24368403214644635
ch1_min ch2_std ch2_meanfreq,-0.24368401858502223
ch1_skew ch2_zcr ch2_kurt,0.24367971346752604
ch1_meanfreq height weight,0.2436748226496187
ch1_peakfreq^2 ch2_meanfreq,-0.24350537326349786
ch1_zcr ch2_mean,0.24343181687901888
ch1_max angle_mean hand_length,0.2433505430178602
ch1_p2p angle_mean_abs_vel weight,-0.2431982254764492
ch1_p2p ch2_kurt exercise,-0.2431576138542998
ch1_meanfreq ch2_std angle_mean_abs_vel,0.24309880600838085
ch1_meanfreq ch2_rms angle_mean_abs_vel,0.24309877860381057
ch1_max ch1_energy ch2_kurt,-0.24296124762388438
ch1_skew ch2_max ch2_skew,-0.24285450600530195
ch1_meanfreq angle_p2p angle_max_abs_vel,-0.2428029520186254
ch2_std height set_type,-0.24250492543374508
ch2_rms height set_type,-0.24250491449461983
ch2_mean ch2_zcr angle_mean,-0.24246764209985983
ch1_skew ch2_zcr^2,-0.24229303682312142
ch1_p2p angle_max_abs_vel exercise,0.24228112389434317
ch2_energy^2 angle_mean_abs_vel,-0.24215383805247792
angle_max_abs_vel weight exercise,-0.2420384830916848
ch1_meanfreq^2 ch2_zcr,0.24195204263521253
ch1_max ch2_max ch2_kurt,-0.24185874089371778
ch1_rms angle_p2p exercise,-0.24165552161412912
ch1_std angle_p2p exercise,-0.24165550767456018
ch1_zcr ch2_mean ch2_rms,-0.24155660689274489
ch1_zcr ch2_mean ch2_std,-0.2415565806412421
ch2_kurt angle_std angle_p2p,0.24147798528741427
ch2_rms^2 angle_std,-0.24140585647398388
ch2_std ch2_rms angle_std,-0.24140584133916795
ch2_std^2 angle_std,-0.2414058262043534
ch2_energy height exercise,-0.24140229314462353
angle_p2p hand_length exercise,0.24132999192628102
ch1_mean ch1_energy,-0.2412726638285101
ch1_mean^2 ch1_p2p,0.2411948402959152
ch1_p2p ch1_energy ch2_p2p,-0.24117606328836874
ch1_p2p ch2_p2p^2,-0.24094857206622985
ch2_min ch2_energy ch2_skew,0.24094300013812558
ch1_min ch1_p2p ch2_meanfreq,0.24076367001165455
ch2_max angle_std angle_max_abs_vel,0.2406737290081732
ch1_mean ch2_energy^2,0.2406487044740231
ch1_skew ch2_min height,-0.24048873567052542
ch2_min ch2_kurt weight,-0.2403972326688574
ch1_rms ch1_peakfreq angle_max_abs_vel,0.24036729829289627
ch1_std ch1_peakfreq angle_max_abs_vel,0.24036729764292353
ch1_kurt ch2_mean ch2_kurt,0.24034708211100134
ch2_skew angle_max hand_length,0.24032540208876496
ch1_p2p ch2_p2p hand_length,0.24022195206118147
ch1_meanfreq ch2_mean ch2_min,-0.2399508081507129
ch1_skew ch2_kurt angle_std,-0.23944240932659377
ch1_min ch2_min ch2_p2p,0.23936895016364151
ch1_mean ch1_peakfreq height,-0.23920420475484871
ch1_std^2 ch2_std,0.23912369466125222
ch1_std^2 ch2_rms,0.23912368247992322
ch1_std ch1_rms ch2_std,0.2391236791789153
ch1_std ch1_rms ch2_rms,0.23912366699758675
ch1_rms^2 ch2_std,0.2391236636965801
ch1_rms^2 ch2_rms,0.239123651515251
ch1_zcr^2 ch2_min,-0.2390478581854565
ch2_peakfreq angle_min angle_p2p,-0.238925930256032
ch1_p2p ch2_skew ch2_meanfreq,-0.23868795287589278
ch1_mean ch1_meanfreq ch2_energy,0.23768500749987503
ch1_energy^2 ch2_max,-0.23766095852144103
angle_max angle_mean_abs_vel weight,0.23750243869907603
ch1_p2p ch1_skew ch2_max,-0.2374018392012954
ch2_min angle_mean angle_max,0.2373576997065787
ch2_mean ch2_peakfreq weight,0.2373456518000011
ch1_peakfreq height hand_length,0.23727413303666745
ch1_zcr ch1_kurt ch2_zcr,0.23711197768829406
ch1_min ch2_max exercise,-0.23705436371648037
ch1_p2p ch2_energy set_type,0.2368035585899107
ch2_rms angle_std age,-0.23677700690579317
ch2_std angle_std age,-0.2367769836095553
ch1_min ch2_max ch2_kurt,0.23673456281561375
angle_mean age exercise,0.23669574658217812
ch1_min ch2_energy angle_max,-0.23664874098037414
angle_max_abs_vel hand_length exercise,-0.23640624465807125
ch1_max ch1_meanfreq weight,0.23614763676633482
ch1_zcr ch2_std ch2_kurt,-0.23613110296859463
ch1_zcr ch2_rms ch2_kurt,-0.23613110135543455
ch2_p2p ch2_meanfreq angle_mean,0.2359845962790393
ch2_meanfreq exercise set_type,0.2358341865439738
ch1_min ch1_zcr ch2_p2p,-0.23583063012363284
ch1_min ch1_energy angle_max,0.23582131719336596
ch1_meanfreq ch2_energy ch2_meanfreq,0.23581919225318154
ch1_energy ch1_kurt ch2_min,0.2357488294942001
ch2_skew angle_max_abs_vel,-0.23564609919722634
ch1_mean ch2_rms hand_length,0.23553787557857195
ch1_mean ch2_std hand_length,0.23553785652798062
ch1_p2p ch2_min ch2_p2p,0.23545298586956134
ch1_mean ch1_max ch2_peakfreq,0.23541897714986992
ch2_kurt ch2_peakfreq angle_mean_abs_vel,-0.23533253692347997
ch1_min ch1_p2p ch2_zcr,-0.23530923389193892
angle_mean_abs_vel^2 age,0.23526708866459312
ch1_zcr ch1_meanfreq exercise,-0.23521175314212014
ch1_zcr ch2_std angle_mean_abs_vel,0.23502422323075778
ch1_zcr ch2_rms angle_mean_abs_vel,0.23502421680247704
ch2_min age set_type,-0.23494511211492464
ch1_max ch1_zcr angle_max_abs_vel,0.23453111463704407
ch2_mean ch2_p2p age,0.23448107928665912
ch2_std^2 exercise,0.2343940468662014
ch2_std ch2_rms exercise,0.23439403174276408
ch2_rms^2 exercise,0.23439401661932618
ch1_skew ch2_peakfreq,-0.23436571276603763
ch1_max ch2_peakfreq hand_length,-0.23434431623326946
ch1_kurt angle_max_abs_vel,0.23424945604324493
ch1_min ch1_p2p ch2_std,-0.23424598241270025
ch1_min ch1_p2p ch2_rms,-0.23424596210020776
ch2_max ch2_zcr exercise,-0.23424007631041865
ch2_zcr angle_mean age,0.23422157184927447
ch1_min age set_type,0.23398509162110803
ch2_kurt ch2_meanfreq angle_max_abs_vel,-0.23396834873454514
ch1_min ch2_rms hand_length,0.23390784129075182
ch1_min ch2_std hand_length,0.23390781905431468
ch1_kurt angle_p2p set_type,-0.2338342838866051
ch1_energy angle_p2p weight,0.23381987815353858
angle_p2p angle_max_abs_vel hand_length,0.23378812719235464
ch2_min ch2_kurt angle_std,0.233591987129934
ch1_skew exercise^2,-0.23356405152170612
ch1_skew set_type^2,-0.23356405152170612
ch1_skew,-0.23356405152168946
ch1_zcr ch2_min angle_mean_abs_vel,-0.2334926018222414
ch1_min angle_mean_abs_vel^2,-0.23344349041553203
ch1_meanfreq age,-0.23336283068806407
ch1_peakfreq ch2_p2p ch2_energy,0.23335590165278308
ch1_max ch2_min angle_std,-0.23321294322653102
ch1_zcr ch2_mean angle_mean_abs_vel,-0.23304460744155198
ch1_min ch1_energy angle_mean_abs_vel,0.23283154349257865
ch1_min ch2_kurt,0.23280710837877644
ch1_energy ch1_skew ch1_kurt,0.23275755123151282
ch1_meanfreq ch2_meanfreq angle_mean,0.23270868398750638
ch1_peakfreq angle_mean_abs_vel weight,0.23255566152016804
ch1_kurt ch1_peakfreq angle_p2p,0.23253797506459783
ch2_mean ch2_min ch2_peakfreq,-0.23240002025670153
ch1_zcr ch2_min ch2_kurt,0.23230758375492655
ch2_meanfreq^2 angle_p2p,-0.23227243680472331
angle_mean_abs_vel age height,-0.23224543897750222
angle_max^3,-0.23224359760189073
ch1_rms angle_p2p,0.2319444228548519
ch1_std angle_p2p,0.23194441855567705
ch2_kurt angle_max angle_max_abs_vel,-0.23185905145685884
ch1_zcr ch2_std ch2_meanfreq,-0.23179541876576304
ch1_zcr ch2_rms ch2_meanfreq,-0.2317954074767822
angle_mean angle_min weight,-0.23158742443886793
ch2_min ch2_zcr set_type,-0.231556569617694
ch1_min ch2_mean angle_max,-0.2315486487223593
ch1_mean height exercise,-0.23151182250039065
ch1_mean ch2_rms exercise,-0.23140931688869898
ch1_mean ch2_std exercise,-0.231409301446681
ch1_min ch2_max set_type,-0.23120335358034366
ch2_meanfreq angle_max set_type,-0.2311832797879605
ch1_mean ch1_p2p height,-0.2311724588690277
ch2_rms angle_mean set_type,0.23112347882509776
ch2_std angle_mean set_type,0.2311234572492672
angle_min angle_p2p set_type,-0.23084074314796454
ch2_meanfreq angle_std angle_max_abs_vel,0.2307822555413669
age height exercise,0.2306304896142848
angle_max angle_mean_abs_vel age,0.23051987197329032
ch1_std angle_min height,-0.23024829766469523
ch1_rms angle_min height,-0.2302482689931311
ch1_kurt ch1_meanfreq ch2_min,-0.230226647626005
ch1_meanfreq^2 angle_std,-0.23014136033813104
ch1_zcr ch2_p2p,0.22979367694626643
angle_mean_abs_vel age weight,-0.22966810009565058
ch2_zcr angle_max_abs_vel age,-0.22961188401742486
ch2_min angle_p2p angle_mean_abs_vel,-0.22959144631073905
ch1_min angle_max age,0.22937302137444393
ch1_max ch1_kurt angle_max,-0.22935293920714783
ch1_max ch2_kurt height,-0.22930049267189945
ch1_zcr angle_mean_abs_vel height,-0.22916386088991292
ch1_meanfreq ch2_peakfreq angle_mean,0.22869148066398204
ch1_mean ch1_energy angle_mean_abs_vel,-0.22861901587659297
ch1_mean ch1_meanfreq hand_length,0.22859784895334023
ch2_max ch2_rms ch2_zcr,0.22856465644137897
ch2_std ch2_max ch2_zcr,0.22856463843428962
ch1_mean ch2_skew,-0.22856193723840454
ch1_energy ch2_meanfreq height,-0.22856065605211445
angle_min angle_max set_type,-0.22851145839696382
ch1_rms ch2_p2p angle_p2p,0.2284871735933196
ch1_std ch2_p2p angle_p2p,0.22848716454930545
ch2_peakfreq^2 set_type,-0.22845437841262908
angle_max_abs_vel height hand_length,0.2282872689740288
ch1_energy ch2_mean,-0.22828315435217977
ch1_meanfreq angle_mean exercise,-0.228202610921697
ch1_kurt ch2_energy age,-0.22797701546722995
ch1_min ch2_kurt angle_max,0.22793285445991773
ch1_peakfreq ch2_max ch2_skew,0.22773589503852615
ch1_mean^2 hand_length,0.2275872048194858
ch1_mean ch1_p2p angle_max_abs_vel,0.22753193332095192
angle_min height^2,0.2274932543396226
ch2_max ch2_p2p ch2_peakfreq,0.22746325510174942
ch2_kurt age height,-0.22740890537592162
ch1_peakfreq ch2_max^2,-0.2273392801715738
ch1_skew ch2_mean angle_p2p,-0.22721159710825517
ch2_zcr exercise,0.2272110615634808
ch2_rms ch2_skew,-0.22716663302328552
ch2_std ch2_skew,-0.2271666156109573
ch1_mean ch1_kurt ch1_peakfreq,-0.2270807837434597
ch2_kurt angle_mean angle_max_abs_vel,-0.2269624764866163
ch1_max ch2_max angle_max,-0.22694842100433185
ch1_peakfreq ch2_rms angle_p2p,0.2267713570922767
ch1_peakfreq ch2_std angle_p2p,0.22677134526568044
ch1_meanfreq ch2_min angle_p2p,-0.22657592620919575
ch1_zcr ch1_peakfreq ch2_std,0.22638490777766296
ch1_zcr ch1_peakfreq ch2_rms,0.22638489286454674
ch2_energy ch2_zcr angle_max,0.2262838219218799
ch2_meanfreq ch2_peakfreq angle_mean,-0.22614127439550855
ch2_skew ch2_peakfreq angle_max_abs_vel,0.2260932604837465
ch2_energy^2 angle_p2p,-0.2260831759345692
ch1_mean ch2_min angle_mean_abs_vel,-0.225975201514514
ch1_energy ch1_skew angle_std,0.22584533257014872
ch1_energy ch2_rms age,0.22584323232136794
ch1_energy ch2_std age,0.2258432267757099
ch1_kurt ch2_skew ch2_peakfreq,0.2255451900578948
ch1_meanfreq ch1_peakfreq exercise,-0.2255372176370284
ch1_energy ch2_max ch2_skew,0.2254992981744649
ch1_max ch2_energy hand_length,0.22533344474115352
ch2_p2p ch2_peakfreq angle_mean,-0.22533195519328256
angle_std hand_length^2,0.22523229060049865
ch2_kurt angle_min angle_p2p,0.22504100682963357
ch2_peakfreq angle_min exercise,0.2250303831645244
ch1_max angle_max_abs_vel hand_length,0.22495701513249822
ch1_min angle_std age,0.22449363134721995
ch2_mean ch2_min angle_min,0.22432743841650338
ch2_mean ch2_max angle_mean,-0.224233111414291
ch2_min ch2_kurt angle_min,0.22423010039835484
ch1_mean ch2_mean angle_max_abs_vel,0.22415326924502932
ch2_energy angle_max angle_p2p,-0.22405696617997156
ch1_mean ch2_meanfreq exercise,0.22400275003586176
ch1_max ch1_p2p ch2_skew,-0.22394777116737374
ch2_mean^2 ch2_max,-0.2238716199417753
ch1_kurt ch1_peakfreq ch2_min,-0.22378325025144474
ch2_mean ch2_max ch2_kurt,-0.22363552210158003
ch1_min ch1_peakfreq ch2_meanfreq,0.22362217751138835
ch2_p2p^3,-0.22352402826602372
ch1_p2p ch2_std angle_mean_abs_vel,0.2234196134284217
ch1_p2p ch2_rms angle_mean_abs_vel,0.22341957672682167
ch2_meanfreq angle_max_abs_vel weight,0.22336671998180974
ch1_kurt ch2_p2p age,0.22329737182704223
ch1_energy ch1_peakfreq ch2_mean,-0.2232638612102099
ch1_peakfreq angle_mean_abs_vel age,-0.22324369111901876
angle_mean_abs_vel height hand_length,-0.22318833047901837
ch2_zcr set_type,0.22309738695060854
ch2_min angle_mean age,-0.22297923858547808
ch2_max ch2_skew exercise,0.22287057076112105
ch1_peakfreq ch2_p2p weight,0.22275219596606827
ch1_max ch2_peakfreq angle_p2p,0.222508828935488
ch1_energy hand_length set_type,0.22250226778372395
ch1_skew ch2_min weight,-0.22238301389037957
ch1_min ch1_zcr ch2_meanfreq,0.22223345185319193
ch2_peakfreq angle_mean_abs_vel^2,0.22209137008421087
ch1_std ch1_skew height,-0.22186251953190453
ch1_rms ch1_skew height,-0.2218625132569471
ch2_energy angle_min height,0.2218257954023537
ch2_rms ch2_energy angle_mean,0.2218240078169558
ch2_std ch2_energy angle_mean,0.22182399316422033
ch1_mean ch2_energy exercise,0.22174471650942662
ch2_mean angle_max^2,0.22150528747735504
ch1_energy ch2_peakfreq angle_max_abs_vel,-0.2214842181284634
ch1_mean ch2_std,0.22148170586527166
ch1_mean ch2_rms,0.22148168131884283
ch2_rms ch2_zcr angle_max_abs_vel,0.22125214447813027
ch2_std ch2_zcr angle_max_abs_vel,0.22125214056107073
ch1_rms ch1_kurt ch2_mean,0.22119911463035632
ch1_std ch1_kurt ch2_mean,0.2211991117172843
ch1_max ch1_rms hand_length,0.221184328851544
ch1_std ch1_max hand_length,0.22118430945196532
ch1_min ch2_max angle_min,0.22114194140384666
ch1_skew ch2_peakfreq^2,-0.2211145157908307
ch2_min angle_std set_type,0.2210363305956019
ch2_energy angle_mean_abs_vel,0.2209172258141524
ch2_mean angle_max height,0.22080100019006293
ch1_min ch2_min ch2_meanfreq,0.22061914825069728
ch1_min ch2_peakfreq weight,0.2206148732742314
ch1_mean ch2_rms angle_mean,0.22057271396305184
ch1_mean ch2_std angle_mean,0.22057270123533268
ch1_zcr ch2_min^2,0.22048741986028073
ch1_mean height weight,-0.2204166434710555
ch2_rms angle_p2p set_type,0.2201930075636358
ch2_std angle_p2p set_type,0.2201929595296802
ch2_min ch2_energy ch2_meanfreq,0.22018989683188855
ch2_meanfreq weight set_type,-0.22002693942567442
ch1_zcr ch2_max weight,0.21985207482682917
ch2_mean ch2_std ch2_meanfreq,0.21979331539678443
ch2_mean ch2_rms ch2_meanfreq,0.21979331162136737
ch1_kurt ch2_p2p hand_length,-0.21963754856263934
ch2_meanfreq angle_std angle_min,-0.21957484114815445
ch1_kurt ch2_max angle_p2p,-0.21951395494643638
ch1_peakfreq ch2_zcr angle_mean_abs_vel,-0.21946972100914142
angle_min exercise,0.2194602057501146
ch1_skew ch2_energy^2,-0.2192883978811178
ch2_p2p angle_std angle_max_abs_vel,0.21920011336613235
ch1_skew ch2_std ch2_skew,-0.21915031011846417
ch1_skew ch2_rms ch2_skew,-0.21915030435045862
ch1_min ch1_energy set_type,0.21904348469126494
ch1_p2p ch2_max ch2_p2p,-0.21895656076885436
ch2_std angle_max angle_p2p,-0.21886375219973886
ch2_rms angle_max angle_p2p,-0.2188637401718146
ch1_zcr ch2_std ch2_max,0.21876815868234414
ch1_zcr ch2_max ch2_rms,0.21876815504030755
ch1_mean ch2_zcr angle_max_abs_vel,-0.21865428140146115
ch1_max ch1_meanfreq angle_mean,-0.21857297040797588
ch1_peakfreq ch2_p2p exercise,-0.21827078861655344
ch2_rms angle_max hand_length,0.21824927183339599
ch2_std angle_max hand_length,0.21824922489683052
ch2_min ch2_zcr ch2_skew,-0.21789379794180083
angle_std angle_min weight,-0.21763263247781559
ch1_peakfreq ch2_mean set_type,-0.21747554122898316
ch1_skew ch2_max hand_length,0.21733787429648027
ch1_mean ch1_skew ch2_zcr,0.21733582082783243
weight exercise set_type,0.21730262205056727
ch1_min ch1_energy ch2_meanfreq,0.21716590810931335
ch1_std angle_max weight,-0.21700546260108045
ch1_rms angle_max weight,-0.21700543794829175
ch1_rms ch1_p2p set_type,0.2169412943835909
ch1_std ch1_p2p set_type,0.2169412687988681
ch1_mean ch2_energy ch2_kurt,-0.21675123097628257
ch1_mean ch1_meanfreq angle_max_abs_vel,0.21669573976964562
ch2_rms exercise set_type,-0.21654960050715852
ch2_std exercise set_type,-0.21654957923174203
ch1_meanfreq angle_max angle_mean_abs_vel,0.21653851980531513
ch1_zcr ch2_std ch2_p2p,0.21650240948539018
ch1_zcr ch2_rms ch2_p2p,0.21650240216575295
ch1_mean ch1_meanfreq ch2_peakfreq,-0.2161407411476292
angle_max_abs_vel age^2,-0.21611648135959588
ch2_mean ch2_kurt angle_min,-0.21607268567518872
ch1_skew ch2_meanfreq^2,0.21584379477376903
ch1_meanfreq ch2_max height,-0.2155649105359294
ch1_min angle_min age,0.21552427107455413
ch2_min angle_max height,0.21548878243661262
angle_std^2 angle_max_abs_vel,-0.21543793950081888
ch2_mean ch2_skew ch2_meanfreq,-0.21539535971413631
ch1_mean ch2_energy ch2_meanfreq,-0.21518767143693332
ch2_meanfreq angle_std angle_max,-0.21514839063814747
ch2_zcr ch2_kurt ch2_peakfreq,0.2151245310256446
ch1_meanfreq ch2_max angle_p2p,-0.2150730061237956
ch1_max ch2_mean height,0.21497451257288072
angle_max age exercise,0.2149567823826065
ch2_p2p height exercise,-0.21491770197750065
ch2_std age height,0.21490102147302725
ch2_rms age height,0.21490101503123865
ch1_meanfreq age hand_length,-0.21484177419850967
ch2_min ch2_meanfreq angle_mean,0.21481549861706498
ch1_zcr ch2_mean ch2_p2p,-0.2148113777728809
ch1_mean ch2_std ch2_kurt,-0.21480906387338575
ch1_mean ch2_rms ch2_kurt,-0.21480904904171266
ch2_zcr angle_mean_abs_vel age,-0.21478756382206615
ch2_mean angle_mean angle_min,-0.21478159290546134
ch1_p2p ch1_meanfreq angle_mean,-0.21469295786258252
ch1_mean weight set_type,0.21468881877264284
ch1_min ch2_kurt angle_mean,0.21450935348833777
ch1_min ch2_mean angle_min,-0.2143388598998281
ch2_min ch2_p2p height,-0.21432051557855064
ch2_skew angle_mean weight,0.21422998481463212
ch2_kurt hand_length,-0.214205815748854
ch1_energy ch2_p2p age,-0.21406966543922146
ch1_kurt ch1_meanfreq angle_mean_abs_vel,-0.21397273659850338
ch1_kurt^2 weight,0.21384135128737758
ch1_peakfreq ch2_p2p ch2_peakfreq,0.21378418507568442
ch1_kurt ch2_peakfreq angle_max_abs_vel,0.2137185838517545
ch1_max ch2_energy ch2_kurt,0.21362615399306803
ch2_energy angle_mean angle_p2p,-0.21360822231830656
ch1_energy ch2_max hand_length,-0.21355905757517935
ch1_energy angle_mean_abs_vel angle_max_abs_vel,-0.213547935175403
ch1_skew angle_max height,-0.21348107717214812
ch2_energy angle_std age,-0.21323362170383806
ch1_peakfreq hand_length^2,-0.21316788239711926
ch1_max ch1_p2p angle_max_abs_vel,0.2131651269432502
ch1_skew ch2_skew ch2_kurt,-0.21311523862808784
ch1_skew ch2_max angle_std,0.21305164809243105
ch1_zcr^2 angle_p2p,0.21302135211472661
ch1_energy ch2_max weight,0.21285021228719875
ch2_p2p angle_std,-0.21244968598291708
ch1_mean ch1_peakfreq angle_p2p,-0.21216368058670082
ch2_kurt ch2_meanfreq angle_p2p,0.2120299378228292
ch1_kurt angle_std hand_length,-0.21196752129555363
ch1_skew angle_min angle_p2p,-0.21193116312899885
angle_min angle_max age,0.21177318587073418
ch1_meanfreq ch1_peakfreq hand_length,-0.21175646481978133
ch1_max angle_max set_type,0.21163129554881227
ch2_max ch2_zcr ch2_skew,-0.21162527096269887
ch2_mean exercise,-0.21153379081066834
ch1_peakfreq ch2_min ch2_rms,-0.21152900316849826
ch1_peakfreq ch2_std ch2_min,-0.21152898784850083
ch1_min angle_std height,0.21152849059095732
ch1_mean ch2_mean ch2_energy,-0.21145929161037325
ch1_meanfreq angle_max_abs_vel weight,-0.21131369056934107
ch1_mean ch1_kurt ch2_zcr,0.2112446778294435
ch1_p2p ch2_meanfreq angle_max_abs_vel,-0.21116268843319214
ch1_kurt ch2_energy ch2_kurt,-0.21110226184808012
ch2_mean ch2_kurt height,-0.21093028885139797
angle_p2p^2 angle_max_abs_vel,0.21060796116876782
ch1_kurt ch2_min set_type,-0.2105479828709393
ch1_meanfreq ch2_kurt angle_max_abs_vel,0.21046577113567014
angle_mean angle_p2p age,-0.21044951492399522
ch1_skew ch2_skew ch2_meanfreq,-0.21044179981642536
ch1_energy^2 angle_max,0.21030388257833266
ch1_mean ch2_kurt angle_mean_abs_vel,-0.21025377014351582
ch1_std ch1_min ch2_std,-0.21009950070087818
ch1_std ch1_min ch2_rms,-0.2100994865726498
ch1_min ch1_rms ch2_std,-0.21009948198801823
ch1_min ch1_rms ch2_rms,-0.2100994678597901
ch2_max angle_mean weight,-0.20989454300915134
ch2_energy angle_max_abs_vel weight,0.20989307809846036
ch1_std ch2_peakfreq angle_max_abs_vel,-0.209691458870998
ch1_rms ch2_peakfreq angle_max_abs_vel,-0.2096914576690852
ch1_zcr ch2_energy ch2_peakfreq,0.20966228450499333
ch1_skew ch2_kurt angle_max,-0.20961420189634294
ch1_max ch2_kurt set_type,-0.20959059361486318
ch1_mean ch2_meanfreq angle_max,-0.20945542094390485
ch2_mean angle_max_abs_vel age,-0.20935991974760915
ch2_min angle_min age,-0.20929492057908392
ch2_mean ch2_rms ch2_kurt,0.2092036030762638
ch2_mean ch2_std ch2_kurt,0.20920358911648873
ch1_skew ch2_p2p age,0.20914597093807324
ch1_meanfreq^2 ch2_std,0.20913087342986847
ch1_meanfreq^2 ch2_rms,0.2091308428922175
ch2_zcr ch2_peakfreq angle_p2p,-0.209098462993625
ch1_max ch2_p2p angle_mean,-0.2089292082419534
ch2_rms ch2_meanfreq height,0.20888768416018882
ch2_std ch2_meanfreq height,0.20888766126481675
ch1_min ch1_meanfreq angle_max,0.20882209985217573
ch1_min ch1_p2p ch1_kurt,0.20871085012040758
ch1_mean ch1_std weight,0.20866166934581543
ch1_mean ch1_rms weight,0.20866166247942358
ch2_mean ch2_energy angle_p2p,-0.2085343254398216
ch2_min ch2_kurt hand_length,-0.20849763471114663
ch1_peakfreq^2 ch2_zcr,-0.208341084861273
ch2_skew ch2_kurt ch2_peakfreq,-0.2080495894344518
ch1_kurt ch2_mean ch2_energy,0.20789614147860117
ch1_min ch2_skew angle_p2p,0.20776928591481675
ch1_std ch2_kurt height,-0.20772429459540384
ch1_rms ch2_kurt height,-0.20772428126412917
ch1_min ch2_energy angle_mean,-0.2076076729506494
ch2_energy height set_type,-0.20747563932945992
ch2_kurt angle_p2p weight,-0.20720767026302367
ch1_min ch1_energy ch1_zcr,0.2072003373141339
ch1_kurt ch2_min angle_mean_abs_vel,0.20702987297101696
ch2_min ch2_skew angle_max_abs_vel,-0.20694674917213216
ch1_mean angle_max height,0.20692905800263445
ch1_min ch2_min angle_std,-0.20687379458447192
ch2_zcr age exercise,0.20676013026236845
ch1_kurt ch2_mean exercise,-0.20672076285605753
ch1_zcr ch1_meanfreq ch2_meanfreq,0.20660823617656604
angle_mean age,0.20647804995217223
ch1_peakfreq ch2_mean angle_max_abs_vel,0.20623502276304434
ch1_max ch2_skew height,-0.20611461943444734
ch1_energy ch2_mean ch2_max,0.2059910577987187
ch2_rms angle_min height,0.20587143201093483
ch2_std angle_min height,0.20587141206208223
ch1_p2p ch2_p2p angle_mean,-0.20584278361758881
angle_max^2 age,0.20564396709524427
ch2_peakfreq^2 angle_p2p,0.20546264309759713
ch2_mean ch2_skew ch2_peakfreq,0.20524399464993237
ch1_mean ch1_meanfreq angle_p2p,0.20524092995632692
ch2_zcr ch2_skew ch2_kurt,-0.20523490759119611
ch1_peakfreq angle_max angle_mean_abs_vel,0.20522024941328237
ch2_mean ch2_zcr angle_max,-0.20510925960419057
ch1_peakfreq ch2_min ch2_peakfreq,-0.20492175846323524
ch1_rms age set_type,0.20482826578960867
ch1_std age set_type,0.20482826156681266
ch1_zcr ch1_skew ch2_rms,0.20481923694216625
ch1_zcr ch1_skew ch2_std,0.20481922818113385
ch1_std ch1_peakfreq ch2_std,-0.20470748092306945
ch1_std ch1_peakfreq ch2_rms,-0.20470748087509227
ch1_rms ch1_peakfreq ch2_std,-0.20470747981005133
ch1_rms ch1_peakfreq ch2_rms,-0.20470747976207626
ch1_peakfreq ch2_p2p age,-0.20451613621846276
ch2_p2p ch2_zcr angle_min,-0.20436199482519157
ch2_std angle_mean angle_p2p,-0.20432917333034406
ch2_rms angle_mean angle_p2p,-0.20432916083361377
ch1_mean ch2_energy angle_min,-0.20417908230882897
ch2_peakfreq age weight,0.20405142029849846
ch1_min ch1_skew,0.20402420895541307
ch2_p2p angle_std set_type,-0.20402170899215144
ch1_max ch2_meanfreq set_type,-0.20398456809126717
ch1_min ch1_energy ch2_p2p,-0.20395682403728163
ch1_meanfreq ch2_rms ch2_meanfreq,0.203928276069935
ch1_meanfreq ch2_std ch2_meanfreq,0.2039282524484346
ch2_zcr angle_max_abs_vel hand_length,0.2038288846300247
ch2_p2p angle_min exercise,-0.2034490430023343
ch1_peakfreq angle_max_abs_vel,-0.20340478485887975
ch1_mean ch1_meanfreq ch2_meanfreq,0.20340004947231588
ch1_mean ch1_energy ch2_zcr,0.2032754130388807
ch1_std height exercise,0.20323799809449383
ch1_rms height exercise,0.20323797012717004
ch1_meanfreq ch2_skew height,-0.20308832496869061
ch1_std ch2_rms angle_max_abs_vel,-0.20306012418153674
ch1_rms ch2_rms angle_max_abs_vel,-0.20306012346689425
ch1_std ch2_std angle_max_abs_vel,-0.20306012312634852
ch1_rms ch2_std angle_max_abs_vel,-0.20306012241170582
ch1_energy ch2_mean exercise,-0.20285910385216124
ch2_kurt^2 angle_max_abs_vel,-0.20280633307990287
ch1_meanfreq weight hand_length,0.20273530404492673
ch1_mean ch2_meanfreq set_type,-0.2026836807264121
ch1_meanfreq angle_std^2,-0.202637042244454
ch2_p2p ch2_kurt angle_mean,0.20259870627282356
ch1_mean angle_p2p angle_max_abs_vel,-0.20249987358286417
ch1_min ch2_max height,0.2024266121129124
ch1_mean ch1_std height,-0.2021262200425139
ch1_mean ch1_rms height,-0.20212620883655147
ch1_mean ch2_meanfreq height,0.2019996663358285
ch1_skew ch1_peakfreq height,-0.20173768718313415
ch2_meanfreq ch2_peakfreq set_type,0.20169998224452831
ch1_max ch1_skew ch2_mean,0.20160532755401261
ch1_zcr ch2_max ch2_peakfreq,0.20159744692842585
ch2_rms angle_mean height,0.20148730179224333
ch2_std angle_mean height,0.20148727732163013
ch1_energy ch1_zcr ch2_max,-0.20140016817054768
ch1_zcr ch2_p2p set_type,0.2013826954126416
ch2_kurt angle_min hand_length,-0.20138190434970804
ch1_max ch1_meanfreq ch2_energy,0.20129350063599646
ch1_max ch1_peakfreq angle_max_abs_vel,0.20126061469748247
ch1_skew ch2_p2p ch2_skew,-0.20113481177211107
ch2_p2p angle_p2p age,0.20105697443386586
ch1_mean ch1_zcr^2,0.20102476985041548
angle_min^2 set_type,-0.20051060585732317
ch1_mean ch1_zcr ch2_zcr,-0.2005042744678291
ch1_kurt age hand_length,-0.20040638747633932
ch2_max ch2_energy angle_mean,0.20025095360822046
ch1_meanfreq ch2_zcr angle_mean_abs_vel,0.20018070578893105
ch1_max ch2_p2p ch2_meanfreq,0.19991417648601734
ch1_min ch1_meanfreq angle_mean,0.19986791017561828
ch1_min ch2_max ch2_min,0.19985818438966263
ch1_mean ch1_min ch2_std,-0.1996901933832533
ch1_mean ch1_min ch2_rms,-0.1996901715137886
ch1_zcr ch2_peakfreq height,-0.1995663017065052
ch1_std ch1_energy ch2_min,-0.19908724730406085
ch1_rms ch1_energy ch2_min,-0.19908723877432014
ch1_peakfreq ch2_max ch2_peakfreq,0.19884281498682377
angle_max exercise set_type,0.19878600732680318
ch1_p2p ch2_max exercise,0.1986503789003189
ch1_min ch2_skew angle_mean_abs_vel,0.19858609400555252
ch1_zcr ch1_peakfreq height,0.19802261357267448
ch1_energy angle_std angle_p2p,0.19785079960983015
ch1_meanfreq ch2_kurt ch2_peakfreq,0.19776837801459402
ch1_mean ch1_skew angle_p2p,0.19775294673387012
ch1_std ch2_max angle_max_abs_vel,-0.1974094297127469
ch1_rms ch2_max angle_max_abs_vel,-0.1974094272408808
ch1_p2p ch2_mean ch2_skew,-0.1972834997583044
ch1_p2p ch2_zcr angle_max_abs_vel,-0.19706070986363974
ch1_energy ch2_mean angle_mean_abs_vel,-0.19693433762886764
ch2_max ch2_p2p age,-0.19690153656239096
ch2_min angle_mean hand_length,0.19673472767642547
ch1_energy^2 ch2_energy,-0.19658226042887783
ch1_max ch2_max angle_mean_abs_vel,-0.1965730244229864
ch2_min angle_mean angle_mean_abs_vel,0.19639963031868565
ch1_p2p ch1_kurt ch2_meanfreq,-0.1963389360959017
ch2_zcr angle_std angle_max,0.19589239994266783
ch2_min age^2,0.19547472322578013
ch1_max ch1_peakfreq angle_min,-0.1950650786228999
ch2_mean ch2_skew angle_max_abs_vel,0.19490615100270497
ch1_p2p ch2_rms ch2_meanfreq,0.1947092813795212
ch1_p2p ch2_std ch2_meanfreq,0.19470926397548377
ch1_kurt angle_max,0.19461535603372668
ch1_min angle_max_abs_vel age,-0.19456561168203398
ch2_meanfreq angle_min,-0.1945011936954945
ch1_rms angle_std weight,-0.19450016347080257
ch1_std angle_std weight,-0.19450015538918453
ch1_p2p ch2_min angle_p2p,0.194336938138295
ch1_mean ch1_peakfreq ch2_p2p,0.19406413701561878
ch1_energy ch1_skew ch1_peakfreq,0.19369567052560416
ch2_max ch2_p2p ch2_meanfreq,-0.19369304748591404
ch2_rms ch2_zcr ch2_skew,-0.19350228949150627
ch2_std ch2_zcr ch2_skew,-0.19350226834404405
ch2_meanfreq angle_std age,0.19327832411158752
ch1_zcr ch2_min angle_mean,0.19326804738851192
ch2_energy ch2_zcr height,0.1928517850291478
ch2_max ch2_min angle_p2p,0.19274953304703302
ch2_zcr angle_p2p angle_max_abs_vel,0.19271178487481483
ch1_meanfreq ch2_meanfreq angle_mean_abs_vel,0.19269633994191915
ch1_zcr ch2_min angle_min,0.19266963986155447
ch1_mean ch2_min set_type,-0.192651538803077
ch1_max angle_max_abs_vel weight,0.19263895847379875
angle_mean weight set_type,-0.19263040906061502
ch1_std ch2_min angle_mean_abs_vel,-0.1923997348798785
ch1_rms ch2_min angle_mean_abs_vel,-0.19239973447726677
ch1_meanfreq ch2_energy ch2_kurt,0.19236257844918814
ch1_zcr ch2_std ch2_min,-0.19235605468627176
ch1_zcr ch2_min ch2_rms,-0.1923560449091134
angle_mean hand_length exercise,0.1923102174796062
ch1_mean ch2_zcr weight,-0.19224340191931644
ch1_min ch2_p2p angle_mean,0.1922415121961531
ch1_min ch2_max ch2_rms,-0.1921044146985612
ch1_min ch2_std ch2_max,-0.19210440963612624
ch2_max angle_mean_abs_vel age,0.19195173154468453
ch1_kurt angle_max_abs_vel weight,-0.19192778670719246
ch1_p2p ch1_kurt height,0.19182966712163835
ch1_zcr ch2_std height,0.19181790903728335
ch1_zcr ch2_rms height,0.19181789722753417
angle_max_abs_vel height weight,0.1917542983084454
ch1_p2p ch2_max age,0.19157353675991434
ch1_std weight exercise,0.19156484665905255
ch1_rms weight exercise,0.1915648247517755
ch1_zcr angle_min hand_length,0.19155249395706214
ch1_min ch1_skew angle_max,-0.19151026704288043
angle_mean_abs_vel age hand_length,-0.19135647553581936
ch2_zcr ch2_kurt angle_std,0.19132015490756216
ch2_max ch2_p2p ch2_energy,0.19123168706063196
ch1_peakfreq ch2_kurt angle_max_abs_vel,0.19095087495986798
ch1_min ch2_p2p ch2_kurt,0.19045362634987847
ch1_p2p ch2_rms hand_length,-0.19021409118839847
ch1_p2p ch2_std hand_length,-0.19021406593847218
ch1_meanfreq ch2_skew angle_max_abs_vel,0.19004041356935325
ch2_skew angle_mean angle_max_abs_vel,-0.19002560957444012
ch2_min ch2_rms ch2_p2p,-0.1898036515785591
ch2_std ch2_min ch2_p2p,-0.18980363636967246
ch1_std angle_max_abs_vel set_type,0.18975172970826124
ch1_rms angle_max_abs_vel set_type,0.18975172616431873
ch2_energy ch2_skew,-0.18973117584686952
ch1_energy angle_max_abs_vel weight,0.18957227899588708
ch2_energy angle_max_abs_vel height,0.18943528220374567
ch1_mean ch1_kurt ch2_min,-0.18936099555063848
ch1_energy ch2_max angle_max_abs_vel,-0.18925079846811793
ch1_zcr ch2_max angle_max_abs_vel,0.18908118841869237
ch1_mean ch2_rms angle_min,0.18899452226326868
ch1_mean ch2_std angle_min,0.18899451159127617
ch1_mean^2 weight,-0.18846955841052185
ch1_min ch1_kurt ch2_std,-0.1882817260454943
ch1_min ch1_kurt ch2_rms,-0.18828170805132088
ch1_p2p ch2_meanfreq,0.18821317302052298
ch1_meanfreq ch2_kurt angle_std,0.18728131546867788
ch1_mean ch1_peakfreq ch2_energy,0.1872050056363737
ch1_mean ch1_max ch2_rms,-0.18716995670360947
ch1_mean ch1_max ch2_std,-0.18716993349646666
ch1_min ch2_mean hand_length,-0.18698606310947435
ch1_skew angle_std angle_min,0.18692143641324965
ch1_min ch2_mean angle_p2p,-0.18670898191285892
ch1_max angle_mean angle_p2p,0.18646726491305773
ch1_meanfreq ch2_peakfreq angle_std,-0.18633454029627966
ch2_energy ch2_meanfreq^2,0.18606203616751557
ch1_rms ch2_zcr ch2_skew,-0.18602358447857126
ch1_std ch2_zcr ch2_skew,-0.1860235736327619
ch1_min ch2_min angle_min,0.18571035465508937
ch2_kurt angle_max hand_length,-0.1857039166910721
ch1_zcr ch2_mean ch2_peakfreq,0.1856335167021207
angle_min height hand_length,-0.1856224821821597
ch1_energy ch1_peakfreq height,-0.18560605657722684
ch1_max ch1_kurt ch2_mean,-0.1851997573654897
ch1_peakfreq ch2_std ch2_kurt,-0.18515349800154268
ch1_peakfreq ch2_rms ch2_kurt,-0.18515345898727176
ch2_skew angle_max_abs_vel set_type,0.18488361722655755
angle_mean_abs_vel age set_type,-0.1848476175438507
ch1_rms ch1_energy ch2_max,-0.18480096287941888
ch1_std ch1_energy ch2_max,-0.1848009458468607
ch2_mean ch2_min ch2_zcr,0.18469042609751968
ch1_energy ch1_kurt ch2_kurt,-0.18461182150093702
ch1_meanfreq angle_mean angle_max,0.1844953750392259
angle_p2p angle_max_abs_vel weight,0.18429673127213778
ch1_zcr ch2_min ch2_p2p,-0.18412714794592558
ch1_zcr angle_max_abs_vel height,-0.18393552134185737
ch1_max ch1_kurt angle_max_abs_vel,0.18371675835148
ch2_min angle_max_abs_vel weight,-0.18370086015380122
ch1_max angle_mean weight,0.18357518811281254
ch1_p2p ch1_energy ch2_mean,-0.1833956603405113
ch2_peakfreq^2 angle_max_abs_vel,0.1833118257966838
ch1_max ch2_mean angle_p2p,-0.18316509069518527
ch1_mean ch1_zcr ch2_energy,-0.1831490469771517
ch1_min angle_max_abs_vel height,0.18281019433330806
angle_p2p exercise set_type,0.18273333630543065
ch1_min ch1_p2p set_type,0.18272190062625915
ch1_p2p hand_length set_type,-0.18271163865038265
ch1_energy ch2_meanfreq weight,-0.18260632548442457
ch1_min ch1_kurt ch2_energy,0.18260434626407018
ch2_mean angle_max_abs_vel set_type,0.18260388177720804
ch1_std ch2_zcr angle_max_abs_vel,-0.18236014425686115
ch1_rms ch2_zcr angle_max_abs_vel,-0.18236014416642765
ch2_energy ch2_kurt^2,-0.18229625557892035
ch2_max ch2_p2p ch2_zcr,-0.18220427440420955
ch1_skew ch2_max height,-0.182074698698373
ch2_kurt,0.18206536313665023
ch2_kurt set_type^2,0.18206536313665
ch2_kurt exercise^2,0.18206536313665
ch2_kurt ch2_peakfreq angle_max,0.18141339666664258
ch1_min ch2_min exercise,-0.18134063605002035
ch1_peakfreq ch2_energy angle_std,-0.18123729634874364
ch1_kurt angle_max_abs_vel age,-0.18123368553628405
ch1_kurt ch2_zcr weight,-0.18111834132995805
ch2_peakfreq weight,-0.18109414417089714
ch1_min ch2_std ch2_kurt,0.18096126258251055
ch1_min ch2_rms ch2_kurt,0.1809612500130775
ch1_skew ch2_skew^2,0.1806323172403429
ch1_min angle_std hand_length,0.18053692084506834
ch1_meanfreq ch2_p2p angle_mean_abs_vel,0.18051154685073706
ch1_meanfreq^2 ch2_min,0.18033095130346444
ch1_mean ch2_energy angle_std,0.18019648746327452
ch2_kurt angle_p2p,0.18008623319338923
ch1_energy angle_max_abs_vel set_type,0.17991250140656043
ch1_zcr ch1_kurt ch1_peakfreq,-0.17952524397188918
ch1_mean ch2_skew angle_p2p,0.17952077110367035
ch1_kurt ch2_max angle_max_abs_vel,0.1791889479814604
ch2_p2p^2 ch2_peakfreq,0.17918497167717634
ch1_rms ch1_zcr ch2_skew,0.17907173645550867
ch1_std ch1_zcr ch2_skew,0.179071711462499
ch1_meanfreq^2 angle_min,-0.1790638850607723
ch1_peakfreq ch2_kurt angle_mean_abs_vel,-0.17904669779111876
ch1_zcr angle_mean hand_length,0.1789981888228348
ch1_p2p ch2_energy angle_p2p,-0.17877297137348688
ch2_p2p ch2_skew ch2_kurt,-0.1787258002760535
angle_min exercise set_type,0.17870343428261648
ch2_peakfreq angle_max_abs_vel set_type,0.17869547271966424
ch1_p2p ch2_zcr set_type,0.17866959308866795
ch1_meanfreq ch2_mean ch2_kurt,0.1785058053420977
ch1_kurt ch2_mean age,-0.17849941174779238
ch1_rms ch1_energy ch2_zcr,-0.17838551962751376
ch1_std ch1_energy ch2_zcr,-0.17838551171431627
ch1_zcr^2 ch1_peakfreq,0.17838107190227093
ch2_p2p ch2_kurt angle_p2p,-0.17817701973307218
ch2_min angle_std angle_max_abs_vel,-0.1780271679163113
ch2_peakfreq angle_std angle_max_abs_vel,0.17802077429532592
angle_max hand_length exercise,0.17800018755406177
ch1_min ch2_skew ch2_meanfreq,0.17779353824869837
ch1_std ch1_kurt ch2_skew,-0.1777660705959564
ch1_rms ch1_kurt ch2_skew,-0.17776605470005225
ch1_skew ch2_energy,-0.17761507461830622
ch1_max angle_min angle_max_abs_vel,-0.17756660350697376
ch1_std ch1_energy ch2_energy,0.1775353375148842
ch1_rms ch1_energy ch2_energy,0.17753533455158405
ch1_zcr ch2_rms set_type,-0.17747686316906713
ch1_zcr ch2_std set_type,-0.1774768414131524
ch1_zcr ch2_zcr ch2_skew,-0.1773676298370153
ch1_mean ch2_min hand_length,-0.17699708476639203
ch2_max ch2_rms angle_mean,0.1769949109381137
ch2_std ch2_max angle_mean,0.17699490327036554
ch1_energy ch2_p2p set_type,0.17687613194754764
ch1_energy ch1_skew ch1_meanfreq,-0.17682549879596293
ch2_peakfreq angle_mean_abs_vel angle_max_abs_vel,0.17654366047826878
ch1_zcr ch2_kurt angle_max_abs_vel,0.17649145643296985
angle_max_abs_vel age height,-0.17625839580701214
ch1_mean ch2_kurt hand_length,0.17599373271559648
ch1_max ch1_min ch1_kurt,-0.17578936191862504
ch1_p2p ch2_max angle_mean_abs_vel,-0.17576775340652978
ch2_mean ch2_rms angle_min,0.17555344057447245
ch2_mean ch2_std angle_min,0.1755534087381261
ch2_meanfreq angle_max_abs_vel hand_length,0.1753972187882269
ch1_zcr^2 ch1_meanfreq,-0.1751455598794135
ch1_min ch2_p2p hand_length,0.1750519576549328
ch1_meanfreq angle_mean_abs_vel exercise,-0.17502977838021433
ch1_energy ch1_zcr ch2_p2p,-0.1749909936473573
ch2_p2p ch2_zcr age,0.17497955054601627
ch1_meanfreq^2 angle_mean,0.17494628394854245
ch1_min ch1_peakfreq angle_p2p,0.17482051466760823
ch2_p2p ch2_kurt angle_mean_abs_vel,0.17473086361885748
ch1_skew ch2_peakfreq exercise,-0.17469382059732924
ch1_min^2 ch2_peakfreq,0.17450995624134197
ch1_zcr^2 angle_max_abs_vel,-0.17446286255178062
ch2_p2p angle_max,-0.1737699724198963
ch2_rms ch2_kurt angle_p2p,0.17371159672760159
ch2_std ch2_kurt angle_p2p,0.17371159048473886
ch1_max ch1_peakfreq ch2_min,0.1736178922290192
ch1_std ch2_kurt hand_length,-0.17358127098234205
ch1_rms ch2_kurt hand_length,-0.17358126572119648
ch1_max ch1_rms height,0.17331616839468986
ch1_std ch1_max height,0.17331615676141982
ch2_std angle_mean_abs_vel height,-0.1730909255169297
ch2_rms angle_mean_abs_vel height,-0.1730909169197828
angle_min angle_p2p exercise,-0.17291250357499136
ch2_skew ch2_peakfreq angle_p2p,0.1728999963857483
ch1_max angle_min age,0.17278917293295099
ch1_min ch2_p2p,-0.17277677971840666
ch2_kurt age,-0.1727099363099589
ch1_std ch2_zcr,-0.17261537433869312
ch1_rms ch2_zcr,-0.172615370415163
ch1_zcr^2 ch1_kurt,-0.17256190496307994
ch1_skew ch2_kurt angle_mean,-0.17247051567886157
angle_max angle_p2p set_type,0.17246900104129437
ch1_rms ch2_energy angle_p2p,0.17225632081643139
ch1_std ch2_energy angle_p2p,0.17225630932623973
ch1_kurt ch2_max hand_length,0.1720498099189069
angle_min angle_max angle_p2p,0.1720012947777747
ch1_rms angle_min angle_p2p,0.17197984819041867
ch1_std angle_min angle_p2p,0.17197983463834415
ch1_mean angle_mean_abs_vel^2,0.1719314325003085
ch1_std ch2_p2p age,-0.17167984080547305
ch1_rms ch2_p2p age,-0.17167982938817117
ch1_min ch2_mean angle_mean,-0.17167772619253058
ch2_max ch2_skew ch2_meanfreq,-0.17149871390719867
ch1_max angle_max_abs_vel,-0.17143641136643795
ch1_min angle_p2p age,0.17142736605953268
angle_std angle_mean_abs_vel age,-0.1713623794962889
ch1_zcr ch1_peakfreq exercise,0.1712061249902521
ch1_min angle_max_abs_vel set_type,-0.17115334710592606
ch2_max^2 angle_p2p,0.17111442621796827
angle_max height hand_length,0.17101817833916075
ch1_mean ch1_kurt angle_max_abs_vel,0.17095371970384798
ch1_min angle_mean age,0.170856461447508
ch1_kurt ch1_meanfreq hand_length,0.17078756919468951
ch2_zcr ch2_meanfreq angle_std,0.17077500866124418
ch1_zcr angle_max weight,0.17074136519817817
ch1_std ch1_min angle_max_abs_vel,-0.17028277126366798
ch1_min ch1_rms angle_max_abs_vel,-0.17028277031080444
ch2_max ch2_min^2,0.17000257484586626
ch2_zcr weight exercise,0.1697386061779766
ch2_kurt angle_std set_type,0.16953053465719392
ch2_p2p^2 angle_mean,-0.16947504922739237
ch2_energy angle_max height,0.1692600002750502
ch1_kurt ch2_min age,0.16920643539379954
ch2_max height hand_length,0.16917947739610176
ch2_min angle_mean exercise,-0.16917788353188776
ch2_rms ch2_peakfreq angle_max_abs_vel,0.16903774133426555
ch2_std ch2_peakfreq angle_max_abs_vel,0.16903773908937209
ch2_max ch2_skew angle_max,-0.16885603367939295
ch2_std angle_p2p hand_length,-0.1687024622358343
ch2_rms angle_p2p hand_length,-0.16870241268584163
ch1_meanfreq ch2_min ch2_kurt,-0.1686523784864793
ch2_p2p hand_length exercise,0.16861358603279947
ch1_kurt angle_mean weight,0.16860539339508518
ch1_mean ch1_peakfreq angle_max_abs_vel,0.16854602628864043
ch1_max ch2_p2p weight,0.16841340247358644
ch2_meanfreq angle_mean angle_min,-0.1683743572229137
ch2_p2p angle_max_abs_vel weight,0.1681932640002321
ch2_mean ch2_std angle_mean_abs_vel,0.16816624904014094
ch2_mean ch2_rms angle_mean_abs_vel,0.16816621561191536
angle_max^2 set_type,-0.16815076125705636
ch1_kurt ch2_kurt angle_max_abs_vel,0.16799923757443552
ch1_energy^2 ch2_zcr,0.16796769725762434
ch1_max ch2_min height,-0.1678001798018549
ch1_min ch2_kurt set_type,-0.16759365123856762
ch1_max^2 angle_max_abs_vel,0.16750346851912531
ch1_kurt hand_length exercise,-0.16748156809334558
ch1_meanfreq ch2_std hand_length,0.16738697952608705
ch1_meanfreq ch2_rms hand_length,0.1673869506225168
ch1_std ch2_std angle_mean_abs_vel,0.16736374359243195
ch1_rms ch2_std angle_mean_abs_vel,0.16736373687219852
ch1_std ch2_rms angle_mean_abs_vel,0.1673637196395653
ch1_rms ch2_rms angle_mean_abs_vel,0.16736371291933172
ch2_max angle_max weight,-0.16722553336644924
ch1_mean ch1_min ch1_skew,-0.16719186618145854
ch2_max ch2_p2p angle_min,-0.16709249818919325
ch1_mean ch2_zcr set_type,0.1670633295956534
ch1_energy ch2_std angle_mean_abs_vel,0.1669649899611716
ch1_energy ch2_rms angle_mean_abs_vel,0.16696496522150472
ch2_kurt angle_max_abs_vel height,0.166834560544656
ch2_mean angle_min angle_max,-0.16663451740224655
ch1_mean ch2_kurt set_type,-0.16651243270460048
ch1_std ch1_peakfreq set_type,0.16631471268106846
ch1_rms ch1_peakfreq set_type,0.16631471053493896
ch2_energy^2 angle_max_abs_vel,0.16603199570478122
ch1_energy ch2_rms angle_max_abs_vel,-0.16581543525575254
ch1_energy ch2_std angle_max_abs_vel,-0.16581543401744075
ch2_zcr angle_max_abs_vel,0.16571201855639558
ch1_rms hand_length set_type,-0.165667861195455
ch1_std hand_length set_type,-0.16566784597641576
ch1_max ch2_min angle_p2p,-0.16560478943222448
ch1_kurt ch1_meanfreq weight,-0.16548775524589027
ch1_zcr ch2_max angle_p2p,0.16531199626419318
ch1_zcr ch2_skew ch2_kurt,0.16500969255053294
angle_max angle_p2p exercise,-0.16474098350811706
ch1_min ch1_skew angle_max_abs_vel,-0.16472912654382912
ch2_max angle_p2p hand_length,-0.16471284208261178
ch1_meanfreq ch2_std ch2_kurt,-0.1646883064438049
ch1_meanfreq ch2_rms ch2_kurt,-0.1646882925253419
ch1_max ch1_meanfreq ch2_zcr,-0.16439664982419117
ch1_max ch2_kurt angle_max_abs_vel,0.16420790075616892
ch2_p2p ch2_zcr hand_length,-0.16416501479281997
ch1_skew ch2_max,0.164164911216737
ch1_p2p ch2_p2p angle_std,0.16402145057629736
ch1_p2p ch2_min ch2_skew,0.16390580740853583
ch1_peakfreq ch2_kurt exercise,0.16382574199394723
ch2_mean ch2_energy angle_std,0.1636493903386036
ch2_zcr ch2_peakfreq,-0.163606908143327
ch2_rms ch2_zcr hand_length,0.16338261352694256
ch2_std ch2_zcr hand_length,0.16338256867848666
ch1_peakfreq angle_max_abs_vel height,-0.16333489702711837
ch2_mean ch2_kurt hand_length,0.16323740072082038
ch1_meanfreq ch2_max angle_max_abs_vel,0.16311920840638627
ch1_rms ch1_peakfreq exercise,0.16303722821327737
ch1_std ch1_peakfreq exercise,0.16303721842489782
ch2_mean ch2_max exercise,0.16300577318001613
ch1_max ch1_kurt ch2_min,-0.16300545386013224
ch2_mean ch2_max ch2_skew,0.16279721277064294
ch1_zcr ch1_peakfreq angle_max,-0.16278358808113408
ch2_meanfreq angle_std exercise,0.16253796736777035
ch1_max angle_std angle_p2p,-0.16248375288721645
ch2_rms ch2_p2p angle_mean,0.16247282255115109
ch2_std ch2_p2p angle_mean,0.16247280788672613
ch1_max ch2_max set_type,-0.16244668189304945
ch2_peakfreq angle_p2p height,0.16241298267585164
ch1_kurt ch2_kurt angle_mean_abs_vel,-0.1623997941001419
ch2_std ch2_max^2,-0.16237209169417877
ch2_max^2 ch2_rms,-0.16237208998068708
ch1_mean ch2_kurt angle_max_abs_vel,-0.16226200035200153
ch1_mean ch1_kurt ch2_energy,-0.16202647468284737
ch2_rms ch2_energy exercise,-0.16194151384079272
ch2_std ch2_energy exercise,-0.16194149789013174
ch1_mean ch2_energy angle_mean,-0.1619255543152378
ch1_meanfreq ch1_peakfreq angle_p2p,0.1617672214771817
ch1_meanfreq^2 set_type,-0.1616303070444708
ch1_meanfreq ch2_peakfreq angle_max_abs_vel,0.16161021022145908
ch1_min ch1_skew angle_mean,-0.1613258439206299
angle_mean angle_min age,0.16097476875502284
ch1_min ch1_peakfreq height,-0.1609596782999274
ch1_min ch2_energy hand_length,0.16079596985381464
ch2_peakfreq exercise set_type,0.16075380224065347
ch1_zcr ch2_std hand_length,0.16057306078589614
ch1_zcr ch2_rms hand_length,0.16057304480933016
ch2_max angle_std set_type,-0.16055311391290863
ch1_max ch2_peakfreq height,0.16038047433916058
ch1_min ch1_energy angle_min,0.16005085965117682
ch2_max^2 ch2_min,0.1600162899527835
ch1_std ch2_kurt set_type,-0.15995442274835509
ch1_rms ch2_kurt set_type,-0.1599544185889652
angle_max_abs_vel age weight,-0.15981426280475386
ch2_peakfreq angle_mean angle_min,0.1597833049252943
ch2_min ch2_kurt angle_mean,0.1595433084951937
ch2_mean angle_mean angle_max,0.15944299943625267
ch1_zcr ch2_peakfreq angle_max_abs_vel,0.15920956984258525
ch1_mean ch2_energy angle_p2p,0.15915309839629513
ch1_max^2 angle_std,0.15912783741163705
ch1_rms ch1_peakfreq height,-0.1590238820205137
ch1_std ch1_peakfreq height,-0.1590238717662722
ch1_p2p ch1_zcr ch1_peakfreq,0.15866883922932162
ch2_mean ch2_max,0.15865782289212033
ch1_mean ch1_min ch1_zcr,0.15864348503559395
ch2_max ch2_zcr weight,0.1584064744131395
ch1_meanfreq ch2_std angle_p2p,0.15839717102935186
ch1_meanfreq ch2_rms angle_p2p,0.1583971709644179
ch2_skew age weight,0.15839586558844598
ch2_max angle_min angle_max_abs_vel,-0.1583304677878713
ch2_peakfreq angle_p2p angle_mean_abs_vel,0.15832148596744158
ch2_std angle_max_abs_vel weight,0.15828047536734113
ch2_rms angle_max_abs_vel weight,0.15828047092663872
ch2_meanfreq angle_p2p set_type,0.1581281205323758
ch1_kurt angle_max_abs_vel^2,-0.15800703375573338
ch2_rms ch2_energy ch2_zcr,0.15765480277160632
ch2_std ch2_energy ch2_zcr,0.15765478667284635
ch1_energy^2 ch2_rms,-0.15719879149102498
ch1_energy^2 ch2_std,-0.15719878792675973
ch1_mean ch1_std angle_mean_abs_vel,-0.15703346262151446
ch1_mean ch1_rms angle_mean_abs_vel,-0.15703344536532682
ch1_std ch1_p2p angle_max_abs_vel,0.15692963536608964
ch1_rms ch1_p2p angle_max_abs_vel,0.15692963506138
ch1_rms angle_mean_abs_vel angle_max_abs_vel,-0.15677574845870132
ch1_std angle_mean_abs_vel angle_max_abs_vel,-0.15677574771323177
ch1_zcr ch2_peakfreq age,-0.15668615944738234
ch1_rms ch1_peakfreq angle_min,-0.1565304711766783
ch1_std ch1_peakfreq angle_min,-0.15653046147198135
ch2_skew age height,0.15644161418284122
ch2_min angle_mean height,0.15643032472049218
ch1_meanfreq^2 weight,0.156299016159895
ch2_mean ch2_energy ch2_kurt,-0.15629435738765307
ch1_mean angle_mean_abs_vel height,-0.15612813016690033
ch1_max angle_mean angle_max_abs_vel,-0.15609649269701706
ch2_energy ch2_kurt age,0.15607849054957712
ch1_kurt age set_type,-0.1560046217556973
ch2_energy ch2_meanfreq height,0.15587540120974408
ch1_skew angle_mean_abs_vel angle_max_abs_vel,-0.15582451845879158
ch2_p2p^2 ch2_energy,0.15581677531971302
ch1_kurt ch2_p2p,-0.15561199055607525
ch2_max angle_mean angle_max_abs_vel,-0.1556101769987273
ch1_max angle_std angle_max_abs_vel,0.15556499990832234
ch2_mean angle_max age,0.15536014238023077
ch2_min ch2_energy angle_min,0.15502482557785235
ch1_max ch1_min ch2_p2p,0.15500466340296346
ch2_max ch2_p2p angle_max,-0.15488384881208905
ch1_p2p ch2_mean height,0.15485466519259006
ch2_p2p angle_min angle_max,0.15485132755088687
ch1_mean ch2_min angle_std,-0.154624901358103
ch2_zcr angle_max age,0.15458213668059007
ch1_zcr ch2_kurt set_type,0.15452013716652813
ch2_rms ch2_p2p^2,0.15449714874992662
ch2_std ch2_p2p^2,0.1544971374676622
ch2_kurt angle_max_abs_vel hand_length,0.1544667240617562
ch1_max ch2_std angle_std,0.1543356850302631
ch1_max ch2_rms angle_std,0.15433564264319055
ch1_energy ch1_zcr ch1_skew,-0.1543021803642361
ch1_std ch1_meanfreq set_type,-0.1541253827395308
ch1_rms ch1_meanfreq set_type,-0.15412537420325467
ch1_p2p ch2_max hand_length,0.15411609898959236
ch1_mean ch1_kurt age,0.15406749185637664
ch1_mean ch2_rms age,0.15401018537345573
ch1_mean ch2_std age,0.15401016524937858
ch1_skew ch2_zcr ch2_skew,-0.15388819893896108
ch1_max ch2_p2p angle_min,-0.1537724606690085
ch1_meanfreq angle_p2p weight,0.15370615614851557
ch1_rms^2 ch2_max,-0.1537042255861482
ch1_std ch1_rms ch2_max,-0.1537042066646357
ch1_std^2 ch2_max,-0.15370418774312267
ch2_max angle_mean_abs_vel angle_max_abs_vel,0.15369744650243072
ch1_min ch1_energy ch2_zcr,-0.15351834392647812
ch1_zcr ch1_kurt angle_max_abs_vel,-0.15340786651428523
ch1_std ch1_meanfreq angle_mean_abs_vel,0.1533430114951293
ch1_rms ch1_meanfreq angle_mean_abs_vel,0.15334299020928577
ch2_rms^2 ch2_energy,0.15331949056417535
ch2_std ch2_rms ch2_energy,0.1533194792239752
ch2_std^2 ch2_energy,0.15331946788377718
ch1_meanfreq ch2_zcr weight,0.15329879245329395
ch1_min ch1_zcr ch1_kurt,-0.1531240182121173
ch2_max ch2_meanfreq angle_p2p,-0.1530946252159211
ch1_max ch2_rms^2,0.15302311675088065
ch1_max ch2_std ch2_rms,0.1530231151464681
ch1_max ch2_std^2,0.15302311354205517
ch2_std angle_p2p angle_max_abs_vel,0.15292867298878576
ch2_rms angle_p2p angle_max_abs_vel,0.15292867264453416
angle_std angle_mean_abs_vel^2,-0.1529088300293459
ch2_std^2 angle_mean,-0.15290526437144453
ch2_std ch2_rms angle_mean,-0.15290524965161517
ch2_rms^2 angle_mean,-0.1529052349317853
ch1_peakfreq ch2_min weight,-0.15267613645318423
ch1_min ch1_peakfreq angle_mean,0.15264296812155143
ch1_p2p ch2_meanfreq set_type,0.15246488659036678
ch2_mean ch2_p2p angle_mean,-0.15226718182330864
ch2_min ch2_meanfreq age,0.152244231127735
ch1_min ch2_peakfreq set_type,0.15223102875367023
ch1_p2p ch1_kurt angle_max,-0.1521642453441685
ch2_skew angle_mean height,0.15186343348401588
ch1_p2p ch2_p2p ch2_peakfreq,0.15184067160829573
ch1_mean ch2_max ch2_skew,0.15174094336714056
ch1_kurt ch1_meanfreq angle_min,0.1517022577673891
ch2_zcr angle_p2p angle_mean_abs_vel,0.1515502465819749
ch1_meanfreq ch2_p2p ch2_meanfreq,0.15141965408549368
ch1_zcr ch1_kurt age,0.151357431581861
ch2_min^2 ch2_kurt,-0.15129903281661763
ch1_min ch1_meanfreq ch2_meanfreq,0.15128777341061359
ch1_min ch2_energy,0.1512810764200101
ch2_mean ch2_rms exercise,-0.15112002313816897
ch2_mean ch2_std exercise,-0.15112001311415474
ch1_mean angle_std hand_length,0.15109879442713242
ch1_std ch1_skew ch2_energy,0.1509223636278494
ch1_rms ch1_skew ch2_energy,0.15092235586375308
ch1_mean ch2_meanfreq^2,-0.15088173120227205
ch1_p2p ch2_min exercise,0.15085567178176168
ch1_skew exercise,0.1508272377553863
ch1_skew ch2_mean angle_max_abs_vel,-0.1506442278773778
ch1_p2p ch1_zcr ch2_meanfreq,0.15058706283866288
ch1_kurt angle_min hand_length,0.15049808760285177
ch2_p2p^2 angle_std,-0.15046939766927048
ch1_kurt ch1_peakfreq age,0.15043029461940438
ch1_rms ch2_max hand_length,0.15038815089958468
ch1_std ch2_max hand_length,0.15038813201148904
ch2_max ch2_min angle_mean,0.15022855987551686
ch1_max angle_max angle_max_abs_vel,-0.15013728823736644
ch2_std ch2_min ch2_zcr,0.1501161250193483
ch2_min ch2_rms ch2_zcr,0.1501160997924923
ch1_p2p^2 ch1_zcr,-0.15007854107287558
ch2_zcr angle_std angle_p2p,-0.1500683559596988
ch1_kurt ch1_meanfreq ch2_energy,0.1496823250167063
ch1_kurt ch1_meanfreq angle_std,0.14959844159124708
ch2_min hand_length,0.1495905683735259
ch1_peakfreq ch2_max angle_max_abs_vel,0.14958940914835456
angle_max angle_p2p angle_max_abs_vel,0.14950313557397832
ch2_std angle_mean_abs_vel,0.14941032439802335
ch2_rms angle_mean_abs_vel,0.14941032104806573
ch2_meanfreq angle_min angle_p2p,0.14931897996208904
ch1_std angle_mean_abs_vel age,0.14931418750571668
ch1_rms angle_mean_abs_vel age,0.1493141782996376
ch1_mean ch2_energy angle_max,-0.14917608090312579
ch1_energy angle_std weight,0.1491026682915504
ch1_zcr ch1_peakfreq set_type,-0.1490085087057169
ch1_mean ch1_skew ch2_min,0.14878937539009174
ch1_p2p angle_std angle_max_abs_vel,0.14875363770794287
ch2_p2p angle_max_abs_vel height,0.1486258758184521
ch1_meanfreq ch2_p2p angle_mean,-0.14862525497984613
ch1_skew ch2_zcr angle_max_abs_vel,-0.14838816916429448
ch1_min ch2_p2p angle_max,0.1483615868272279
ch1_max ch2_max exercise,0.1483332264698703
ch2_kurt ch2_peakfreq angle_max_abs_vel,-0.148271337639368
ch2_p2p ch2_kurt hand_length,0.1482269242459736
ch1_meanfreq ch2_min,-0.1481961887380791
ch1_meanfreq ch2_mean angle_min,0.14817106878442235
ch2_skew angle_max angle_max_abs_vel,-0.14813900609099628
ch2_kurt angle_mean_abs_vel angle_max_abs_vel,0.14813147320790462
ch2_energy ch2_zcr ch2_meanfreq,0.1481260934605334
ch1_zcr ch2_peakfreq hand_length,-0.14807581625615687
ch1_min ch1_p2p angle_max,0.1479818794027532
ch1_std ch2_p2p angle_max_abs_vel,-0.14795129541872637
ch1_rms ch2_p2p angle_max_abs_vel,-0.1479512947951629
ch1_zcr ch2_skew angle_p2p,0.14792532525027144
ch1_p2p angle_max_abs_vel set_type,0.14778104873671172
ch2_zcr^2 hand_length,-0.1476077551069902
ch2_peakfreq age,-0.1474846327861405
ch2_mean weight,0.14745849196857042
ch1_max angle_min height,0.14735457723842113
ch1_std ch1_skew ch1_meanfreq,-0.14722870170368113
ch1_rms ch1_skew ch1_meanfreq,-0.14722868224743818
ch1_meanfreq angle_std height,0.14721796366749001
ch1_zcr ch2_max height,-0.14710776066423653
ch2_min ch2_energy exercise,-0.14705472753491772
ch1_std ch1_skew ch2_min,-0.14694874035399352
ch1_rms ch1_skew ch2_min,-0.14694873880537826
ch1_skew angle_p2p angle_mean_abs_vel,-0.14684079558179514
ch1_energy ch1_peakfreq ch2_peakfreq,0.1466355056411811
ch1_rms ch1_peakfreq angle_mean,-0.14661715187950597
ch1_std ch1_peakfreq angle_mean,-0.14661714053900243
ch1_min ch2_max angle_mean_abs_vel,0.1465859034374536
ch1_kurt ch2_kurt weight,-0.14646428302291148
ch2_max angle_max_abs_vel exercise,0.1463754796802475
ch2_max ch2_p2p exercise,0.14632847648081898
angle_std angle_p2p angle_max_abs_vel,0.1462809451935233
angle_std height hand_length,0.14612402490732657
ch2_min age height,-0.1461089262460789
ch1_kurt ch1_peakfreq ch2_std,0.14607974955958788
ch1_kurt ch1_peakfreq ch2_rms,0.14607973084350073
ch1_min ch2_max ch2_zcr,0.1459652091976196
ch1_mean ch2_rms ch2_skew,-0.1458851495347197
ch1_mean ch2_std ch2_skew,-0.14588514712249506
ch1_zcr ch1_peakfreq ch2_meanfreq,0.145439320570487
ch2_min angle_max_abs_vel height,-0.14542101791066814
ch2_max angle_min angle_p2p,-0.145179824385128
ch1_kurt age weight,-0.14507175520299387
ch1_rms ch1_p2p ch1_zcr,0.1450517070368142
ch1_std ch1_p2p ch1_zcr,0.14505169084448752
ch2_skew angle_min angle_max_abs_vel,-0.14487589979458929
ch2_p2p angle_mean hand_length,-0.1448272843430303
ch2_mean ch2_energy,-0.14482173966732145
ch1_p2p ch2_meanfreq hand_length,-0.14479566468248187
ch1_zcr ch2_min ch2_meanfreq,0.14478203196078354
angle_std angle_max_abs_vel set_type,0.14467521936599215
ch2_max angle_max_abs_vel hand_length,0.14463204618574924
ch1_p2p ch1_peakfreq ch2_min,0.14458823232391638
ch1_p2p ch2_skew angle_mean_abs_vel,-0.14453840346978009
ch1_meanfreq ch2_skew ch2_kurt,-0.14439115983054895
ch1_p2p angle_max_abs_vel,-0.14435919062450459
ch1_rms ch2_max angle_p2p,0.14429092143566152
ch1_std ch2_max angle_p2p,0.14429091618030354
ch1_mean ch2_min ch2_energy,-0.14419322558032088
ch1_skew ch2_min ch2_skew,0.1441560902695614
ch1_mean ch2_max age,0.14410585551858954
ch1_min ch1_skew ch2_kurt,0.1439889641171963
ch1_meanfreq ch2_energy angle_min,0.1439165651895688
ch1_min^2 ch1_skew,0.14390351147209673
ch1_energy angle_p2p exercise,-0.14389621355962756
ch1_min ch1_zcr ch2_energy,0.14383454639160453
ch1_max ch2_p2p angle_p2p,0.14381248861937335
ch1_zcr angle_max_abs_vel weight,-0.14369539730359496
ch2_meanfreq height^2,0.1436621515568028
ch1_max height weight,-0.1436525269733675
ch2_mean ch2_energy ch2_zcr,0.14357798953396544
ch1_max ch1_skew ch2_energy,0.14347384604407587
ch1_zcr ch2_min ch2_energy,-0.14331340360874217
ch2_rms ch2_zcr set_type,0.1432834758409299
ch2_std ch2_zcr set_type,0.14328347347231035
ch1_meanfreq ch2_energy exercise,-0.1432744170802572
ch1_mean^2 ch1_zcr,-0.1431998989359304
ch1_peakfreq ch2_p2p angle_max,0.14311942719426538
ch1_kurt ch2_energy angle_p2p,0.14299637179723942
ch1_kurt ch2_max weight,0.14295551424209663
ch2_energy age weight,0.1427979433565905
ch2_zcr angle_max weight,-0.14268795653985428
ch2_peakfreq height,-0.1426200061403779
ch2_kurt^2 exercise,0.14229826149115382
ch1_min ch1_p2p weight,-0.1422684427422648
ch2_skew angle_mean hand_length,-0.14214563767894817
ch1_energy ch1_kurt angle_p2p,-0.14212109446202648
ch1_meanfreq ch2_energy hand_length,0.14180959436905444
ch1_zcr^2 weight,-0.14174659390293098
ch1_mean ch1_skew ch2_p2p,-0.14172983065880174
ch2_max hand_length^2,0.14165720838011842
angle_min hand_length exercise,0.141639800836738
ch2_p2p angle_mean age,-0.14149079361239597
ch1_zcr ch2_energy ch2_kurt,-0.14136075048229355
ch1_p2p ch1_zcr ch2_std,0.14130355440728248
ch1_p2p ch1_zcr ch2_rms,0.1413035385939098
ch1_zcr ch2_rms age,-0.14112636908250836
ch1_zcr ch2_std age,-0.1411263488211755
ch2_min angle_max_abs_vel set_type,-0.14095291341128177
ch1_max angle_mean height,-0.14084978362994846
ch1_energy ch2_p2p ch2_kurt,0.14075426678229003
angle_max_abs_vel hand_length set_type,-0.14066239371270275
ch1_std ch1_meanfreq ch2_energy,0.14062867322249473
ch1_rms ch1_meanfreq ch2_energy,0.14062866450137346
ch1_p2p ch2_kurt angle_mean,-0.1406029520783647
ch1_std ch2_min,0.14059586604368435
ch1_rms ch2_min,0.14059586440506477
ch1_min ch1_skew exercise,-0.1404143544612591
ch1_min ch1_energy exercise,-0.14018944784962384
angle_min^2 weight,-0.14009432179511205
ch1_mean exercise set_type,0.13967192662294173
ch1_skew angle_max_abs_vel set_type,0.1395286115231607
ch1_energy ch2_zcr hand_length,0.13937854042490072
ch1_zcr ch2_p2p^2,0.1393785313017864
ch1_p2p height,0.1393284050007616
ch2_min height exercise,-0.13916537527594086
ch1_kurt weight set_type,0.13905167005156183
ch1_meanfreq^2 angle_max_abs_vel,0.1390464664865524
ch2_energy angle_p2p height,-0.1389650644200895
ch1_rms angle_p2p age,-0.1388519316263115
ch1_std angle_p2p age,-0.13885192081202352
ch1_p2p ch2_mean hand_length,0.13884609372952228
ch1_min ch2_rms angle_min,-0.1386649972171674
ch1_min ch2_std angle_min,-0.1386649758398793
ch1_max ch1_min ch2_rms,0.13865985170354295
ch1_max ch1_min ch2_std,0.13865982767330548
ch2_min angle_p2p set_type,-0.1383331282229956
ch1_zcr ch1_peakfreq angle_mean,-0.13832640051044087
ch1_p2p angle_max weight,-0.13807131523051624
ch2_min angle_min,0.13798855616801353
ch2_max ch2_peakfreq angle_mean,-0.13790187131585094
ch2_min angle_mean angle_min,0.13777576432845712
ch1_mean angle_mean angle_max,-0.13764251376739098
ch1_energy ch2_min,0.13760586230517868
ch1_max ch2_std angle_mean,-0.13759240670304004
ch1_max ch2_rms angle_mean,-0.1375923767262549
ch1_min ch2_rms angle_std,0.13714724767899766
ch1_min ch2_std angle_std,0.13714720949802844
ch1_mean ch1_meanfreq set_type,0.13683628773366308
ch1_peakfreq angle_max_abs_vel weight,-0.13675562392615292
ch2_mean^2 ch2_min,-0.1366208252373209
ch1_zcr ch1_skew angle_mean_abs_vel,0.1363328724511828
ch2_p2p angle_mean,-0.13601138400808918
ch2_energy^2 height,-0.1359520569774231
ch2_peakfreq angle_p2p age,0.13582245467872542
ch2_energy ch2_peakfreq angle_mean,0.13573031525022608
ch1_p2p ch2_p2p ch2_meanfreq,0.13572767721941809
ch1_std angle_max_abs_vel weight,0.1356982684151936
ch1_rms angle_max_abs_vel weight,0.13569826703145804
ch1_max ch2_energy angle_std,-0.13562038009831262
ch1_skew ch2_rms ch2_kurt,-0.1355793131021799
ch1_skew ch2_std ch2_kurt,-0.1355793095990715
ch2_kurt ch2_peakfreq angle_min,0.13551952730365038
ch2_meanfreq angle_max_abs_vel age,-0.13548975098139657
ch1_peakfreq ch2_skew^2,-0.1354619399315852
ch1_kurt age height,0.13541584713689603
ch1_max angle_std,-0.13539777213156157
ch1_energy ch2_mean ch2_meanfreq,0.1353206098153218
ch1_mean ch1_min angle_max_abs_vel,-0.13494923807977166
ch1_meanfreq ch2_mean exercise,-0.13494636884025513
ch1_energy ch1_zcr ch2_mean,0.13490718705745897
ch1_max ch2_rms hand_length,-0.13487595777406944
ch1_max ch2_std hand_length,-0.13487593075437906
ch2_max angle_max_abs_vel height,0.13484823478809416
ch1_max ch1_rms angle_max_abs_vel,0.13474736073661733
ch1_std ch1_max angle_max_abs_vel,0.13474736035470813
ch1_rms ch2_min age,-0.13468367708716655
ch1_std ch2_min age,-0.13468366935054932
ch1_peakfreq angle_max_abs_vel age,0.13467583074031375
ch1_min angle_std angle_max_abs_vel,-0.1344954219677335
ch1_p2p ch2_zcr angle_p2p,-0.13446015896343047
ch1_min ch2_rms angle_max_abs_vel,0.13433050819748305
ch1_min ch2_std angle_max_abs_vel,0.13433050635215144
ch2_rms ch2_skew age,0.1342583011753059
ch2_std ch2_skew age,0.134258287986897
ch1_max angle_max_abs_vel exercise,0.13420528524627262
ch2_meanfreq age weight,-0.1341755561639989
angle_std hand_length,-0.13413288519527877
ch1_kurt ch1_peakfreq angle_max_abs_vel,0.1340828182686643
ch1_meanfreq ch2_mean ch2_rms,-0.1340644735363881
ch1_meanfreq ch2_mean ch2_std,-0.1340644253731565
ch1_energy ch1_zcr ch2_min,0.13404110990820897
ch1_meanfreq angle_max_abs_vel set_type,0.13399640082098635
ch1_zcr weight^2,-0.13389683155940635
ch2_max ch2_p2p^2,-0.13384379918572054
ch1_mean^2 ch2_skew,-0.13374289621840685
ch1_max ch2_rms ch2_meanfreq,0.1336693882040889
ch1_max ch2_std ch2_meanfreq,0.13366936775420502
ch2_p2p angle_max height,0.13365375163465992
ch1_p2p ch1_peakfreq angle_mean,-0.13364382405895048
ch2_p2p angle_max hand_length,-0.13348462962126348
ch1_p2p angle_p2p angle_max_abs_vel,-0.13348040703913625
ch1_min ch2_min age,0.13347871909512599
ch1_energy^2 set_type,0.13345410374010325
ch1_meanfreq ch2_kurt weight,-0.1334254641868753
ch1_p2p ch1_zcr angle_mean_abs_vel,0.13326029730403088
ch1_meanfreq ch2_mean angle_max,-0.13324372194242862
ch2_min ch2_rms angle_mean,-0.13317104332513013
ch2_std ch2_min angle_mean,-0.1331710240608922
ch1_min ch1_p2p age,-0.13307422159911636
ch1_zcr ch1_meanfreq angle_max,0.1329198235210819
ch1_kurt ch1_meanfreq ch2_zcr,0.13276361016180965
ch1_kurt ch2_skew angle_p2p,-0.13272818011851165
ch1_mean^2 ch1_min,-0.1326584562673029
ch1_meanfreq^2 exercise,-0.13260408423438874
ch1_zcr ch2_p2p ch2_energy,0.13248422847583569
ch1_skew angle_max,0.13247913702282121
ch2_p2p angle_mean height,0.1323930708152228
ch1_std ch1_min set_type,0.1323638891879183
ch1_min ch1_rms set_type,0.1323638608879103
ch1_max ch2_std angle_max,-0.1323212064960895
ch1_max ch2_rms angle_max,-0.13232117823663644
ch1_energy ch2_p2p angle_max_abs_vel,-0.13229432834175328
ch1_p2p ch1_skew angle_p2p,-0.13227876902890423
ch1_mean ch2_max height,0.13225296378992202
ch1_p2p angle_min weight,-0.13223483534049787
ch2_peakfreq angle_mean_abs_vel age,-0.1322289943287171
ch1_p2p ch1_energy ch1_zcr,0.13199908833815138
ch1_skew ch1_kurt ch2_mean,0.13198720213908888
ch1_max ch1_peakfreq ch2_energy,-0.13184935792851032
ch1_min ch1_meanfreq ch2_mean,0.13179179641890632
ch1_meanfreq angle_std angle_p2p,0.13175851146037587
ch1_p2p ch2_max,-0.13174620650540086
ch1_skew ch2_skew angle_min,0.13169962554079173
ch2_max ch2_skew,-0.13163227131449956
ch1_p2p ch2_p2p angle_max,-0.13161547288083084
ch1_max ch2_min ch2_skew,-0.13129346735838432
angle_mean angle_p2p angle_max_abs_vel,0.13129238073808647
ch2_rms ch2_peakfreq exercise,-0.13115571012774782
ch2_std ch2_peakfreq exercise,-0.13115570789404685
ch2_rms ch2_energy hand_length,-0.131053242751632
ch2_std ch2_energy hand_length,-0.13105324064748197
ch2_peakfreq angle_std age,0.13088390571849612
ch1_std ch2_peakfreq,0.13075870728268085
ch1_rms ch2_peakfreq,0.1307587048749789
ch2_std angle_max_abs_vel set_type,0.13071540560324546
ch2_rms angle_max_abs_vel set_type,0.13071540476133195
ch1_rms angle_mean angle_p2p,0.13069753756235503
ch1_std angle_mean angle_p2p,0.1306975191412995
ch1_peakfreq^2 weight,-0.1306728476540997
ch2_max angle_max_abs_vel weight,0.13066002697721918
ch2_energy ch2_skew ch2_kurt,-0.1306123192190617
ch1_min ch2_min ch2_kurt,-0.13059103092787042
ch1_energy ch1_kurt height,0.13055124588635342
ch2_mean angle_mean age,0.13053967902775604
ch2_zcr angle_p2p exercise,-0.13027708259398119
ch1_max ch2_p2p ch2_skew,-0.13004884916193526
ch2_energy angle_max_abs_vel hand_length,0.129944949896183
ch2_p2p ch2_meanfreq height,0.12991740502741672
ch2_skew ch2_kurt age,-0.12986707525616742
ch1_rms^2 angle_max,-0.12982611509486353
ch1_std ch1_rms angle_max,-0.12982610290726548
ch1_std^2 angle_max,-0.1298260907196661
ch2_p2p angle_max_abs_vel set_type,0.12966534174407884
angle_mean_abs_vel^2 weight,-0.12960667949027255
ch2_max angle_max angle_max_abs_vel,-0.12930012926871884
angle_std angle_mean_abs_vel angle_max_abs_vel,-0.12921121683461134
ch1_max ch2_std height,0.1292028983889669
ch1_max ch2_rms height,0.129202893501412
ch1_zcr angle_min weight,0.12895663255975692
ch1_rms ch1_p2p ch2_rms,-0.12882520388009164
ch1_rms ch1_p2p ch2_std,-0.12882519102730497
ch1_std ch1_p2p ch2_rms,-0.12882518719333025
ch1_std ch1_p2p ch2_std,-0.12882517434054372
ch1_std ch2_p2p set_type,-0.12878240833334384
ch1_rms ch2_p2p set_type,-0.12878238943472553
ch1_zcr ch1_peakfreq weight,0.1287056316586407
ch1_kurt^2 ch1_meanfreq,0.12867053059909161
ch1_kurt angle_mean_abs_vel^2,-0.12841859207212603
ch1_std ch1_p2p ch2_kurt,-0.12831850150212698
ch1_rms ch1_p2p ch2_kurt,-0.1283184958856266
ch2_min ch2_peakfreq angle_std,0.12811957175069533
ch1_max ch2_kurt angle_min,0.12808839685418466
ch2_max^2 ch2_peakfreq,0.12808739877361175
ch1_mean ch2_rms ch2_p2p,0.1279306729274245
ch1_mean ch2_std ch2_p2p,0.12793065954611058
ch1_mean ch1_skew angle_max_abs_vel,0.12777558561548732
ch1_meanfreq ch2_energy angle_max,0.1276964876948015
ch1_rms ch1_skew angle_max_abs_vel,0.12766562433280038
ch1_std ch1_skew angle_max_abs_vel,0.12766562422691058
ch1_mean angle_mean exercise,0.12764297293584786
ch2_kurt ch2_meanfreq exercise,0.12763855297548962
ch1_mean ch2_min ch2_rms,-0.1275666367321596
ch1_mean ch2_std ch2_min,-0.12756662313240275
ch2_rms angle_max angle_max_abs_vel,0.1275631457409618
ch2_std angle_max angle_max_abs_vel,0.12756314199969598
ch1_max ch2_energy angle_p2p,0.1274929996766973
ch1_min ch2_p2p^2,-0.1273633618850919
ch2_std ch2_energy angle_max_abs_vel,0.1271472937498278
ch2_rms ch2_energy angle_max_abs_vel,0.12714729101099015
ch2_energy ch2_peakfreq exercise,-0.1269324852579352
angle_mean_abs_vel angle_max_abs_vel weight,0.12677323478565306
ch2_zcr ch2_skew angle_max_abs_vel,0.12661698848859007
ch1_std ch1_min ch1_zcr,0.12657177160581815
ch1_min ch1_rms ch1_zcr,0.1265717558316083
ch1_min ch1_skew ch2_p2p,-0.1263844479193641
ch1_max angle_max,-0.12618375156410572
ch2_meanfreq angle_min age,-0.12615733718865768
ch1_peakfreq angle_std angle_max_abs_vel,-0.12614814836130317
ch1_zcr ch2_p2p age,-0.12592522408731993
ch1_p2p ch2_min ch2_peakfreq,0.12589386973823774
ch1_std angle_p2p hand_length,-0.12587139233681705
ch1_rms angle_p2p hand_length,-0.12587136314235847
ch1_energy angle_p2p angle_max_abs_vel,-0.12585849305936428
ch1_energy ch2_min age,-0.12577431432062702
ch1_zcr angle_mean weight,0.1257507951231794
ch2_meanfreq angle_max hand_length,-0.1256623294166067
ch1_p2p ch2_kurt ch2_meanfreq,0.1254321104293274
ch1_std ch2_mean angle_std,-0.12541007489804595
ch1_rms ch2_mean angle_std,-0.12541006730337853
ch2_min ch2_peakfreq weight,0.1253629660242021
ch2_rms ch2_meanfreq set_type,0.12510137768925433
ch2_std ch2_meanfreq set_type,0.12510136631482027
ch2_zcr angle_std angle_max_abs_vel,0.12493821884947082
ch2_max angle_max_abs_vel age,0.12489594278741693
ch1_meanfreq^2 ch2_meanfreq,0.12482377646290632
ch1_skew ch2_p2p set_type,0.12459013462557644
ch2_energy angle_mean hand_length,0.12458585120766327
ch1_mean ch1_zcr angle_max_abs_vel,0.1244918553421617
ch2_mean ch2_max angle_max,-0.12435619798214523
ch1_p2p^2 ch2_p2p,-0.12433142832745805
ch2_min angle_p2p angle_max_abs_vel,-0.12430750088796548
ch1_peakfreq ch2_meanfreq set_type,-0.12428347932696598
angle_mean_abs_vel angle_max_abs_vel height,0.12411179601842487
ch2_zcr angle_std weight,-0.12409663698533842
ch2_std angle_max_abs_vel height,0.12403111326262597
ch2_rms angle_max_abs_vel height,0.12403111094569795
ch1_energy angle_min angle_p2p,0.1240193529884922
angle_std exercise set_type,-0.12386868375490978
ch2_mean angle_mean_abs_vel angle_max_abs_vel,0.1237871741694282
angle_std angle_max_abs_vel^2,-0.12357795876386263
ch1_skew ch2_std,-0.12349522550024063
ch1_skew ch2_rms,-0.1234952120661001
ch1_kurt ch2_max ch2_skew,-0.12333327925340742
ch1_energy ch1_skew ch2_min,-0.12322494469189327
ch2_mean ch2_kurt angle_max_abs_vel,-0.12314017777992665
ch1_skew angle_max_abs_vel height,0.12309665377356338
ch1_skew ch1_peakfreq ch2_peakfreq,-0.12274292081763219
angle_std weight,0.12270434034565054
ch1_meanfreq ch2_min hand_length,-0.12252112384502073
ch2_p2p angle_min age,-0.12250993785708442
ch1_max ch2_std exercise,0.12222929120388604
ch1_max ch2_rms exercise,0.12222926358305608
ch1_zcr ch2_p2p angle_max_abs_vel,0.12198176069726573
ch2_max ch2_kurt angle_max_abs_vel,-0.12188281845774514
ch2_max angle_p2p exercise,0.12176713284418764
ch1_kurt ch2_zcr angle_max_abs_vel,-0.12173685084036412
ch1_skew ch1_peakfreq age,-0.12169587926679315
ch1_min ch1_kurt^2,0.1215712071561009
ch1_mean angle_max_abs_vel height,0.12146805269767869
ch2_rms ch2_meanfreq angle_max_abs_vel,0.12139808001442637
ch2_std ch2_meanfreq angle_max_abs_vel,0.12139807520676618
ch1_peakfreq ch2_meanfreq age,-0.1213456850353557
angle_mean_abs_vel height^2,-0.12112790072991192
ch1_peakfreq ch2_max ch2_energy,0.12098838096286935
ch2_peakfreq angle_mean angle_max,0.12093509969640281
ch1_energy ch2_kurt set_type,0.12086500629519853
ch1_zcr ch2_max ch2_min,-0.12081076196235828
ch2_min ch2_peakfreq hand_length,-0.12078059742474412
angle_p2p angle_max_abs_vel exercise,-0.12076356293600203
ch2_min ch2_rms height,-0.12058243473613173
ch2_std ch2_min height,-0.12058243122620854
ch2_kurt angle_mean_abs_vel exercise,-0.12043048885585028
ch1_kurt ch2_p2p angle_max_abs_vel,0.12035304042404578
ch2_min ch2_energy height,-0.12032584236012897
ch1_mean angle_mean_abs_vel hand_length,-0.12014234604812352
ch1_skew age set_type,-0.12004327346504307
ch2_p2p angle_mean_abs_vel angle_max_abs_vel,0.11995642028331752
ch1_min ch2_p2p set_type,-0.11992438571991709
angle_max weight set_type,-0.1195567510308384
ch1_mean angle_min^2,0.11952177661504448
ch2_p2p ch2_zcr ch2_kurt,0.11949296026656289
ch1_zcr ch1_peakfreq angle_max_abs_vel,0.11949167188880466
angle_min weight set_type,-0.1194744284110143
ch1_skew angle_p2p exercise,-0.11943998486515128
ch1_min ch1_peakfreq ch2_p2p,-0.11940279864143744
ch1_energy angle_max_abs_vel height,0.1193788738620623
ch2_zcr ch2_peakfreq set_type,0.11907388302140998
ch1_mean ch1_peakfreq hand_length,-0.11890815654197717
ch2_min ch2_p2p ch2_peakfreq,-0.11873452153780323
ch1_meanfreq ch2_zcr angle_max_abs_vel,-0.11867618733232498
ch2_min ch2_energy hand_length,0.11856524766494068
ch2_meanfreq angle_max angle_p2p,0.11854675826165711
ch2_p2p ch2_peakfreq angle_std,-0.11850484105218206
ch1_meanfreq angle_max_abs_vel,-0.11849849898905057
ch2_energy angle_std angle_max_abs_vel,0.11839208156143859
ch2_max ch2_peakfreq angle_p2p,-0.11838401285357442
ch2_skew angle_max_abs_vel hand_length,0.11833024276263523
angle_max_abs_vel height set_type,-0.11822030755456778
ch2_meanfreq angle_max_abs_vel,0.11811934253724432
ch2_std ch2_max angle_p2p,0.1180907351584613
ch2_max ch2_rms angle_p2p,0.11809073362343013
ch2_max ch2_meanfreq weight,-0.11808816298706504
ch1_energy ch2_mean angle_max,0.11790002365787412
ch2_kurt^2 angle_mean,0.11782621665233337
ch1_kurt ch1_meanfreq ch1_peakfreq,-0.11779014275621494
ch1_p2p age set_type,-0.11778127346765577
ch1_min ch2_max ch2_meanfreq,0.11770064796468721
ch2_p2p angle_mean_abs_vel weight,-0.11764513196603825
ch2_mean ch2_peakfreq angle_max_abs_vel,0.11761508589966284
ch1_min ch1_zcr ch2_min,0.11737780868518213
angle_max_abs_vel age,0.1172523101068919
ch1_max ch1_energy height,0.11724462277391856
angle_min angle_p2p angle_max_abs_vel,0.11709218784462277
ch1_kurt angle_p2p angle_max_abs_vel,-0.11708633233639906
ch1_mean ch1_skew ch2_max,-0.11699162568789356
ch1_mean angle_max set_type,-0.11695641497653077
ch1_min angle_max_abs_vel hand_length,0.11693246376743394
ch2_max ch2_meanfreq^2,0.11685441741108296
ch2_max ch2_energy angle_std,-0.11681773025345579
ch1_mean ch1_min angle_p2p,-0.1168061006282573
ch2_kurt ch2_meanfreq angle_max,0.11678342313020429
ch2_rms angle_max_abs_vel exercise,-0.11662604836597035
ch2_std angle_max_abs_vel exercise,-0.11662604368941676
ch1_p2p ch1_kurt ch2_std,0.11645054136025475
ch1_p2p ch1_kurt ch2_rms,0.11645051684181101
ch1_rms angle_mean_abs_vel weight,0.11639923724033205
ch1_std angle_mean_abs_vel weight,0.11639922994064672
ch1_max ch1_min^2,-0.11638718655363034
ch2_mean ch2_p2p exercise,0.11621442574188182
ch1_max^2 ch1_zcr,0.1159960596774896
ch1_rms ch2_max set_type,0.115901475374968
ch1_std ch2_max set_type,0.1159014565036013
ch1_max ch1_p2p angle_std,0.11586758822905607
ch1_max angle_max_abs_vel set_type,0.11572433681442658
ch2_energy angle_mean_abs_vel^2,-0.11564667835429104
ch2_max ch2_skew ch2_kurt,0.11558061839004474
ch2_kurt^2 angle_p2p,0.11555808665506467
ch1_kurt ch2_energy angle_mean_abs_vel,0.11546179639650891
ch2_zcr ch2_kurt exercise,0.11516008370349323
ch1_skew ch2_peakfreq angle_max,-0.11515566700933377
ch1_mean angle_max_abs_vel weight,0.11511880176311405
ch2_kurt angle_max_abs_vel weight,0.11483848054993522
ch2_p2p ch2_kurt angle_min,0.11482253147381591
ch1_skew^2 hand_length,-0.11478736384459287
ch2_zcr angle_std age,-0.11461603751857366
ch1_peakfreq ch2_peakfreq set_type,-0.11460943115293698
ch2_rms ch2_energy angle_min,0.11443672907961507
ch2_std ch2_energy angle_min,0.1144367119410026
ch1_mean ch2_rms height,0.1142232205334979
ch1_mean ch2_std height,0.114223208680808
ch1_skew ch2_skew exercise,0.1139908627009219
angle_mean angle_max_abs_vel^2,0.11393000864916919
ch1_energy ch1_peakfreq set_type,-0.1137204997738781
ch1_energy ch1_skew,-0.11368575174809342
ch1_meanfreq ch2_energy age,-0.11345165406705815
ch1_mean ch2_max ch2_rms,0.113325595441636
ch1_mean ch2_std ch2_max,0.1133255838821415
ch1_p2p ch2_rms angle_max_abs_vel,-0.11330803832305972
ch1_p2p ch2_std angle_max_abs_vel,-0.1133080362411431
ch1_p2p ch1_peakfreq ch2_p2p,0.11321329181451911
ch2_kurt ch2_meanfreq weight,-0.11320065605352903
ch1_energy ch1_skew angle_max_abs_vel,0.11309978556312471
ch2_kurt angle_mean weight,-0.11309769539980574
ch2_p2p^2 age,-0.11309457792171035
ch1_p2p angle_std,0.11308070954714775
ch1_energy^2 ch2_meanfreq,-0.11284949838210129
ch1_max ch1_meanfreq^2,0.1127550877523934
ch1_p2p ch2_max weight,0.11268636012488298
angle_max_abs_vel^2 height,0.11265229973427487
ch1_max ch2_energy set_type,-0.11257030500904429
ch2_max ch2_meanfreq angle_max_abs_vel,-0.11247483216074292
ch1_rms angle_max_abs_vel^2,0.11240999886353023
ch1_std angle_max_abs_vel^2,0.11240999834652202
ch1_energy^2 angle_max_abs_vel,0.11239538651562356
ch1_mean ch1_kurt angle_mean,-0.11234841494998143
ch1_meanfreq ch2_p2p angle_max_abs_vel,0.11233621696785459
ch1_mean ch1_kurt height,0.1122914246154409
ch1_skew angle_max_abs_vel,0.11223179742892264
ch2_p2p age height,0.1120137542502937
ch1_mean ch2_p2p angle_std,0.11197989310646067
ch1_mean ch2_kurt age,0.11172033861935751
ch1_zcr ch2_min hand_length,0.1113788214816327
ch2_energy angle_p2p angle_max_abs_vel,0.11134646251278191
ch1_max ch1_kurt ch1_meanfreq,-0.11132440424552385
ch1_max ch2_min exercise,0.11127855288346261
ch2_kurt ch2_meanfreq^2,-0.11120646453357294
angle_max_abs_vel^2 hand_length,0.1110635386813611
ch2_mean ch2_energy ch2_meanfreq,0.11078177085848673
ch1_min angle_max_abs_vel,0.11073319742152132
ch1_rms ch1_skew angle_max,-0.11068387123374776
ch1_std ch1_skew angle_max,-0.1106838647255749
ch1_p2p ch2_zcr,0.11050638691389192
ch2_p2p ch2_skew angle_max_abs_vel,0.1102761645504603
ch2_rms^2 height,0.11025240946233908
ch2_std ch2_rms height,0.11025240894770597
ch2_std^2 height,0.11025240843306905
set_type,-0.11021837734666029
set_type^3,-0.11021837734665257
exercise^2 set_type,-0.11021837734665257
ch2_p2p angle_min angle_max_abs_vel,-0.11020730818274752
ch1_rms ch1_kurt weight,-0.11019637266692861
ch1_std ch1_kurt weight,-0.1101963624295168
ch1_min ch1_rms angle_mean_abs_vel,0.11018850798255302
ch1_std ch1_min angle_mean_abs_vel,0.11018847807905437
ch1_peakfreq ch2_min hand_length,0.11003987188368458
ch1_mean angle_std angle_max_abs_vel,0.10980441099855094
ch2_rms ch2_zcr height,0.10972499580658529
ch2_std ch2_zcr height,0.10972497296112027
ch1_peakfreq angle_p2p weight,-0.10952405590893333
ch2_zcr angle_p2p set_type,0.10947994504226599
angle_mean angle_max^2,0.10947310899389881
ch1_rms ch2_rms set_type,0.10930299730528231
ch1_std ch2_rms set_type,0.10930297912368114
ch1_rms ch2_std set_type,0.1093029715658031
ch1_std ch2_std set_type,0.10930295338420182
ch1_max angle_max_abs_vel height,0.10930235414764788
ch1_meanfreq angle_mean_abs_vel^2,-0.10924471213767493
ch1_mean ch1_kurt angle_max,-0.10920951152859909
ch1_p2p ch1_meanfreq ch2_zcr,0.10919100446918506
ch1_min ch1_peakfreq ch2_min,-0.1090626718806727
ch2_min ch2_p2p ch2_energy,-0.10897688053174918
ch2_mean^2 angle_max_abs_vel,-0.10885053354817933
ch1_zcr ch1_kurt^2,-0.1086103967704295
ch1_skew ch2_max age,0.10859603494424352
ch1_skew ch2_energy age,0.10858836617123002
ch1_std^2 angle_mean,0.10849636245640146
ch1_std ch1_rms angle_mean,0.10849634911059416
ch1_rms^2 angle_mean,0.1084963357647877
ch1_kurt ch2_mean,-0.10846692042110007
ch2_min ch2_skew angle_mean_abs_vel,0.10837947450843066
ch1_zcr angle_max_abs_vel^2,-0.1083691882191275
ch2_max ch2_energy exercise,-0.1083498660452434
ch1_meanfreq ch2_skew hand_length,0.10833369236030033
ch1_peakfreq angle_mean_abs_vel^2,-0.10824693628184279
ch2_skew angle_std angle_max_abs_vel,0.10824401255509183
ch1_min ch2_max weight,0.10822956372196672
ch2_meanfreq angle_max_abs_vel^2,0.10815682138291483
ch2_peakfreq angle_p2p hand_length,0.1079695719705906
ch2_mean ch2_min angle_max_abs_vel,0.10787066418817967
ch1_energy ch1_zcr ch2_kurt,-0.10779737806281198
ch2_kurt angle_max_abs_vel^2,0.10764017639841189
ch1_max ch1_min ch1_zcr,0.10749134578109559
ch2_zcr ch2_peakfreq weight,-0.10742849803439775
ch1_energy ch2_zcr ch2_skew,0.10735810857998784
ch2_p2p angle_max_abs_vel exercise,0.10734852564024576
ch1_max ch2_p2p angle_max,-0.10727436781627761
ch2_min ch2_zcr ch2_kurt,0.10725665103780932
ch2_p2p ch2_kurt angle_max_abs_vel,-0.10723620063261244
ch1_skew angle_mean,0.10717176800678296
angle_max_abs_vel^2 exercise,-0.10704144239322239
angle_std weight^2,-0.10696247980524048
ch1_max ch1_peakfreq angle_mean,-0.10686428215444194
ch1_skew ch2_p2p weight,0.10681271929235764
ch1_energy ch1_peakfreq ch2_p2p,0.10671426315604016
ch2_p2p ch2_energy angle_max,-0.10662578640833363
ch1_mean ch1_skew ch1_kurt,0.10660772765994603
ch1_meanfreq ch2_rms angle_max,0.10659790984879935
ch1_meanfreq ch2_std angle_max,0.10659788151180494
ch1_min ch2_peakfreq angle_max_abs_vel,0.1064702592656209
ch2_std ch2_peakfreq angle_mean,0.1064537809635232
ch2_rms ch2_peakfreq angle_mean,0.10645377875898876
angle_std angle_mean_abs_vel,-0.10645131122987794
ch1_std ch1_kurt set_type,-0.10628772934463951
ch1_rms ch1_kurt set_type,-0.10628772624664146
ch2_rms angle_min angle_max_abs_vel,0.10624042540535303
ch2_std angle_min angle_max_abs_vel,0.106240421147243
ch1_mean ch1_meanfreq age,0.1061826913322525
ch1_skew ch2_mean angle_mean_abs_vel,-0.10617078887916392
ch1_std^2 ch2_p2p,0.10607230727054023
ch1_std ch1_rms ch2_p2p,0.10607229331470475
ch1_rms^2 ch2_p2p,0.10607227935886987
ch1_mean ch2_energy age,0.105842381619236
ch2_mean ch2_meanfreq height,0.10579933902322236
ch2_peakfreq angle_min set_type,-0.10576129899800801
ch1_p2p ch1_zcr ch1_kurt,-0.10539229715608023
ch1_energy angle_mean_abs_vel^2,0.10534640433472087
ch2_mean ch2_p2p ch2_zcr,-0.10516853286257069
ch1_mean ch1_skew angle_max,0.10516425013119668
ch2_rms ch2_energy ch2_meanfreq,0.10497777310066417
ch2_std ch2_energy ch2_meanfreq,0.10497775735349019
ch1_min ch2_energy weight,-0.10489323663535782
ch1_skew ch1_kurt ch1_peakfreq,0.10487915890560595
ch1_std ch1_skew ch2_kurt,-0.10475531252996234
ch1_rms ch1_skew ch2_kurt,-0.10475530780442156
ch2_peakfreq angle_mean angle_p2p,-0.10474520606764554
ch2_min angle_min hand_length,0.10467040837089761
ch1_min ch1_zcr ch2_zcr,-0.10465398467988472
ch1_zcr ch2_max ch2_energy,0.10450901503535084
ch1_zcr angle_std age,0.10437207574639279
ch2_rms ch2_energy height,0.10421653418745028
ch2_std ch2_energy height,0.1042165328903176
angle_mean_abs_vel angle_max_abs_vel age,-0.10416658290084442
ch1_mean age height,-0.10405942438050458
ch1_std ch1_skew ch2_p2p,0.10400366360493274
ch1_rms ch1_skew ch2_p2p,0.10400365832803335
ch1_peakfreq angle_max angle_max_abs_vel,-0.10393408050055583
ch1_energy ch1_zcr ch2_peakfreq,-0.10386065998825161
ch1_peakfreq ch2_energy angle_max_abs_vel,0.10376769102816574
ch1_std ch1_skew ch2_mean,0.10372990873737453
ch1_rms ch1_skew ch2_mean,0.10372990429046891
ch2_rms ch2_zcr ch2_peakfreq,0.10369707940560866
ch2_std ch2_zcr ch2_peakfreq,0.10369706763697684
ch1_p2p ch1_energy ch2_min,0.10362409524839261
ch1_meanfreq ch2_peakfreq height,-0.10347678304878324
ch1_max ch2_min angle_mean,0.1034419404487322
ch1_meanfreq ch2_mean weight,0.1034120140342519
ch2_p2p angle_max_abs_vel hand_length,0.1034106662683058
ch1_kurt angle_max_abs_vel set_type,0.10337120198916899
angle_std weight exercise,0.10329199261143368
ch1_meanfreq ch2_energy angle_mean_abs_vel,0.10312189815638162
ch1_skew angle_max_abs_vel^2,-0.10296269317369094
ch1_mean angle_max_abs_vel set_type,0.10278895815759564
ch2_max ch2_zcr^2,0.10271908408697694
ch2_max angle_min hand_length,0.10259253727397644
ch2_max age hand_length,-0.10254323081032785
ch2_max angle_max_abs_vel^2,0.10254289478057999
ch1_skew ch2_energy angle_std,-0.10251013587449631
ch1_p2p ch1_zcr exercise,0.10244312162646257
ch1_skew ch1_peakfreq angle_max_abs_vel,0.10243124362543841
ch1_energy angle_max_abs_vel^2,0.10229271238694135
ch1_mean^2 ch1_energy,0.10215885019581916
ch1_min ch2_rms exercise,0.10207991182343337
ch1_min ch2_std exercise,0.10207989503388434
ch1_energy ch2_max angle_p2p,0.10204691387683487
ch1_mean ch1_zcr ch2_skew,-0.1020153721125032
ch2_skew^2 angle_p2p,0.10198210543646233
ch1_max ch2_max angle_p2p,0.10193544825878006
ch1_kurt hand_length set_type,-0.10191268168276651
ch1_peakfreq ch2_meanfreq,0.10190009569273462
ch1_zcr ch1_meanfreq weight,-0.10188883373931447
ch2_energy ch2_peakfreq angle_max_abs_vel,0.10184301900249965
ch1_mean ch1_std angle_max_abs_vel,0.101787254089622
ch1_mean ch1_rms angle_max_abs_vel,0.10178724995886639
angle_min angle_max_abs_vel^2,0.10176784570404679
ch2_meanfreq angle_p2p angle_max_abs_vel,0.10166186048959408
ch1_std^2 angle_max_abs_vel,-0.10152093643028758
ch1_std ch1_rms angle_max_abs_vel,-0.10152093244311872
ch1_rms^2 angle_max_abs_vel,-0.1015209284559499
ch1_energy ch1_meanfreq ch2_mean,-0.1015002236640955
ch2_max angle_max_abs_vel set_type,0.10149549163379804
ch2_min^2 ch2_skew,-0.10132665899170623
ch2_skew angle_max_abs_vel exercise,0.1012849648151303
ch1_max ch1_peakfreq ch2_p2p,0.10077220994953501
ch1_meanfreq ch2_energy angle_std,0.10075214805216004
ch2_p2p,0.10066160488644549
ch2_p2p exercise^2,0.1006616048864431
ch2_p2p set_type^2,0.1006616048864431
ch1_meanfreq ch2_max,-0.10059332085195649
ch1_zcr ch1_meanfreq ch2_std,0.10058423935510374
ch1_zcr ch1_meanfreq ch2_rms,0.10058422218290097
ch2_min ch2_kurt set_type,0.10053570832790104
ch2_min ch2_p2p ch2_kurt,-0.10028757840542377
ch1_std ch1_min ch2_min,0.1000054311384947
ch1_min ch1_rms ch2_min,0.10000541916326444
ch1_max ch2_max ch2_energy,-0.09979613828236145
ch1_min ch2_p2p angle_mean_abs_vel,0.09978682308292197
ch1_zcr ch2_max hand_length,0.09972537724821046
ch1_skew ch1_meanfreq angle_max_abs_vel,0.09970661017923918
ch2_mean ch2_max hand_length,-0.09969034177270686
ch1_peakfreq ch2_kurt angle_min,-0.09968579062892963
ch2_peakfreq angle_max^2,-0.09965391756172992
ch2_rms ch2_p2p exercise,-0.09961125443770867
ch2_std ch2_p2p exercise,-0.09961123471691835
angle_mean angle_max age,0.09960856469232024
ch2_rms ch2_peakfreq angle_p2p,-0.09947434829261403
ch2_std ch2_peakfreq angle_p2p,-0.09947434720946288
ch2_std ch2_min set_type,0.09939377277675857
ch2_min ch2_rms set_type,0.0993937600430149
ch1_mean height hand_length,0.09938030357985134
ch2_p2p angle_p2p angle_max_abs_vel,0.0993760480597755
ch2_std^2 angle_max_abs_vel,0.09935761792338021
ch2_std ch2_rms angle_max_abs_vel,0.09935761553675579
ch2_rms^2 angle_max_abs_vel,0.09935761315013128
ch1_min ch2_p2p height,0.09926928230996046
ch2_max ch2_energy ch2_meanfreq,0.09918516952229053
ch1_energy ch1_peakfreq ch2_meanfreq,-0.09915430141898696
ch1_meanfreq ch2_p2p height,0.09909824936850731
ch1_min ch1_kurt ch1_meanfreq,-0.098955787098151
ch2_min ch2_rms exercise,0.09894034613377745
ch2_std ch2_min exercise,0.09894032183103585
ch1_zcr angle_p2p angle_max_abs_vel,-0.09884366405246225
ch1_meanfreq ch2_skew set_type,0.09864816822865441
ch2_energy ch2_zcr angle_max_abs_vel,0.09864741806194285
ch2_energy angle_mean_abs_vel weight,-0.0986468165487662
ch1_meanfreq angle_max_abs_vel^2,-0.09838865634624372
ch1_max ch2_peakfreq weight,0.09830770124484461
angle_max_abs_vel weight hand_length,0.09820455140636603
ch1_min ch2_p2p age,-0.09818207946831287
ch1_mean ch2_p2p hand_length,0.09814832957868536
ch1_kurt ch2_kurt hand_length,-0.09798403179478077
ch1_max ch2_kurt angle_max,0.09780130701368694
ch2_p2p ch2_meanfreq angle_max_abs_vel,-0.09772900261635414
ch2_max angle_std,-0.09761405001479662
angle_std height^2,0.09758939679412978
ch2_mean angle_min angle_max_abs_vel,-0.0974392626389391
ch1_peakfreq angle_mean angle_mean_abs_vel,0.09736609668048835
ch1_p2p angle_max age,0.09725048994698247
ch1_peakfreq^2 exercise,0.09716222960272902
angle_std weight hand_length,0.0971462435828046
ch2_max ch2_meanfreq,-0.09711145060735932
ch1_peakfreq ch2_max hand_length,0.09708679837547068
ch2_p2p angle_mean angle_max_abs_vel,-0.0970471966072466
angle_std height,0.09703990166248239
ch1_min ch2_p2p ch2_zcr,-0.09693619107538295
ch1_kurt ch2_std set_type,0.0969255950481899
ch1_kurt ch2_rms set_type,0.0969255884394338
ch2_rms angle_mean angle_max_abs_vel,0.09688283930933791
ch2_std angle_mean angle_max_abs_vel,0.0968828349563686
ch1_peakfreq^2 angle_min,-0.09687358895282616
ch1_kurt angle_mean angle_max_abs_vel,0.09664004924121242
ch1_zcr ch2_zcr angle_max_abs_vel,-0.09660935689582531
ch1_std ch1_peakfreq ch2_energy,-0.09653519199661031
ch1_rms ch1_peakfreq ch2_energy,-0.09653518842338538
ch2_min ch2_rms^2,-0.09618836228208956
ch2_std ch2_min ch2_rms,-0.09618835210798087
ch2_std^2 ch2_min,-0.0961883419338743
angle_max_abs_vel weight^2,0.09616549586056342
ch2_peakfreq angle_max angle_p2p,-0.0961583770584668
ch1_skew angle_min angle_max_abs_vel,-0.09607993604208886
ch1_mean ch2_zcr ch2_peakfreq,0.09603765726128397
ch1_zcr ch2_std ch2_energy,0.0960221924133222
ch1_zcr ch2_rms ch2_energy,0.09602218000027492
ch2_min^2 ch2_energy,-0.09597889161457236
ch2_max ch2_rms ch2_meanfreq,0.09596948436354369
ch2_std ch2_max ch2_meanfreq,0.09596947282873128
ch2_max ch2_rms ch2_p2p,0.09586849958020162
ch2_std ch2_max ch2_p2p,0.09586849412549717
ch1_p2p ch2_energy weight,0.09583496888878237
ch2_max angle_max_abs_vel,-0.09581184212739771
ch2_min ch2_zcr,0.09572585201672755
ch1_max ch2_zcr angle_max_abs_vel,-0.09563463369848815
ch1_min ch2_energy height,0.0952740862886553
ch1_zcr ch2_mean ch2_max,-0.09520277909511032
ch2_meanfreq angle_mean hand_length,-0.09506424610864372
ch2_mean ch2_energy ch2_peakfreq,0.09504023125549996
ch1_zcr ch1_peakfreq hand_length,0.09501161250485116
ch1_mean ch1_kurt ch2_meanfreq,-0.09498421447263233
ch1_energy ch1_skew exercise,0.09495391146778057
ch1_peakfreq ch2_p2p angle_max_abs_vel,0.09493049512819259
ch1_p2p ch1_zcr angle_mean,-0.09471954575454139
ch1_p2p ch2_kurt angle_min,0.09467930209457409
ch2_zcr hand_length exercise,-0.09429717440952168
ch2_skew angle_min hand_length,0.09425414273035432
ch2_rms angle_mean_abs_vel hand_length,0.09416230605013869
ch2_std angle_mean_abs_vel hand_length,0.09416230445951287
angle_max angle_max_abs_vel^2,0.0940862534725756
ch2_zcr angle_max angle_max_abs_vel,0.09395502807658695
ch2_max ch2_peakfreq angle_std,-0.09356380789624513
ch1_kurt ch2_min angle_p2p,-0.09319323225389584
ch2_rms ch2_skew angle_max_abs_vel,0.09311167683692287
ch2_std ch2_skew angle_max_abs_vel,0.09311167238763982
ch2_p2p angle_max exercise,-0.09301176532684258
ch1_min^2 ch1_peakfreq,-0.09301147727502923
ch2_meanfreq angle_mean angle_max,-0.092960352193907
ch1_zcr weight exercise,-0.0929181810589713
ch1_max^2 ch2_skew,0.09280732059169544
ch2_energy ch2_zcr hand_length,-0.09277137515798502
ch1_energy ch1_peakfreq ch2_min,0.09276297052423033
ch1_p2p angle_p2p weight,-0.09262136484651637
ch1_max ch2_meanfreq angle_max_abs_vel,-0.09254311261412108
angle_max_abs_vel^2 set_type,-0.09244027654501075
angle_p2p^2 weight,0.09240561930908842
ch1_min angle_max_abs_vel weight,0.09231952712849337
ch1_min ch2_p2p angle_std,0.0922796872754667
ch1_mean angle_max_abs_vel hand_length,0.09227886228931036
ch1_p2p ch2_p2p height,0.09226882118644811
ch1_max ch1_kurt set_type,0.09220402357017292
ch2_kurt ch2_peakfreq age,0.09210595424635351
ch2_kurt angle_max_abs_vel age,0.09206095994448395
ch1_peakfreq ch2_rms ch2_p2p,0.09188322740418653
ch1_peakfreq ch2_std ch2_p2p,0.09188321370386499
ch1_kurt ch2_mean angle_min,0.09187541697847423
ch1_kurt^2 angle_std,0.09185039157703878
ch1_std ch2_kurt weight,-0.09177777988271174
ch1_rms ch2_kurt weight,-0.09177777188940958
ch2_meanfreq angle_std weight,-0.09153821716337784
angle_min age exercise,0.0914634482484245
ch2_min angle_max_abs_vel,-0.0913269940440537
angle_max_abs_vel age set_type,0.09126972150650503
ch1_min ch2_max angle_max_abs_vel,0.09113440955853523
ch1_mean ch1_max height,0.09100430685561589
ch1_rms ch2_p2p angle_mean_abs_vel,-0.0909700685253223
ch1_std ch2_p2p angle_mean_abs_vel,-0.09097006533554786
ch2_rms ch2_p2p ch2_meanfreq,0.090880713028852
ch2_std ch2_p2p ch2_meanfreq,0.0908806943214434
ch2_kurt weight exercise,0.09087041469654522
ch2_zcr angle_mean angle_max_abs_vel,0.09086470031084556
ch2_mean angle_mean^2,0.09076819441950396
ch1_max ch2_energy angle_max_abs_vel,0.09065512893678175
ch1_max ch2_max ch2_meanfreq,0.09043923496943462
ch1_max ch1_zcr ch1_peakfreq,-0.09041503699382077
ch1_mean ch2_min angle_max_abs_vel,0.09019738210717701
ch1_p2p^2 ch1_kurt,0.08998207091063548
ch1_skew ch2_meanfreq exercise,0.08995281966440316
angle_max_abs_vel^2,-0.08983091163234314
angle_mean angle_std weight,-0.08981231413131663
angle_p2p age height,0.08974065960888136
ch1_max ch1_min ch2_kurt,-0.08973448372270454
ch1_rms ch2_min angle_max_abs_vel,0.08967037201973911
ch1_std ch2_min angle_max_abs_vel,0.089670370967624
ch1_p2p ch2_max height,0.0895918231729551
ch1_mean angle_min angle_max,-0.0894306557273099
ch1_std angle_p2p angle_max_abs_vel,-0.08932945262204262
ch1_rms angle_p2p angle_max_abs_vel,-0.08932945247898055
ch1_meanfreq ch2_mean angle_mean,-0.08924443284378569
angle_p2p angle_max_abs_vel age,-0.08890641564385093
ch1_min ch2_mean height,-0.08873942644627181
ch2_max ch2_rms exercise,-0.08868353802295598
ch2_std ch2_max exercise,-0.088683525872114
ch2_p2p angle_max_abs_vel^2,0.08863933739669877
ch1_max ch1_min set_type,-0.08858605127262564
ch2_peakfreq angle_min angle_max,-0.08850971255672752
ch1_energy ch2_kurt angle_mean_abs_vel,0.08834875821029375
ch1_energy angle_p2p age,-0.08824604419482918
ch2_mean angle_mean weight,-0.08793328837005032
ch1_zcr ch2_kurt,-0.08788182188896336
ch1_max ch1_kurt angle_mean,-0.08787507282310797
ch2_mean ch2_kurt ch2_peakfreq,0.08775033814787435
ch1_mean ch1_peakfreq ch2_max,0.08771958489409915
ch1_skew ch2_kurt ch2_meanfreq,0.08765975543138455
angle_mean_abs_vel angle_max_abs_vel set_type,0.08764666170009114
ch2_max ch2_energy angle_p2p,0.08754648380859963
ch2_mean ch2_rms ch2_peakfreq,-0.08744682424828563
ch2_mean ch2_std ch2_peakfreq,-0.08744680298463142
ch2_p2p^2 weight,0.08723317893883036
ch2_meanfreq angle_std angle_p2p,-0.08715707458400668
angle_max_abs_vel age exercise,0.08692716964082345
ch1_skew ch2_kurt exercise,-0.08682370820214785
ch2_skew angle_p2p angle_max_abs_vel,-0.0866949615338664
ch2_max ch2_skew angle_mean,-0.08659935168569333
ch1_zcr ch1_peakfreq angle_std,0.08642583189083342
ch2_kurt angle_std height,-0.08637662882025254
ch2_std ch2_min angle_max_abs_vel,-0.08628239156163402
ch2_min ch2_rms angle_max_abs_vel,-0.08628238909415392
ch1_rms angle_std angle_p2p,0.08626180968962133
ch1_std angle_std angle_p2p,0.08626179446478344
ch1_zcr^2 height,0.08621916365437252
ch1_p2p ch2_skew set_type,0.08620943174608534
ch1_skew ch1_kurt angle_mean,0.08611537834966043
ch1_peakfreq ch2_skew angle_p2p,-0.08595993797199813
ch1_std ch1_peakfreq ch2_max,-0.08592669633365335
ch1_rms ch1_peakfreq ch2_max,-0.08592669086618454
angle_mean_abs_vel^2 angle_max_abs_vel,-0.08561211115014489
ch1_rms ch1_skew angle_mean,-0.0855791197405184
ch1_std ch1_skew angle_mean,-0.08557911335649099
ch1_max ch2_rms angle_max_abs_vel,-0.08552067407131174
ch1_max ch2_std angle_max_abs_vel,-0.08552067185576528
ch1_p2p ch2_peakfreq height,-0.08551714329335744
ch1_energy ch1_meanfreq ch2_rms,-0.08550226998117871
ch1_energy ch1_meanfreq ch2_std,-0.08550226591881938
ch1_p2p ch2_min height,-0.085154710439588
ch1_mean ch1_kurt ch1_meanfreq,-0.08502366193746479
angle_max_abs_vel height,-0.08495347502616246
ch1_max ch2_energy age,0.08490070278113593
ch1_std ch2_kurt angle_max_abs_vel,-0.08477657532336179
ch1_rms ch2_kurt angle_max_abs_vel,-0.08477657243640699
ch2_mean ch2_zcr age,-0.08469470591296724
ch2_skew angle_mean_abs_vel angle_max_abs_vel,0.08461781511476806
ch1_zcr ch1_meanfreq ch2_min,0.08457846880306219
ch2_min ch2_energy angle_max_abs_vel,-0.08447584480735419
ch1_mean ch1_max ch1_zcr,0.08445794155508488
ch2_mean angle_mean,0.08444703590255367
ch2_meanfreq^2 angle_max_abs_vel,-0.08425943122707139
ch1_rms ch2_std angle_p2p,0.08417372251955829
ch1_rms ch2_rms angle_p2p,0.08417371417613997
ch1_std ch2_std angle_p2p,0.08417370515947584
ch1_std ch2_rms angle_p2p,0.08417369681605763
ch2_std angle_std angle_max_abs_vel,0.08413143587138289
ch2_rms angle_std angle_max_abs_vel,0.08413143341753677
ch1_peakfreq ch2_p2p angle_mean,0.08400181364534134
ch1_zcr ch2_min height,-0.08365086901348925
ch1_zcr ch2_min angle_max,0.08357688622349407
ch2_min ch2_kurt angle_max_abs_vel,0.08348222005128052
angle_max_abs_vel exercise,-0.08348197325098416
ch1_meanfreq ch2_rms age,-0.08340675468251824
ch1_meanfreq ch2_std age,-0.08340673337379739
ch1_skew ch1_kurt ch2_max,-0.0828618807545759
ch1_p2p angle_mean age,0.08250700528666045
ch1_mean ch1_meanfreq ch2_rms,-0.08229188455862586
ch1_mean ch1_meanfreq ch2_std,-0.08229188113095269
ch1_std^2 angle_min,0.08222967200908543
ch1_std ch1_rms angle_min,0.08222965774118929
ch1_rms^2 angle_min,0.08222964347329409
ch2_skew angle_p2p angle_mean_abs_vel,0.08218158827981198
ch1_zcr ch2_meanfreq weight,0.08214221601377603
ch1_p2p ch1_skew height,-0.08190563427532299
ch1_max ch2_rms ch2_peakfreq,0.08176443264940869
ch1_max ch2_std ch2_peakfreq,0.08176441098994303
ch1_p2p ch2_min angle_min,-0.08173966867359406
ch1_max ch2_mean hand_length,0.08164966887315372
ch1_meanfreq ch2_rms angle_min,0.08154180993356146
ch1_meanfreq ch2_std angle_min,0.08154177828322383
ch1_p2p ch2_energy age,0.08151988427086732
angle_std angle_max weight,-0.08145053885420017
angle_p2p angle_mean_abs_vel hand_length,0.08143180926735333
ch2_mean angle_mean exercise,0.08140978035034113
ch1_mean ch2_max ch2_energy,-0.08135406844144061
ch1_max ch2_energy weight,0.08135389090090639
ch1_kurt angle_min,0.08123865037686623
angle_min angle_max_abs_vel,0.08121653365901199
ch1_max ch2_skew angle_mean_abs_vel,-0.08092816157092036
ch2_energy ch2_peakfreq angle_p2p,-0.0808253260080597
ch1_kurt angle_min angle_max_abs_vel,0.08075568644624516
angle_mean_abs_vel angle_max_abs_vel,0.08071796571212109
ch1_kurt ch2_energy weight,0.08063557200915203
ch1_kurt ch2_zcr age,0.08054341196922798
ch1_min ch1_energy ch2_mean,0.0804971805867746
ch1_rms ch1_zcr ch2_mean,0.08038347370878701
ch1_std ch1_zcr ch2_mean,0.0803834691956884
ch2_rms angle_max height,0.08028215339566641
ch2_std angle_max height,0.0802821291357389
ch2_kurt ch2_meanfreq angle_min,0.0802280983552555
ch2_peakfreq angle_min weight,0.08006105170897937
ch1_max ch2_kurt angle_p2p,-0.07993140033832552
ch1_p2p ch1_peakfreq height,-0.07988658636431237
ch1_p2p ch2_p2p angle_min,-0.07973272437573829
ch2_std ch2_p2p angle_max_abs_vel,0.07973160811183756
ch2_rms ch2_p2p angle_max_abs_vel,0.07973160692107317
ch2_rms^2 hand_length,-0.07964516723700353
ch2_std ch2_rms hand_length,-0.07964516257145268
ch2_std^2 hand_length,-0.07964515790590396
ch1_energy^2 ch2_p2p,-0.07939208436691803
ch1_p2p ch2_max ch2_energy,0.07927017122709701
ch2_zcr ch2_kurt angle_min,0.0792610884910756
ch1_min ch2_kurt ch2_peakfreq,-0.07900440605464215
ch1_energy ch1_kurt weight,0.0788333702859969
ch1_mean ch2_p2p angle_max_abs_vel,-0.0787694258712941
ch2_mean ch2_p2p angle_max,-0.07868120090006522
ch1_skew angle_max angle_max_abs_vel,-0.07853833594819579
ch2_min angle_mean_abs_vel angle_max_abs_vel,-0.0782484552468391
ch1_min ch2_p2p angle_max_abs_vel,0.078122731610478
ch1_peakfreq ch2_kurt set_type,-0.0780089673780695
ch1_p2p ch2_min ch2_rms,-0.07781365844966615
ch1_p2p ch2_std ch2_min,-0.07781364677958903
ch2_p2p angle_max angle_max_abs_vel,-0.07766493470215174
ch1_peakfreq ch2_zcr angle_max_abs_vel,-0.07749220289603288
ch2_energy ch2_zcr^2,0.07735489827846442
ch1_mean ch1_energy height,-0.07732644535210509
ch1_energy angle_p2p hand_length,-0.07717023540559093
ch2_min ch2_rms ch2_meanfreq,-0.07713656193440721
ch2_std ch2_min ch2_meanfreq,-0.07713653888778754
ch1_p2p ch2_p2p weight,0.07708195725978301
ch2_peakfreq angle_mean angle_max_abs_vel,-0.07705512717133611
ch2_skew exercise,-0.07690609314907382
ch1_mean ch2_skew angle_mean_abs_vel,0.07683593255793197
ch2_kurt angle_max_abs_vel,-0.07677124923508372
ch2_max^2 angle_max_abs_vel,-0.0765478141310035
ch1_kurt ch2_min weight,0.07651165481515848
ch2_mean height exercise,-0.07640358447128248
ch2_peakfreq angle_min angle_max_abs_vel,-0.07601230485568068
ch2_p2p ch2_energy ch2_meanfreq,-0.07554862507698887
ch1_max ch1_skew angle_max_abs_vel,-0.07554293925983063
ch2_zcr angle_mean weight,0.0753460161489879
angle_std angle_max_abs_vel hand_length,-0.07534288420271118
ch2_p2p angle_min,-0.07531070934270259
angle_max angle_p2p age,0.07528044748702575
ch1_skew ch1_peakfreq ch2_energy,0.07501092835318335
ch1_min ch1_kurt weight,-0.07491043704054731
ch2_min ch2_meanfreq angle_max_abs_vel,0.07486206936114101
ch1_zcr ch2_peakfreq weight,0.07479963731218095
ch1_skew ch2_kurt angle_max_abs_vel,-0.0746663595448969
ch1_p2p ch2_kurt ch2_peakfreq,0.07459895348917572
ch1_mean^2 angle_p2p,-0.07445083556447485
ch1_p2p^2 ch2_rms,-0.07411530864142069
ch1_p2p^2 ch2_std,-0.07411528527228445
ch1_min ch2_energy age,-0.07404638528689794
ch1_p2p ch2_meanfreq weight,0.07399602370033881
ch2_mean ch2_min angle_mean,0.07391623680247154
ch1_mean ch2_energy ch2_zcr,-0.07387474993202237
ch2_p2p ch2_energy angle_max_abs_vel,0.07377236530494247
ch1_max ch2_min angle_max_abs_vel,-0.07372331317685586
ch2_max ch2_energy angle_max,0.07370398427834357
ch1_min ch1_kurt ch2_meanfreq,0.07367464818535385
ch1_min ch1_peakfreq ch2_std,-0.07351847228252839
ch1_min ch1_peakfreq ch2_rms,-0.07351846254117755
ch1_p2p ch2_max ch2_zcr,0.07346771115382028
ch2_zcr ch2_kurt ch2_meanfreq,-0.07328983880371864
ch2_skew angle_p2p age,0.07327146277885985
ch2_min ch2_energy angle_mean,0.0732290485630569
ch1_p2p ch1_kurt angle_mean,-0.07290732085335955
ch1_skew ch2_skew angle_mean_abs_vel,0.07275475798462397
ch1_meanfreq ch2_mean angle_max_abs_vel,0.07263470207616993
ch1_p2p^2 angle_std,0.0725522461910243
ch2_peakfreq angle_max_abs_vel^2,0.07245021537676105
ch1_max ch1_zcr angle_min,0.07222564327891026
ch2_max weight exercise,0.0721825776364226
ch2_skew ch2_kurt set_type,0.0721693236944213
ch1_kurt angle_max_abs_vel exercise,-0.07211280429183009
ch2_max height weight,0.07199149489204916
ch1_max angle_min,0.07193352293613822
ch1_meanfreq ch2_p2p ch2_kurt,-0.07191335201729177
ch2_zcr angle_min set_type,-0.07178140105265318
ch2_meanfreq angle_p2p^2,-0.0717739435143786
ch1_meanfreq ch2_min angle_mean_abs_vel,-0.07174925336925075
ch1_zcr ch2_max ch2_p2p,0.07169780178662594
ch1_meanfreq ch2_max hand_length,-0.07167069517477428
ch1_min ch1_energy angle_mean,0.07161570006174989
ch2_peakfreq hand_length set_type,-0.07152054421340359
ch1_zcr ch1_kurt weight,0.0715174010536887
ch1_kurt exercise,-0.0714175443228553
ch2_mean ch2_p2p ch2_meanfreq,-0.07136919642532705
angle_max_abs_vel weight,0.07134203968343583
ch1_peakfreq angle_mean angle_max_abs_vel,-0.07128528023959255
ch2_zcr angle_max_abs_vel^2,0.07124033211957881
ch1_p2p ch2_std height,0.07108120386927863
ch1_p2p ch2_rms height,0.07108119747081747
ch1_skew ch1_peakfreq angle_std,0.07082037068367814
ch1_mean ch1_skew angle_min,0.07063327860291224
ch1_meanfreq ch2_rms exercise,-0.07060992150291719
ch1_meanfreq ch2_std exercise,-0.07060989530659201
ch2_p2p ch2_energy ch2_zcr,-0.0705738547603956
ch2_zcr angle_mean^2,-0.07050324980262501
ch2_kurt ch2_meanfreq angle_mean_abs_vel,0.07040255557821037
ch1_zcr angle_mean angle_max_abs_vel,0.07034336392258794
ch2_min angle_mean_abs_vel height,0.07029481810256683
ch2_kurt weight^2,-0.0702329786839131
ch2_kurt ch2_peakfreq angle_std,-0.07016723444272649
ch2_rms^2 ch2_p2p,0.07013603569660974
ch2_std ch2_rms ch2_p2p,0.07013602867754548
ch2_std^2 ch2_p2p,0.07013602165848218
ch2_kurt angle_max angle_mean_abs_vel,0.0700183739158422
ch2_max ch2_min angle_std,-0.06988756973794275
ch1_peakfreq ch2_max ch2_meanfreq,-0.06985955053536932
ch1_min ch1_kurt angle_max,0.06968443057943191
ch2_min angle_mean_abs_vel hand_length,-0.06965144772181855
ch1_p2p ch2_kurt angle_max,-0.06963526362687433
ch1_mean ch2_std angle_std,-0.06963470332794121
ch1_mean ch2_rms angle_std,-0.06963470108740262
ch2_p2p ch2_meanfreq exercise,0.0695809953110883
ch1_p2p^2 ch2_max,0.06957929005185871
ch1_skew ch2_energy ch2_skew,-0.06939118266682595
angle_p2p set_type,-0.06938941087985945
ch1_min ch2_skew ch2_kurt,0.06927801726539584
ch1_rms ch1_p2p angle_mean_abs_vel,-0.06915144225065134
ch1_std ch1_p2p angle_mean_abs_vel,-0.06915141085481934
ch1_energy ch2_min angle_max_abs_vel,0.06907775441375161
ch1_mean angle_mean_abs_vel age,0.0688114847628869
ch2_mean ch2_p2p angle_max_abs_vel,-0.06877516632440375
ch2_mean angle_max_abs_vel height,0.06875317681222981
ch2_mean ch2_energy angle_mean,-0.06872763866688658
ch1_energy ch1_meanfreq ch2_max,-0.0683786186934443
ch1_mean ch1_std ch1_p2p,-0.06837244707984506
ch1_mean ch1_rms ch1_p2p,-0.06837244294846712
ch2_mean ch2_max ch2_meanfreq,-0.06834485435897747
ch1_energy ch2_p2p angle_mean_abs_vel,0.06830834772230732
ch1_rms ch1_p2p ch2_energy,-0.06830774156301939
ch1_std ch1_p2p ch2_energy,-0.0683077343479272
ch2_max angle_mean hand_length,-0.0682975885503625
ch2_mean ch2_rms angle_max,0.06824724346193783
ch2_mean ch2_std angle_max,0.06824723045211722
ch1_zcr ch1_meanfreq angle_max_abs_vel,-0.06816719491122669
ch1_mean ch1_min hand_length,0.06810789919183058
ch1_max ch1_min angle_std,-0.06806428063034575
ch1_skew angle_mean weight,0.06767190224949188
ch1_kurt ch1_meanfreq^2,0.06767112168365652
ch1_zcr ch2_peakfreq angle_p2p,0.06766157800481648
ch1_min ch2_min weight,0.06748458200297838
ch2_min angle_max_abs_vel^2,-0.06743772165027534
ch1_zcr ch2_std angle_max_abs_vel,0.06734468922685216
ch1_zcr ch2_rms angle_max_abs_vel,0.06734468912708416
ch2_peakfreq exercise,0.06723043535096751
ch2_p2p angle_max age,-0.0671435788977644
angle_mean_abs_vel^2 set_type,0.06709787973062786
ch1_skew hand_length^2,-0.06708269651042653
ch1_max ch1_energy angle_std,-0.06696251804273023
ch2_peakfreq angle_max angle_max_abs_vel,-0.06696059474330421
ch1_p2p ch2_std angle_mean,-0.0669129918912981
ch1_p2p ch2_rms angle_mean,-0.06691296752950235
ch1_energy^2 ch2_min,-0.06675724465749877
ch1_zcr ch2_energy angle_max_abs_vel,0.06671433292996581
ch2_mean ch2_min ch2_meanfreq,0.06669817327864455
ch1_rms angle_mean_abs_vel height,0.06666762016592287
ch1_std angle_mean_abs_vel height,0.06666760676541009
ch1_min ch2_p2p ch2_meanfreq,-0.06666706251262387
ch1_max ch2_skew angle_max_abs_vel,-0.06665272618564691
ch2_energy ch2_peakfreq set_type,0.06644564482847676
ch1_meanfreq angle_std weight,-0.06627335447307603
ch1_std ch2_p2p,0.06622665905975222
ch1_rms ch2_p2p,0.0662266498267523
ch1_max ch2_kurt ch2_peakfreq,0.06606298192525295
ch2_energy ch2_kurt angle_mean_abs_vel,-0.06604147494143126
ch1_min ch1_energy ch2_max,-0.0658851490312842
ch1_energy ch1_skew ch2_p2p,0.06572425164416082
ch2_peakfreq angle_max_abs_vel hand_length,-0.06569308664209683
ch1_p2p ch2_peakfreq weight,-0.06555880752630944
ch1_p2p ch1_kurt ch2_mean,0.0655444908829736
ch2_energy ch2_skew angle_max_abs_vel,0.06541256603329208
ch2_min ch2_meanfreq,-0.065411991966182
ch2_p2p ch2_kurt angle_max,0.06510478383320387
ch2_max ch2_p2p angle_std,0.06502659227993177
ch2_energy angle_min hand_length,0.06492459962320513
ch1_min ch2_min,0.0648910144157927
ch1_kurt ch1_meanfreq angle_max_abs_vel,-0.06487927972632239
ch1_min ch2_peakfreq,-0.06481769674945304
ch1_peakfreq ch2_zcr age,-0.06469631305960466
ch1_mean ch1_zcr ch2_max,-0.06468090846290045
ch1_mean ch1_max ch1_energy,0.06460614308031173
ch2_kurt angle_p2p exercise,-0.06449070000470325
ch2_min^2 ch2_rms,0.06445778980089611
ch2_std ch2_min^2,0.06445777000126388
ch1_mean ch2_min weight,-0.06443215759112697
angle_mean age height,-0.06408268803540026
ch2_mean ch2_zcr ch2_skew,0.06397025141310442
angle_max_abs_vel^2 weight,0.06396204582674342
ch2_meanfreq angle_min hand_length,-0.06386502330893107
ch1_max ch1_peakfreq ch2_rms,-0.06375806725945138
ch1_max ch1_peakfreq ch2_std,-0.0637580437483205
ch2_p2p angle_max^2,0.06370281062159944
ch2_min ch2_rms angle_min,-0.0635175667032003
ch2_std ch2_min angle_min,-0.06351754569481627
ch2_mean ch2_min exercise,-0.06350903950377759
angle_max_abs_vel exercise^2,-0.0633566929107543
angle_max_abs_vel set_type^2,-0.0633566929107543
angle_max_abs_vel,-0.06335669291074708
ch1_energy ch1_kurt set_type,-0.06320018902522939
ch2_p2p angle_p2p^2,0.06317067472493709
ch1_energy ch2_kurt angle_max_abs_vel,-0.06313059967113778
ch1_max ch2_std weight,-0.0630607689650372
ch1_max ch2_rms weight,-0.06306076654584393
ch1_meanfreq ch2_max ch2_zcr,-0.06296399992596041
ch1_zcr ch2_peakfreq,-0.06294743696404681
ch1_rms angle_max_abs_vel height,0.06287801269927631
ch1_std angle_max_abs_vel height,0.06287801247403066
ch1_p2p ch1_peakfreq ch2_energy,-0.06286741106114269
ch2_max ch2_rms angle_max_abs_vel,0.06285707708232441
ch2_std ch2_max angle_max_abs_vel,0.06285707666923145
ch1_min height weight,-0.06280200244445022
ch1_max ch2_std angle_min,-0.0626559849703682
ch1_max ch2_rms angle_min,-0.06265595050274048
ch1_skew angle_mean angle_max_abs_vel,-0.06246920719829974
ch1_zcr ch2_meanfreq hand_length,-0.06241663389532218
ch2_min angle_max_abs_vel exercise,-0.06232202096093978
ch2_energy angle_max_abs_vel set_type,0.06224477657151396
ch1_std ch2_meanfreq height,-0.06213986121504314
ch1_rms ch2_meanfreq height,-0.062139835500316626
angle_max_abs_vel set_type,0.06204724667155748
ch1_meanfreq age height,-0.06202410943817929
ch1_mean ch1_zcr angle_std,0.06197002464584117
ch1_zcr angle_max_abs_vel age,-0.06193347355718712
height weight^2,-0.061906153515938755
ch2_max angle_p2p height,-0.06183855586548706
ch1_max ch2_p2p angle_max_abs_vel,0.061800014536661035
angle_mean_abs_vel angle_max_abs_vel^2,-0.061779318450755794
angle_max^2 hand_length,0.06171770612125721
ch2_max ch2_kurt hand_length,0.061707733381617946
ch1_mean angle_min exercise,0.061697301323442755
ch1_skew angle_mean_abs_vel age,-0.06167970191618305
ch2_mean ch2_energy angle_max,-0.061661683743975126
ch2_max ch2_energy angle_min,0.06157640513318598
ch1_mean angle_mean_abs_vel angle_max_abs_vel,0.0613290794460398
ch2_mean ch2_rms angle_max_abs_vel,0.06121867881150182
ch2_mean ch2_std angle_max_abs_vel,0.06121867873551936
ch1_meanfreq ch2_min angle_std,0.06104193103466443
ch1_p2p ch2_min angle_mean,0.06093759795740031
ch1_p2p ch1_zcr ch2_energy,0.06082356575631448
ch1_zcr angle_min angle_max_abs_vel,0.06078605271497203
ch1_max angle_max height,0.06077724199628115
ch1_skew ch2_std angle_max_abs_vel,0.06060350642136049
ch1_skew ch2_rms angle_max_abs_vel,0.06060350578317644
ch2_mean ch2_kurt angle_max,0.06045493650505651
angle_p2p angle_max_abs_vel,-0.06029000475328189
ch2_kurt angle_min weight,0.060284860674939766
ch1_min ch2_kurt ch2_meanfreq,0.060124958707771736
angle_max angle_max_abs_vel,0.05997698431469664
ch1_min ch1_energy ch1_kurt,0.0599279359537212
ch2_p2p age^2,0.059832698492266245
ch1_p2p ch2_energy^2,0.05977066014485943
ch1_max ch2_energy height,0.059763793198530424
ch2_max age height,0.05976285681369922
ch1_zcr ch2_min ch2_zcr,0.05971778494805263
ch2_p2p ch2_meanfreq angle_max,-0.05971526433122473
ch2_peakfreq angle_mean set_type,-0.0596587538883212
ch1_skew ch2_p2p,-0.05959869764543632
ch1_max ch2_peakfreq angle_max_abs_vel,0.059513160478163546
ch2_zcr ch2_meanfreq set_type,0.059452604113552465
ch2_energy ch2_meanfreq hand_length,-0.05937257294288001
ch2_rms ch2_meanfreq ch2_peakfreq,0.05934679526644772
ch2_std ch2_meanfreq ch2_peakfreq,0.059346789997189495
ch1_std ch2_meanfreq weight,-0.059334879641848026
ch1_rms ch2_meanfreq weight,-0.05933486054086151
ch2_zcr angle_min angle_max_abs_vel,0.05931176011321127
ch2_mean ch2_zcr angle_max_abs_vel,-0.059305323383626485
angle_p2p weight set_type,-0.059181000266813
ch2_max angle_p2p angle_max_abs_vel,0.0591173351928877
ch1_peakfreq ch2_max age,0.059076496009019985
ch2_zcr^2 angle_max_abs_vel,0.05897953799824025
ch2_kurt hand_length^2,-0.05887596379137239
ch1_min ch2_min angle_max_abs_vel,-0.05877581668363475
angle_std angle_min set_type,0.05867877230044194
ch1_min ch1_peakfreq weight,0.058585475368264694
ch2_p2p^2 set_type,0.05825370258699275
ch1_meanfreq angle_max_abs_vel age,0.058246768366609414
ch1_mean ch2_min ch2_skew,0.05823921878726884
ch2_energy angle_max_abs_vel^2,0.058205740069838696
ch1_kurt ch1_peakfreq ch2_energy,-0.058104508763150126
ch2_max angle_min weight,-0.058076880799853015
ch1_p2p ch1_energy angle_mean_abs_vel,0.05804821475677821
ch1_meanfreq ch1_peakfreq angle_max,0.05793601690234962
ch2_energy angle_max hand_length,0.05789160785642267
ch1_p2p ch2_std angle_max,-0.05781756635225221
ch1_p2p ch2_rms angle_max,-0.05781754391880047
ch1_p2p ch2_kurt angle_max_abs_vel,0.057799152173522245
ch1_rms ch1_skew,-0.05774092519325835
ch1_std ch1_skew,-0.05774091628807809
ch1_mean angle_max_abs_vel^2,0.05764799306727025
ch2_rms angle_max_abs_vel^2,0.05754244357014743
ch2_std angle_max_abs_vel^2,0.057542442876100386
ch2_max angle_p2p age,0.05749981327126388
ch1_min ch2_kurt angle_min,-0.05749363782785377
ch2_p2p ch2_energy angle_mean,0.057299942592916514
ch2_std ch2_max angle_std,0.05727266757517051
ch2_max ch2_rms angle_std,0.057272664365641046
ch2_p2p ch2_energy angle_min,-0.05725796859805157
ch1_peakfreq angle_max_abs_vel exercise,0.057215803859059125
ch2_p2p angle_max_abs_vel age,0.05717492925086316
ch1_min ch1_p2p ch1_meanfreq,-0.05709755894930302
ch2_min^2 age,-0.057090623371326366
angle_std angle_max_abs_vel height,-0.05703904744979807
ch2_max angle_max hand_length,0.057002209630149236
ch2_max ch2_p2p angle_mean,0.056985988837370535
ch2_min angle_min angle_max_abs_vel,0.056955653784746256
ch1_energy^2 weight,-0.05690745285392307
ch2_min angle_max_abs_vel hand_length,-0.05687374762608907
ch2_std ch2_min angle_max,0.05673173324776962
ch2_min ch2_rms angle_max,0.056731713315977095
ch1_kurt ch2_min angle_max_abs_vel,-0.05672031516156333
angle_mean set_type^2,-0.05670319109642498
angle_mean exercise^2,-0.05670319109642498
angle_mean,-0.0567031910964193
ch1_max ch2_kurt angle_mean,-0.056663463422911675
ch1_p2p ch1_zcr ch1_meanfreq,0.05657285761021438
ch1_meanfreq ch2_min angle_max_abs_vel,-0.05654703328364431
ch1_mean ch2_max angle_max_abs_vel,-0.056415152615406944
ch1_peakfreq ch2_zcr set_type,-0.056319618284439044
ch1_p2p^2 ch2_kurt,0.05630423722023409
ch2_energy ch2_peakfreq angle_min,0.056300909756582695
ch1_peakfreq ch2_p2p angle_std,0.056299225044542434
angle_max angle_max_abs_vel age,-0.05623580747032518
ch1_peakfreq ch2_std ch2_max,-0.056105987242893174
ch1_peakfreq ch2_max ch2_rms,-0.05610597700866682
angle_mean angle_max exercise,-0.05602981050734278
ch1_std ch1_energy angle_max,0.05583491552333267
ch1_rms ch1_energy angle_max,0.05583489483915377
ch1_min ch1_energy ch2_energy,-0.05569457134117223
ch1_energy ch1_skew hand_length,-0.05567324770145382
ch2_mean angle_max_abs_vel,0.05564610350258954
ch1_kurt ch2_p2p angle_p2p,-0.05551102407937568
ch2_std angle_mean_abs_vel^2,0.055155203452961765
ch2_rms angle_mean_abs_vel^2,0.05515519665929608
ch1_meanfreq ch2_energy angle_max_abs_vel,0.05513637418897491
ch1_skew angle_max_abs_vel exercise,0.0551177449415477
ch2_std angle_max_abs_vel hand_length,0.05487083837722054
ch2_rms angle_max_abs_vel hand_length,0.05487083506734289
ch1_min ch1_kurt angle_mean,0.05467499592161229
ch1_kurt ch1_peakfreq angle_mean_abs_vel,-0.05465896562109329
ch2_max ch2_zcr ch2_meanfreq,0.054290470555412196
ch2_peakfreq angle_max_abs_vel exercise,0.05416522977136198
ch2_max angle_max,-0.05414532311069381
ch1_min ch2_min angle_max,0.053574069585072215
ch1_mean ch1_zcr ch2_min,-0.0532003062983345
ch2_max ch2_energy angle_max_abs_vel,0.052835650664700695
ch2_kurt angle_mean angle_mean_abs_vel,0.05269417558068723
ch2_peakfreq angle_max_abs_vel height,0.05265314385334269
ch2_zcr angle_mean_abs_vel weight,-0.05259832711578438
ch1_p2p angle_max_abs_vel hand_length,0.0525098253452832
ch1_mean angle_max_abs_vel age,-0.05249874355789886
ch2_meanfreq angle_max_abs_vel exercise,0.05244727399966742
ch1_skew ch2_skew angle_max_abs_vel,-0.05243086918474561
ch1_p2p ch2_skew angle_max_abs_vel,-0.05228056445253003
ch1_kurt ch2_meanfreq hand_length,0.05227419066506267
ch2_mean angle_std hand_length,-0.052193488292495316
angle_min angle_p2p hand_length,-0.05198549114886558
ch1_peakfreq angle_mean_abs_vel exercise,0.051913686893646394
ch2_max^2 angle_std,0.051816553847252964
ch1_p2p ch1_skew ch1_peakfreq,-0.05172660571507928
ch1_energy ch1_peakfreq ch2_zcr,-0.05165275724695684
ch2_zcr angle_max_abs_vel set_type,-0.05162358581435761
ch2_meanfreq ch2_peakfreq angle_max_abs_vel,-0.05156224712532605
ch1_min ch2_kurt exercise,0.05148620078181909
angle_mean_abs_vel angle_max_abs_vel hand_length,0.051357287881494997
ch1_mean angle_mean angle_min,0.0513159240367817
ch2_max ch2_rms angle_max,0.05127687230653459
ch2_std ch2_max angle_max,0.051276863971340236
angle_mean angle_p2p set_type,-0.05125925469166892
ch1_skew ch2_energy angle_max_abs_vel,0.051117797127402775
ch2_peakfreq angle_max_abs_vel,0.05110517025872219
ch2_peakfreq angle_max_abs_vel weight,0.05104555332397373
ch1_zcr ch2_min angle_max_abs_vel,-0.050975996181294086
ch1_zcr age set_type,-0.05094230032368871
ch1_max height hand_length,0.05092548210485259
ch2_mean ch2_meanfreq,-0.05088363524805073
ch2_mean angle_max,0.050877051745096324
ch2_meanfreq angle_max_abs_vel set_type,0.05069538688140107
ch2_max ch2_peakfreq angle_max_abs_vel,0.05055328241143427
ch1_std ch2_energy angle_max_abs_vel,-0.050463189957319986
ch1_rms ch2_energy angle_max_abs_vel,-0.05046318993858441
ch1_skew ch2_p2p angle_std,-0.05037837317305828
ch2_rms ch2_p2p angle_min,0.05033867634654475
ch2_std ch2_p2p angle_min,0.050338659710680106
ch2_min angle_min height,0.050277976580573175
ch2_p2p ch2_kurt exercise,-0.05019211685021745
angle_min angle_max_abs_vel exercise,0.05003692851085009
ch1_min ch1_zcr ch2_rms,0.04996623923421589
ch1_min ch1_zcr ch2_std,0.04996622760895969
ch1_min ch2_max angle_std,-0.049963247375245934
ch1_mean ch2_max angle_std,0.049928744899369604
ch1_peakfreq ch2_meanfreq angle_mean_abs_vel,-0.04985852641542543
ch1_peakfreq angle_min angle_mean_abs_vel,0.04977360031724226
ch1_zcr ch1_peakfreq ch2_zcr,-0.04974315117692665
ch2_p2p ch2_zcr angle_mean,0.049734613006291395
ch1_zcr angle_max_abs_vel set_type,0.049578577578360594
ch2_peakfreq angle_mean,-0.04956322634728899
ch2_energy angle_max angle_max_abs_vel,0.04953210774644426
ch2_min exercise,-0.049483001348564176
ch1_kurt ch2_min,-0.04943713551835821
ch2_min angle_std age,-0.049427422225628376
ch1_meanfreq ch2_std angle_mean,-0.049263099974674096
ch1_meanfreq ch2_rms angle_mean,-0.04926306983622106
ch1_peakfreq^2 angle_mean,0.0490834281637032
ch1_p2p angle_max_abs_vel weight,0.049045911637134204
angle_min angle_max_abs_vel set_type,0.04895623843618785
ch1_peakfreq angle_min angle_max_abs_vel,-0.04890594505309524
ch1_zcr hand_length exercise,-0.04880977060992203
ch1_min ch2_min angle_mean_abs_vel,-0.04875692895715428
angle_mean hand_length^2,-0.04870582019078096
ch2_p2p angle_mean_abs_vel age,-0.04869190341163118
angle_max angle_max_abs_vel set_type,0.04858290033652335
ch1_min^2 ch2_mean,-0.04855161550877235
ch1_skew angle_std angle_max,0.04821596429892454
ch1_zcr angle_max hand_length,0.04815028486191514
ch1_min ch2_kurt angle_max_abs_vel,0.04806540933849403
ch1_mean ch1_meanfreq height,-0.04792132894982304
ch1_mean angle_mean_abs_vel set_type,0.047898946094839134
ch1_p2p ch1_skew angle_max_abs_vel,0.0478720943645454
ch1_kurt angle_max angle_max_abs_vel,0.04753170198918924
ch2_kurt angle_std weight,0.047484779141252764
ch2_mean ch2_kurt angle_mean,0.04727691028126821
ch1_skew ch2_mean ch2_max,-0.04723441201333867
ch1_zcr angle_max_abs_vel exercise,-0.047203022285876445
ch2_kurt angle_mean_abs_vel age,-0.04719927881577751
ch1_min ch2_std age,0.04717141817940315
ch1_min ch2_rms age,0.047171416976210634
ch1_std^2 exercise,-0.04698276886560493
ch1_std ch1_rms exercise,-0.04698275652806411
ch1_rms^2 exercise,-0.04698274419052534
ch2_zcr angle_max_abs_vel exercise,-0.04696865803449945
angle_mean angle_min hand_length,-0.04682521748908641
ch1_energy ch2_min set_type,0.04675581683453628
ch1_meanfreq ch1_peakfreq weight,0.0465449869144714
angle_p2p^2 exercise,-0.04651723872172209
ch2_mean ch2_std ch2_skew,0.04648849706473707
ch2_mean ch2_rms ch2_skew,0.04648848283029605
ch1_peakfreq ch2_max set_type,0.04637172669671147
ch1_min ch2_max age,-0.04617765382562422
ch1_skew ch2_p2p height,0.04617253881225958
ch1_mean ch1_zcr height,0.04565372469056023
ch1_mean ch2_meanfreq angle_min,0.045643727864723704
ch1_energy ch2_p2p,0.045627428960091976
ch1_mean ch1_energy angle_max_abs_vel,0.04555361424897464
ch1_meanfreq angle_max angle_max_abs_vel,-0.045539441146343035
angle_mean_abs_vel^2 height,0.045370372121484814
ch1_mean ch2_peakfreq set_type,0.045360451873156446
angle_mean angle_min^2,-0.045328300567374386
ch1_energy ch1_skew weight,0.0452502912769657
ch2_max^2 angle_max,0.045145661253237865
angle_std angle_min age,0.044993108186780345
ch1_kurt ch1_meanfreq age,0.04497720695424193
angle_min^2 angle_max_abs_vel,-0.044950107071992526
ch2_zcr height^2,0.044882272167481224
ch2_skew ch2_meanfreq age,0.0448372457209221
ch2_energy ch2_kurt angle_p2p,-0.04473119325299588
ch1_mean ch1_kurt angle_min,-0.044427482588423634
ch1_mean ch2_p2p set_type,-0.04442214347818038
ch1_zcr ch1_skew age,-0.04425252497471782
ch1_min ch2_meanfreq age,-0.04421588549901753
ch2_zcr angle_std hand_length,0.04416797674146883
ch1_zcr weight set_type,0.043879739902302234
ch2_zcr angle_p2p hand_length,0.04368878370117202
ch2_max weight^2,-0.04355666070363012
ch2_min^2 ch2_peakfreq,-0.04350261534968025
ch1_std ch1_min ch2_p2p,-0.04303983772381362
ch1_min ch1_rms ch2_p2p,-0.04303982207313528
ch1_meanfreq ch2_p2p age,-0.042968588659876183
ch2_peakfreq angle_max weight,-0.04295455705284179
ch1_peakfreq ch2_meanfreq ch2_peakfreq,-0.042919196949746
ch1_max angle_max_abs_vel^2,-0.04286826238259267
ch1_p2p^2 height,0.04286545024249777
ch1_rms ch2_std age,0.042777552906187566
ch1_rms ch2_rms age,0.042777550724093616
ch1_std ch2_std age,0.04277754324696664
ch1_std ch2_rms age,0.04277754106487319
ch2_std angle_max_abs_vel,-0.0426748721168778
ch2_rms angle_max_abs_vel,-0.042674871233888245
ch2_rms angle_mean_abs_vel angle_max_abs_vel,0.042573111307408894
ch2_std angle_mean_abs_vel angle_max_abs_vel,0.042573111072645185
ch1_std ch1_skew ch2_max,0.04254504751010513
ch1_rms ch1_skew ch2_max,0.04254503857757569
ch1_kurt ch2_meanfreq angle_max_abs_vel,0.042445244597410864
angle_max_abs_vel hand_length^2,0.04241501677105919
ch2_peakfreq angle_min^2,-0.042302608840163236
ch2_skew ch2_kurt angle_p2p,0.042164960083900915
ch2_mean angle_max_abs_vel exercise,0.04215895350247048
ch1_mean angle_mean_abs_vel weight,-0.042128526335370495
ch1_max angle_p2p angle_max_abs_vel,0.04209415320541207
ch1_std ch2_meanfreq set_type,-0.04196836563567202
ch1_rms ch2_meanfreq set_type,-0.04196836336044257
ch1_skew ch2_zcr ch2_meanfreq,-0.04195309891012167
ch1_energy angle_mean angle_p2p,0.04190110121447621
ch1_kurt ch2_mean angle_max,-0.041876526993209984
ch1_mean ch2_p2p ch2_skew,0.04186549305756149
ch1_energy ch1_skew angle_min,0.041823083526956045
ch2_peakfreq angle_max,-0.04175479194921772
angle_min angle_max_abs_vel age,-0.041753567188909976
ch1_energy ch2_mean angle_min,0.04161889672972302
ch1_mean ch2_max ch2_peakfreq,0.04157593371715197
ch1_meanfreq ch2_p2p angle_max,0.04153527310437699
ch1_peakfreq angle_max_abs_vel^2,0.041418644640721314
ch1_mean ch2_p2p ch2_energy,0.0413911120308918
ch1_zcr ch2_energy height,0.04129607032910976
angle_std angle_p2p exercise,0.04126771897936221
ch1_meanfreq ch2_p2p angle_min,0.04115438641700289
ch2_zcr angle_max set_type,-0.041104433785475014
angle_mean^2 hand_length,-0.04109856682751345
ch2_peakfreq angle_p2p,-0.0410158241770156
ch1_peakfreq ch2_std angle_std,0.04100074350000782
ch1_peakfreq ch2_rms angle_std,0.04100071184111398
angle_max_abs_vel exercise set_type,-0.04093025925935073
ch2_zcr ch2_meanfreq angle_p2p,0.04088172334289769
ch1_max ch2_max angle_max_abs_vel,0.04087039277910497
ch1_max angle_mean_abs_vel weight,-0.0408295794589032
ch1_p2p ch2_rms angle_min,0.04076920634517784
ch1_p2p ch2_std angle_min,0.04076917778398744
ch1_skew ch2_meanfreq angle_max_abs_vel,-0.04070553607640748
ch1_mean ch2_skew angle_max_abs_vel,0.04064292565951512
ch2_max ch2_p2p angle_max_abs_vel,-0.040482223848366534
angle_p2p angle_mean_abs_vel age,0.04031928057707351
ch1_p2p angle_max_abs_vel height,-0.040270180012098644
ch1_mean ch1_p2p ch1_zcr,-0.04019426022947992
ch1_kurt angle_mean hand_length,0.040119355585768735
ch2_p2p ch2_energy weight,0.04011265754097432
ch1_p2p ch1_kurt ch2_zcr,0.04009148112930527
ch1_p2p angle_std age,0.03997984921846265
ch1_max ch2_p2p ch2_peakfreq,0.03995838752748415
ch2_kurt^2 angle_max,0.03991574037459433
ch1_p2p height weight,-0.03972828972946091
ch1_mean ch2_energy ch2_peakfreq,0.039679853821411704
ch1_energy ch2_mean height,0.03966340707111746
ch1_energy ch1_peakfreq exercise,-0.03945231693855822
ch2_rms ch2_kurt angle_max_abs_vel,0.039357446616178654
ch2_std ch2_kurt angle_max_abs_vel,0.03935744473185378
ch1_mean ch2_peakfreq angle_mean_abs_vel,-0.03924726986888444
ch1_max ch2_min ch2_energy,-0.03902552013072022
ch1_p2p ch2_rms age,-0.03883573039568161
ch1_p2p ch2_std age,-0.038835727674279286
ch2_meanfreq angle_min angle_max_abs_vel,-0.03877494413323265
ch1_p2p ch2_max set_type,0.03870881806450599
ch1_zcr ch2_max,-0.03864513634400929
ch1_min ch2_min ch2_peakfreq,0.03858430228878207
ch1_mean height set_type,-0.03856736754240109
ch1_meanfreq ch2_peakfreq angle_mean_abs_vel,-0.038547303557581625
ch2_meanfreq angle_p2p exercise,0.03843695030879424
ch2_max ch2_meanfreq hand_length,0.03831465759830921
ch1_skew ch2_max weight,-0.03825619541763023
ch2_min ch2_zcr angle_max_abs_vel,0.03819348124817011
angle_mean height weight,-0.03814541285582834
ch1_p2p ch2_min weight,-0.038139496451125354
ch2_zcr^2,-0.038108550745496905
ch1_mean ch1_peakfreq ch2_rms,0.03795125593491669
ch1_mean ch1_peakfreq ch2_std,0.03795125386573206
ch1_p2p angle_mean_abs_vel age,0.037890715357547844
ch1_zcr ch2_rms ch2_zcr,0.037792791204985965
ch1_zcr ch2_std ch2_zcr,0.03779278764648908
ch1_peakfreq ch2_min angle_max_abs_vel,-0.03754368737121472
ch2_meanfreq ch2_peakfreq weight,-0.03739497411273007
ch2_zcr age weight,-0.037306681866529856
ch1_p2p ch2_std ch2_max,-0.03728026288393199
ch1_p2p ch2_max ch2_rms,-0.03728025462919471
ch2_energy angle_max_abs_vel exercise,-0.0370656352568632
ch1_std ch1_kurt height,0.037027812365694523
ch1_rms ch1_kurt height,0.03702779355987851
ch2_max ch2_kurt angle_p2p,-0.03698358788327621
ch2_energy ch2_kurt angle_max_abs_vel,0.036948616037587825
ch2_peakfreq angle_min,-0.0369137676402061
ch1_skew ch1_kurt ch2_peakfreq,-0.03687035010502232
ch2_std ch2_peakfreq angle_min,0.036763166749775714
ch2_rms ch2_peakfreq angle_min,0.03676316583424695
angle_max_abs_vel hand_length,0.036715147578840646
ch2_meanfreq exercise,-0.03638684780517576
ch1_zcr ch1_meanfreq ch2_zcr,-0.03638375994385851
ch2_max^2 exercise,-0.036324735992685236
ch2_peakfreq weight exercise,-0.03629100670619201
ch2_min angle_mean angle_max_abs_vel,0.03603906727105659
ch1_skew ch2_peakfreq angle_max_abs_vel,-0.0359917623849704
ch1_max ch1_kurt ch2_std,0.03594581518860413
ch1_max ch1_kurt ch2_rms,0.03594578523029211
ch1_min ch2_skew angle_max_abs_vel,0.035687998630267864
angle_mean angle_max_abs_vel exercise,0.03560838084324669
ch2_zcr ch2_skew angle_std,0.03553824351170834
ch1_skew angle_p2p angle_max_abs_vel,0.03552059190063195
ch1_mean ch2_p2p weight,0.035383920302525323
ch1_skew angle_mean angle_std,0.03538277370929044
ch1_p2p ch1_skew ch1_meanfreq,-0.035287983456754324
ch2_mean ch2_energy angle_max_abs_vel,0.035268410471883754
ch1_skew ch2_peakfreq angle_min,-0.0349945813411876
ch1_peakfreq ch2_rms angle_max_abs_vel,0.034671422877378066
ch1_peakfreq ch2_std angle_max_abs_vel,0.0346714210390211
ch2_kurt weight hand_length,-0.034595241035377935
ch1_p2p ch1_zcr angle_max,-0.03444057601267583
ch1_rms ch1_skew angle_min,-0.0343945317445586
ch1_std ch1_skew angle_min,-0.03439452705388328
ch2_energy hand_length exercise,-0.034373166521598275
angle_mean angle_min angle_max_abs_vel,-0.034324294771707814
ch2_skew angle_max_abs_vel^2,0.03421303878465777
ch1_meanfreq ch2_p2p,0.03417232741177012
ch1_p2p ch2_meanfreq angle_p2p,-0.03396098309465073
ch1_meanfreq ch2_p2p hand_length,0.033916394864625055
ch2_max ch2_kurt angle_mean_abs_vel,0.03385150769392464
ch2_p2p ch2_meanfreq angle_min,0.03369696960144222
angle_std angle_max_abs_vel age,-0.033660012154957134
ch2_energy ch2_meanfreq angle_max_abs_vel,0.03358355678657829
ch1_zcr angle_max angle_max_abs_vel,0.03350869336786508
ch1_peakfreq ch2_meanfreq angle_max_abs_vel,-0.03343970891261372
ch1_min ch1_skew ch2_skew,0.033430810682317846
ch2_energy ch2_peakfreq angle_max,0.03330837317119481
ch1_p2p angle_max_abs_vel^2,-0.03328683906307034
angle_mean angle_max hand_length,0.03322618005415001
ch2_mean^2 ch2_p2p,-0.0331182378295336
ch1_peakfreq ch2_energy angle_p2p,-0.0329559603051936
ch2_mean angle_max_abs_vel^2,-0.032855462702952754
ch1_p2p weight exercise,0.032714436658407675
ch1_skew ch2_kurt ch2_peakfreq,-0.03268167417297638
angle_std angle_max_abs_vel weight,-0.032502884955904365
ch2_peakfreq angle_max_abs_vel age,0.0323896692843644
ch2_mean ch2_rms angle_mean,0.03237271365729444
ch2_mean ch2_std angle_mean,0.032372696959920955
ch1_zcr ch1_skew angle_max_abs_vel,-0.032220794772615566
ch2_max angle_mean angle_p2p,-0.03207353933525186
ch1_p2p ch2_min angle_max,-0.0320473212638972
ch2_max ch2_rms^2,0.0320255686847608
ch2_std ch2_max ch2_rms,0.03202556610786212
ch2_std^2 ch2_max,0.03202556353096374
ch1_skew ch1_kurt angle_max,-0.0319573030724814
ch2_mean ch2_min set_type,0.031868818216768124
ch1_std ch2_skew ch2_kurt,0.03186054489611795
ch1_rms ch2_skew ch2_kurt,0.03186054021834317
angle_mean angle_max_abs_vel set_type,0.031717766295204286
ch1_energy ch1_meanfreq ch2_p2p,-0.031633618429395494
ch1_kurt ch2_energy set_type,-0.031601485842831845
ch1_kurt ch2_rms weight,-0.031533076856350956
ch1_kurt ch2_std weight,-0.031533071827597556
ch2_mean angle_mean angle_max_abs_vel,-0.03143658682696332
ch1_skew ch2_rms angle_std,-0.031427242923028675
ch1_skew ch2_std angle_std,-0.03142723392115532
ch2_p2p ch2_zcr angle_max_abs_vel,-0.031006904657733522
ch1_p2p ch2_skew ch2_kurt,-0.0308880598727308
ch1_p2p ch2_energy angle_max_abs_vel,0.030821798881649348
ch2_mean ch2_min angle_max,0.030792849325556843
ch2_kurt angle_min angle_mean_abs_vel,-0.030601693702789895
ch1_max ch2_min angle_min,0.0301541588844616
ch1_energy ch1_meanfreq angle_mean_abs_vel,-0.029943975750065147
ch1_skew angle_std angle_max_abs_vel,-0.029839394237317574
ch2_energy angle_mean angle_max_abs_vel,0.029837282723600755
ch1_p2p ch2_energy hand_length,0.02979810380839293
ch2_p2p ch2_energy exercise,0.029705009033095642
ch1_kurt ch2_mean angle_max_abs_vel,0.029659798910615653
ch1_mean^2 ch2_rms,0.029409793630548464
ch1_mean^2 ch2_std,0.029409784484297763
ch1_min ch2_rms weight,-0.029405936998405824
ch1_min ch2_std weight,-0.02940593576023663
ch2_energy angle_mean_abs_vel angle_max_abs_vel,0.029355971755642786
ch2_max ch2_rms angle_min,0.029315119806115293
ch2_std ch2_max angle_min,0.029315110137784192
ch2_peakfreq angle_mean weight,-0.029312306327645143
ch1_kurt ch2_std angle_max_abs_vel,0.02921424065844959
ch1_kurt ch2_rms angle_max_abs_vel,0.029214240637496787
ch1_energy ch2_min ch2_kurt,0.029199427864205374
ch2_energy angle_min angle_max_abs_vel,0.028962376136012838
ch2_meanfreq^2 set_type,-0.028713242090963487
ch2_energy ch2_meanfreq ch2_peakfreq,0.028664839333968822
ch1_min ch2_energy angle_max_abs_vel,0.02861896171236565
ch2_mean angle_max angle_max_abs_vel,-0.02859728318120975
ch2_energy angle_max_abs_vel age,0.028594754841934467
ch1_skew ch1_kurt angle_max_abs_vel,-0.028483057504994552
ch2_min ch2_p2p age,0.028428982726428825
ch2_max weight hand_length,-0.028312522598501366
ch1_min ch1_peakfreq angle_std,-0.02822318300408344
ch1_max ch2_rms age,-0.028142679728687142
ch1_max ch2_std age,-0.028142673093386444
ch1_skew ch2_skew angle_max,-0.028084514685217526
angle_std angle_p2p height,-0.028046158066013294
ch2_energy angle_mean_abs_vel age,0.028039458646848647
ch1_mean ch2_mean angle_mean_abs_vel,-0.028012556943333822
ch1_skew ch2_max angle_max_abs_vel,-0.02800806085589616
ch1_min ch2_mean ch2_skew,0.027943896759751508
ch1_meanfreq ch2_skew angle_p2p,-0.027876300426741385
ch2_rms ch2_p2p ch2_zcr,0.027804946152700794
ch2_std ch2_p2p ch2_zcr,0.027804923023846906
ch2_mean ch2_energy exercise,0.027757904935343636
ch2_std ch2_min hand_length,0.02769268272600421
ch2_min ch2_rms hand_length,0.027692674156744507
ch2_p2p exercise,0.027617109471876566
angle_mean angle_min angle_max,0.02739967673078758
ch1_min ch1_rms ch2_max,0.027337532549113197
ch1_std ch1_min ch2_max,0.02733751452155686
ch1_kurt ch2_p2p weight,0.02721074361912139
ch2_p2p ch2_peakfreq angle_max_abs_vel,0.027202364138518384
ch1_max ch2_p2p ch2_energy,-0.027125267124195607
ch1_meanfreq ch2_peakfreq age,-0.027041200152938982
ch1_mean ch2_meanfreq angle_mean,-0.027036931527818636
ch1_p2p ch2_max angle_max_abs_vel,-0.02695052047395655
ch1_mean ch2_energy angle_max_abs_vel,-0.026945631208729004
ch1_min ch1_p2p angle_std,-0.026929819798930166
ch2_energy age height,-0.026676575250632883
ch1_min ch2_mean angle_max_abs_vel,-0.02656390374145426
ch2_skew angle_std angle_p2p,0.026526262139107193
ch1_meanfreq ch1_peakfreq angle_min,0.02641937986752274
angle_mean^2 angle_max_abs_vel,-0.026375452928491305
ch2_zcr angle_p2p^2,-0.026180399100947938
ch1_p2p ch2_std set_type,-0.02597006531946046
ch1_p2p ch2_rms set_type,-0.02597005046562191
ch1_p2p ch2_rms ch2_p2p,0.02560003584365457
ch1_p2p ch2_std ch2_p2p,0.02560002518129867
ch1_p2p ch2_peakfreq angle_max_abs_vel,-0.02554641461171256
ch1_zcr angle_max_abs_vel,0.02531524801969487
ch1_zcr angle_mean_abs_vel weight,0.025303868303717364
ch1_p2p angle_min age,-0.0253014952394853
ch1_zcr^2 ch2_zcr,0.025286914303263006
ch1_meanfreq ch2_mean ch2_energy,0.025283850806204655
ch2_meanfreq angle_mean angle_max_abs_vel,-0.025239355609966346
ch1_zcr ch2_p2p height,-0.02522265783727154
ch1_p2p ch2_kurt hand_length,-0.025175708740808544
age weight exercise,-0.025100234241859948
ch2_kurt angle_p2p hand_length,-0.025094389373274906
ch1_max angle_mean_abs_vel height,-0.02500749982171535
ch1_energy ch2_mean angle_max_abs_vel,-0.02482060959246274
ch1_skew angle_std,0.024779577071650516
ch1_max ch1_min height,-0.024768460176252505
ch2_min angle_max angle_max_abs_vel,0.024683025065535366
ch2_max ch2_p2p angle_p2p,-0.024596994465633557
ch1_p2p ch2_zcr ch2_kurt,0.02448511381058227
ch2_meanfreq ch2_peakfreq,-0.024243643596020104
ch1_max ch2_rms ch2_energy,0.024181600005073633
ch1_max ch2_std ch2_energy,0.02418158974163437
ch2_max angle_max angle_p2p,-0.02395723345165013
ch2_kurt ch2_peakfreq exercise,-0.02376835497636376
ch2_p2p^2 angle_max_abs_vel,-0.0232200566886478
ch1_max ch1_rms angle_mean_abs_vel,-0.023019245343468026
ch1_std ch1_max angle_mean_abs_vel,-0.02301921407901278
ch1_meanfreq ch2_meanfreq angle_max_abs_vel,-0.022905463037677543
ch1_mean ch1_zcr ch1_peakfreq,0.022725303297678023
ch1_mean ch2_skew ch2_kurt,0.022651846106426565
ch1_kurt ch2_mean angle_mean,0.022524487224181267
ch1_mean ch1_zcr ch1_meanfreq,0.022428488064273083
ch1_kurt angle_max hand_length,0.022349643590321544
angle_p2p angle_max_abs_vel set_type,0.02232872615291543
ch1_min angle_max_abs_vel^2,0.022305962898615528
angle_min age height,-0.022148827102084545
ch1_meanfreq^2 angle_max,-0.02214606375025807
ch1_kurt ch2_energy angle_max_abs_vel,0.02209885394194873
ch1_meanfreq ch2_p2p angle_p2p,0.022049627487981116
ch1_min ch1_p2p ch2_energy,0.02187313568441479
ch1_zcr ch1_meanfreq hand_length,0.021832251817834825
ch1_skew angle_std exercise,-0.021754514760098875
ch1_zcr ch2_meanfreq angle_max_abs_vel,0.021553428211272485
ch1_std ch1_energy ch2_p2p,0.021433832727732638
ch1_rms ch1_energy ch2_p2p,0.021433819514359465
ch2_max ch2_zcr age,0.021399791396543494
ch1_zcr ch2_max set_type,0.021205318506527238
ch1_zcr ch1_meanfreq ch1_peakfreq,0.02120334208112981
ch1_kurt ch1_meanfreq,0.021197771718498903
ch1_energy ch1_peakfreq ch2_std,-0.02116550361489522
ch1_energy ch1_peakfreq ch2_rms,-0.02116549813218227
ch2_peakfreq angle_mean_abs_vel weight,0.020820319897547734
ch1_max angle_mean,-0.020720929561352186
angle_std age^2,-0.02056725265284201
ch2_mean angle_max_abs_vel hand_length,0.020500039601425074
ch2_zcr angle_mean angle_std,0.020412964903138042
ch1_energy ch2_mean ch2_kurt,0.02039500879915236
ch1_energy ch1_peakfreq ch2_energy,0.020346392049044426
ch1_p2p ch1_kurt hand_length,0.019870417758257874
ch2_peakfreq angle_max set_type,0.019797455914805556
ch1_zcr ch2_mean angle_max_abs_vel,0.0197109520421877
ch2_skew angle_max_abs_vel height,-0.01967612636100116
ch2_max ch2_skew weight,-0.019588506512572518
ch1_p2p ch2_energy height,-0.01957421290550608
ch1_meanfreq ch1_peakfreq ch2_mean,0.01957147382148905
ch2_mean ch2_energy angle_min,-0.019517790801005547
ch1_p2p ch2_max ch2_min,0.019449341917846058
ch1_energy ch2_mean hand_length,0.01942234547481711
ch1_max ch1_zcr^2,0.019417294702297583
ch1_rms angle_p2p weight,0.01940056917370353
ch1_std angle_p2p weight,0.01940055408182964
ch1_rms ch1_skew ch1_peakfreq,0.01939501721428344
ch1_std ch1_skew ch1_peakfreq,0.019395003524534937
angle_max angle_max_abs_vel exercise,0.019236379746495058
ch2_max hand_length exercise,-0.019147583390181522
ch2_max ch2_zcr angle_max_abs_vel,-0.019124898442220505
ch2_mean ch2_kurt exercise,0.019068520727406557
ch1_zcr ch1_meanfreq^2,0.0189100428181343
ch2_p2p ch2_zcr ch2_skew,0.018842496354911656
ch1_mean ch1_min^2,-0.01844249218548502
ch2_peakfreq age height,0.01838098696406537
ch1_p2p ch2_kurt set_type,-0.01830169644938695
ch2_min age exercise,-0.01823892189637802
ch2_min age,0.01821665673592815
ch1_skew ch2_zcr,0.0180568260368984
ch2_min angle_mean^2,0.017951852612729635
angle_max^2 angle_max_abs_vel,0.017826527152702526
ch1_meanfreq ch2_energy angle_mean,-0.017586288268192946
ch1_max ch2_kurt weight,-0.017343748356400734
ch2_kurt^2 angle_min,0.017230723820554017
ch2_max ch2_min ch2_p2p,-0.01721206680546819
ch1_min ch2_rms angle_max,-0.01719988938954989
ch1_min ch2_std angle_max,-0.017199873746168715
ch1_min ch1_skew ch2_min,-0.01700025601280502
angle_min^2 hand_length,0.01692339612226046
ch1_max ch1_zcr angle_mean_abs_vel,-0.01678929900670134
ch2_skew ch2_meanfreq angle_max_abs_vel,-0.01673368733777887
ch1_skew ch2_zcr angle_std,0.01670004115769519
ch1_min ch2_min angle_mean,-0.016698370557538714
ch2_max^2 ch2_meanfreq,-0.01657292463859686
ch1_mean ch1_kurt ch2_skew,-0.016515240251508523
ch1_p2p ch2_std weight,-0.016480834626314056
ch1_p2p ch2_rms weight,-0.0164808327586011
ch1_skew ch2_p2p angle_max_abs_vel,-0.016397010544153823
ch2_min ch2_p2p hand_length,-0.016289722935705686
ch2_std angle_max_abs_vel age,0.01620449528892287
ch2_rms angle_max_abs_vel age,0.016204493790428737
ch1_min ch2_max ch2_p2p,0.01603105161374753
ch2_mean ch2_max angle_max_abs_vel,-0.015867699762013077
ch1_kurt angle_std angle_p2p,0.015830187569763066
ch1_p2p ch2_max ch2_meanfreq,-0.015797980548171497
ch1_peakfreq ch2_energy ch2_kurt,0.015763882780493343
ch2_zcr ch2_meanfreq,0.01574909748176634
ch1_p2p ch2_mean angle_max_abs_vel,0.015730407629737035
angle_p2p set_type^2,0.01562748239819875
angle_p2p exercise^2,0.01562748239819875
angle_p2p,0.015627482398186565
ch1_std ch1_energy angle_max_abs_vel,-0.01554394160198097
ch1_rms ch1_energy angle_max_abs_vel,-0.01554393771237736
angle_min angle_max angle_max_abs_vel,-0.015457657980261497
ch1_skew ch2_skew angle_std,0.015447661198141172
ch2_mean angle_max exercise,0.01537839744687225
ch2_mean ch2_meanfreq angle_max_abs_vel,0.015255483804171938
ch2_skew ch2_kurt angle_max_abs_vel,0.015252218841972157
ch1_min ch2_p2p weight,0.015199403784513787
ch1_p2p ch2_peakfreq age,-0.015019341740658831
ch1_energy ch1_skew angle_max,-0.014921970757775044
ch1_rms ch1_p2p angle_std,-0.014628001476160502
ch1_std ch1_p2p angle_std,-0.014627998985742408
ch1_mean angle_std height,-0.014526966251301149
ch1_std ch1_p2p weight,-0.014457400098008444
ch1_rms ch1_p2p weight,-0.014457392716730966
ch1_min ch2_p2p exercise,-0.01434409643417911
ch1_peakfreq ch2_p2p hand_length,-0.014338817877687482
ch1_meanfreq angle_mean^2,0.014271052602178771
ch1_skew ch2_meanfreq angle_std,0.014257912305769171
ch2_zcr angle_min weight,0.014241301978807831
ch1_min^2 angle_std,-0.014230834217743515
ch2_rms ch2_energy angle_max,0.014115104727038127
ch2_std ch2_energy angle_max,0.014115090717509562
ch1_kurt angle_mean,0.01409535955761726
ch1_min ch1_p2p angle_mean,0.01402164245404025
ch1_zcr ch2_energy hand_length,-0.013972316834672482
angle_p2p angle_max_abs_vel^2,0.013820100569698457
ch1_min ch1_skew angle_min,0.013812367292662164
ch1_zcr ch2_p2p hand_length,-0.013795186323983133
ch2_energy^3,-0.013787817938570313
ch2_max ch2_skew angle_max_abs_vel,-0.013526868119350485
ch1_mean ch1_zcr hand_length,-0.013498614304072523
angle_mean angle_std angle_p2p,0.013442019134927263
ch2_peakfreq angle_mean exercise,0.013238224679333555
ch2_meanfreq angle_max angle_max_abs_vel,-0.013195226343443889
ch1_max ch1_min ch2_max,-0.013065260554920272
ch1_min^2 ch1_energy,0.013055944876197767
ch2_zcr ch2_meanfreq angle_max_abs_vel,0.012769876066479377
ch1_p2p ch2_p2p exercise,0.012645760137845796
ch1_min age exercise,0.012561018177871863
ch1_mean ch2_kurt angle_std,0.012523710349721329
ch2_mean ch2_zcr height,-0.012277327718718312
ch2_mean angle_min height,-0.012086186640531904
ch2_std ch2_peakfreq angle_max,0.011856610742711812
ch2_rms ch2_peakfreq angle_max,0.011856609693159131
ch1_peakfreq angle_mean_abs_vel hand_length,0.011741501137283394
ch2_energy ch2_skew age,-0.011246664479053453
ch1_min ch2_std height,-0.011218843643052187
ch1_min ch2_rms height,-0.011218836113766603
ch1_p2p ch2_zcr height,-0.011203659725508686
ch2_rms ch2_kurt set_type,0.01105450884839465
ch2_std ch2_kurt set_type,0.011054488908894294
ch2_p2p ch2_meanfreq,-0.010891763772580526
ch1_min ch2_min set_type,0.01060226369587891
ch1_zcr ch1_meanfreq angle_min,0.010484025885547532
ch1_max ch2_skew ch2_kurt,0.010465121447835013
ch2_skew angle_max_abs_vel weight,-0.010373880133460023
ch1_energy ch2_energy angle_max_abs_vel,0.010324317625901469
angle_std height weight,0.010263381992222709
ch1_max ch2_p2p exercise,0.010214626999783538
ch2_mean ch2_min age,-0.010202668073930332
ch2_kurt angle_max weight,0.01010249878561309
ch1_mean ch2_std angle_max_abs_vel,-0.010100183146622178
ch1_mean ch2_rms angle_max_abs_vel,-0.010100180486310874
ch2_zcr^2 ch2_kurt,0.01009599229710556
angle_mean angle_max_abs_vel age,-0.009984339217888064
ch2_max^2 angle_min,0.00992972263033537
ch1_energy ch1_zcr ch2_skew,-0.009796442988176612
ch1_mean ch1_p2p ch2_std,0.009774664240808667
ch1_mean ch1_p2p ch2_rms,0.009774641107119036
ch1_p2p ch2_min angle_std,-0.00971792471074101
ch1_p2p ch2_p2p angle_max_abs_vel,-0.009591333966391714
ch1_mean ch1_zcr ch2_kurt,-0.009428267418787412
ch1_p2p ch1_energy weight,-0.009387357599728308
ch2_zcr exercise set_type,0.00913412391148416
angle_mean angle_min exercise,0.009097280316885753
ch1_max age set_type,0.008687544207153453
ch1_mean ch1_skew angle_mean,0.008594060243626522
ch2_p2p angle_min hand_length,-0.00859148997160325
ch2_peakfreq angle_std hand_length,-0.00855498513819386
ch1_energy ch1_skew angle_mean,0.008422164869536508
ch1_p2p ch2_std exercise,0.008405961420389886
ch1_p2p ch2_rms exercise,0.00840593871089513
ch2_max^2 ch2_energy,0.008265311789081603
ch1_skew ch2_skew angle_mean,-0.008262199243844998
ch1_min ch1_energy ch2_rms,0.008110338315486604
ch1_min ch1_energy ch2_std,0.008110330201970356
ch1_max ch2_min angle_max,-0.008073340169879706
ch2_max^2 ch2_zcr,-0.00796998142737132
ch2_kurt age weight,-0.007965060647356775
ch1_energy ch1_skew ch2_max,-0.007930471595872401
ch1_zcr ch1_kurt ch1_meanfreq,-0.007925330265235453
ch2_max ch2_min age,-0.0077760875380446515
ch2_min angle_max_abs_vel age,0.007736479600120014
ch1_rms ch1_meanfreq ch2_rms,-0.007575924520225041
ch1_std ch1_meanfreq ch2_rms,-0.007575915025528901
ch1_rms ch1_meanfreq ch2_std,-0.007575913512802623
ch1_std ch1_meanfreq ch2_std,-0.007575904018106261
ch1_meanfreq angle_max_abs_vel exercise,0.0072949281706876645
ch1_kurt ch2_rms angle_p2p,0.0072925524386108775
ch1_kurt ch2_std angle_p2p,0.007292548767519225
ch1_min ch1_peakfreq ch2_energy,-0.007071737492158614
ch2_max angle_mean,0.007056373542592975
ch1_peakfreq angle_max_abs_vel set_type,-0.0070492464225373475
ch1_std ch2_energy angle_mean_abs_vel,0.006963111261254595
ch1_rms ch2_energy angle_mean_abs_vel,0.006963101881909295
ch1_zcr ch2_max^2,0.006959962666678893
ch1_skew ch2_kurt,0.006952829739923172
ch2_zcr ch2_peakfreq angle_max_abs_vel,0.00683619700121809
ch1_zcr ch1_kurt hand_length,0.006811909988672538
ch2_std ch2_p2p angle_max,-0.006789708870373293
ch2_rms ch2_p2p angle_max,-0.006789693499819144
ch2_max ch2_kurt^2,-0.00672681665897748
ch1_energy ch1_peakfreq angle_mean,-0.006667418157847216
ch1_energy ch1_peakfreq angle_min,0.006603620079666639
ch1_meanfreq angle_min angle_max_abs_vel,0.006585686928857304
ch1_min ch1_skew hand_length,-0.006541124694578682
ch1_p2p ch2_min angle_max_abs_vel,-0.00652903235040617
ch1_kurt ch2_p2p angle_mean_abs_vel,0.006481408642031922
ch1_energy ch1_skew ch2_mean,0.006445207689085408
ch2_mean age exercise,-0.006333212191519708
ch1_p2p ch2_std angle_std,0.006304647655174467
ch1_p2p ch2_rms angle_std,0.006304606322685036
ch1_p2p ch1_peakfreq ch2_std,0.006198941405616054
ch1_p2p ch1_peakfreq ch2_rms,0.006198924450724674
ch2_kurt angle_max_abs_vel set_type,-0.006150143369027916
ch1_meanfreq angle_mean angle_max_abs_vel,-0.006085424180944682
ch2_min^2 angle_max_abs_vel,-0.005983512759054829
ch1_zcr angle_std,0.005928694479351487
ch2_p2p ch2_kurt ch2_meanfreq,0.0058300497390471745
ch2_min ch2_p2p angle_max_abs_vel,0.005788674716860814
ch1_max ch2_min weight,-0.005754281984037213
ch1_meanfreq ch2_energy angle_p2p,-0.00574264775299127
angle_max_abs_vel weight set_type,0.0055963443078243524
ch2_max angle_min,0.005406444283085787
ch1_peakfreq angle_mean_abs_vel height,0.005363981594668776
ch2_skew angle_mean_abs_vel^2,-0.005352949423247627
ch2_peakfreq angle_p2p angle_max_abs_vel,0.00532129745154053
ch2_zcr^2 set_type,-0.005206394856305252
ch1_max ch2_rms angle_mean_abs_vel,-0.005036065559895386
ch1_max ch2_std angle_mean_abs_vel,-0.005036029973630396
ch1_p2p ch2_mean angle_p2p,0.00501870108635509
ch1_mean ch2_rms weight,0.004921324062167165
ch1_mean ch2_std weight,0.004921315193427228
ch1_mean ch1_kurt exercise,0.004900712856828027
ch2_max ch2_min angle_max_abs_vel,0.004885503900691115
ch1_min ch2_rms angle_mean,-0.004876069830427487
ch1_min ch2_std angle_mean,-0.0048760521541412055
angle_mean angle_max_abs_vel,0.0047844190188258695
ch1_energy ch1_meanfreq ch2_energy,0.004675510379876013
ch1_skew ch2_min angle_max_abs_vel,0.0045924200026379106
ch1_p2p ch1_kurt ch1_meanfreq,-0.004532140519999325
ch2_p2p angle_max_abs_vel,0.004392775895768336
ch2_p2p angle_mean_abs_vel^2,-0.004317038324642808
angle_max_abs_vel^2 age,0.004195708431306372
angle_min angle_max hand_length,0.0041458228622212046
ch2_kurt angle_p2p angle_max_abs_vel,0.004079694148855562
ch2_min ch2_peakfreq angle_max_abs_vel,-0.004053449231542744
ch1_min ch2_p2p angle_min,0.004033463444602994
ch2_kurt^2 ch2_peakfreq,-0.004012118116579755
ch2_skew angle_p2p set_type,-0.0038601639846528035
ch1_std ch1_energy ch2_std,0.003794905888275954
ch1_std ch1_energy ch2_rms,0.0037948972307409318
ch1_rms ch1_energy ch2_std,0.003794893212011319
ch1_rms ch1_energy ch2_rms,0.0037948845544761994
ch1_mean ch2_max hand_length,-0.0037940047654453357
ch1_max ch2_mean angle_max_abs_vel,0.003686536238843706
ch1_energy ch1_meanfreq ch2_min,-0.0036494614959937666
ch1_min ch2_min hand_length,-0.0035668178729577615
ch1_mean angle_mean^2,0.0035521064092136068
angle_mean_abs_vel set_type,0.0035415450975566642
ch1_mean ch1_min weight,-0.003541102852041733
ch2_energy ch2_zcr ch2_peakfreq,0.003216596225029622
ch2_zcr ch2_peakfreq angle_std,-0.003202373391719346
ch1_energy ch2_mean angle_mean,-0.003130217349482725
age^3,-0.0030810839320357664
weight set_type,-0.003054595066605048
ch1_meanfreq ch2_rms angle_max_abs_vel,0.002939604600600332
ch1_meanfreq ch2_std angle_max_abs_vel,0.002939604589330874
angle_mean angle_max angle_max_abs_vel,-0.0029312446168623107
ch2_max ch2_zcr angle_p2p,0.002888863259678187
ch1_mean age weight,0.0028308631652990968
ch2_kurt^2 weight,-0.002767903442351227
angle_std angle_max_abs_vel,-0.002468214724287751
ch1_max ch1_p2p ch1_zcr,0.0024339324610977986
ch1_rms ch2_mean angle_max_abs_vel,0.002150440964147654
ch1_std ch2_mean angle_max_abs_vel,0.0021504368224691817
ch1_mean ch2_max weight,-0.0020811640999554015
ch2_kurt ch2_peakfreq hand_length,-0.0018795615843221203
ch2_std age hand_length,0.0018378163583463447
ch2_rms age hand_length,0.0018378108043813624
ch1_mean ch1_zcr ch2_p2p,-0.0018111326094944896
ch2_zcr ch2_meanfreq hand_length,-0.001758957195422406
ch1_zcr ch2_kurt age,-0.0017322956871819728
ch2_mean ch2_max ch2_zcr,-0.0016299390440567274
ch1_skew ch2_min set_type,0.0015792919310415598
ch1_mean angle_max_abs_vel,0.0015122364908399383
ch1_energy ch2_peakfreq set_type,0.0013881553423908954
ch2_energy angle_p2p hand_length,-0.0012486107002610547
ch2_energy angle_max_abs_vel,0.0011726548415962185
ch1_zcr angle_mean_abs_vel age,0.0010399029899858525
ch1_meanfreq ch2_p2p exercise,-0.001014936669978539
angle_mean^2 age,0.0008636364274509922
ch1_min ch2_min height,0.0008551710777995603
angle_max age height,-0.0008279461065179433
ch2_std^3,-0.0008259110275352366
ch2_std^2 ch2_rms,-0.0008259003299766199
ch2_std ch2_rms^2,-0.0008258896324185583
ch2_rms^3,-0.0008258789348608853
ch1_mean ch1_peakfreq weight,-0.0007969426905282129
ch2_max exercise,-0.0006998366565564851
ch2_rms ch2_p2p weight,0.0006121320494026916
ch2_std ch2_p2p weight,0.000612130180869086
ch1_skew ch2_peakfreq angle_mean,0.00016917056749421455
ch1_peakfreq angle_max set_type,0.00014664345435777548
ch2_mean angle_max_abs_vel weight,-8.02049442715988e-05
set_type^2,0.0
exercise^2,0.0
Intercept,1332.4525847629354
